dot,type,nodes,edges,labels,baseline,pre41_a2,pre41_a3,pre42_a2,pre42_a3,new_a2,new_a3,new_guard_fired_groups,frac_edges_block,mean_DE,pre41_total,pre42_total,new_total,new_total_z3
/ccb/salz3/kh.chao/PR_Wheeler_Graph/PR_Wheeler_Graph/data/graph/SMT_vs_RHSMT/DeBruijnG_DNA/Human_ANGPTL4_orthologues_DNA_k_3_l_2000_a_6.dot,DeBruijnG_DNA,21,74,4,22,2051,650,155,650,155,228,4,1.0000,0.2713,2701,805,383,405
/ccb/salz3/kh.chao/PR_Wheeler_Graph/PR_Wheeler_Graph/data/graph/SMT_vs_RHSMT/DeBruijnG_DNA/Human_ANGPTL4_orthologues_DNA_k_3_l_2000_a_7.dot,DeBruijnG_DNA,21,75,4,22,2106,669,157,669,157,230,4,1.0000,0.2680,2775,826,387,409
/ccb/salz3/kh.chao/PR_Wheeler_Graph/PR_Wheeler_Graph/data/graph/SMT_vs_RHSMT/DeBruijnG_DNA/Human_ANGPTL4_orthologues_DNA_k_3_l_2000_a_8.dot,DeBruijnG_DNA,21,75,4,22,2106,669,157,669,157,230,4,1.0000,0.2680,2775,826,387,409
/ccb/salz3/kh.chao/PR_Wheeler_Graph/PR_Wheeler_Graph/data/graph/SMT_vs_RHSMT/DeBruijnG_DNA/Human_ANGPTL4_orthologues_DNA_k_4_l_2000_a_6.dot,DeBruijnG_DNA,75,271,4,76,27536,9049,549,9049,549,1842,4,1.0000,0.2729,36585,9598,2391,2467
/ccb/salz3/kh.chao/PR_Wheeler_Graph/PR_Wheeler_Graph/data/graph/SMT_vs_RHSMT/DeBruijnG_DNA/Human_ANGPTL4_orthologues_DNA_k_4_l_2000_a_7.dot,DeBruijnG_DNA,76,273,4,77,27941,9187,553,9187,553,1884,4,1.0000,0.2745,37128,9740,2437,2514
/ccb/salz3/kh.chao/PR_Wheeler_Graph/PR_Wheeler_Graph/data/graph/SMT_vs_RHSMT/DeBruijnG_DNA/Human_ANGPTL4_orthologues_DNA_k_4_l_2000_a_8.dot,DeBruijnG_DNA,76,273,4,77,27941,9187,553,9187,553,1884,4,1.0000,0.2745,37128,9740,2437,2514
/ccb/salz3/kh.chao/PR_Wheeler_Graph/PR_Wheeler_Graph/data/graph/SMT_vs_RHSMT/DeBruijnG_DNA/Human_ANGPTL4_orthologues_DNA_k_5_l_2000_a_6.dot,DeBruijnG_DNA,272,955,4,273,341901,113634,1917,113634,1917,20008,4,1.0000,0.2842,455535,115551,21925,22198
/ccb/salz3/kh.chao/PR_Wheeler_Graph/PR_Wheeler_Graph/data/graph/SMT_vs_RHSMT/DeBruijnG_DNA/Human_ANGPTL4_orthologues_DNA_k_5_l_2000_a_7.dot,DeBruijnG_DNA,274,965,4,275,349135,115995,1937,115995,1937,20304,4,1.0000,0.2832,465130,117932,22241,22516
/ccb/salz3/kh.chao/PR_Wheeler_Graph/PR_Wheeler_Graph/data/graph/SMT_vs_RHSMT/DeBruijnG_DNA/Human_ANGPTL4_orthologues_DNA_k_5_l_2000_a_8.dot,DeBruijnG_DNA,274,972,4,275,354227,117679,1951,117679,1951,20318,4,1.0000,0.2811,471906,119630,22269,22544
/ccb/salz3/kh.chao/PR_Wheeler_Graph/PR_Wheeler_Graph/data/graph/SMT_vs_RHSMT/DeBruijnG_DNA/Human_BTBD17_orthologues_DNA_k_3_l_2000_a_6.dot,DeBruijnG_DNA,20,71,4,21,1888,597,149,597,149,214,4,1.0000,0.2672,2485,746,363,384
/ccb/salz3/kh.chao/PR_Wheeler_Graph/PR_Wheeler_Graph/data/graph/SMT_vs_RHSMT/DeBruijnG_DNA/Human_BTBD17_orthologues_DNA_k_3_l_2000_a_7.dot,DeBruijnG_DNA,20,71,4,21,1888,597,149,597,149,214,4,1.0000,0.2672,2485,746,363,384
/ccb/salz3/kh.chao/PR_Wheeler_Graph/PR_Wheeler_Graph/data/graph/SMT_vs_RHSMT/DeBruijnG_DNA/Human_BTBD17_orthologues_DNA_k_3_l_2000_a_8.dot,DeBruijnG_DNA,20,72,4,21,1940,616,151,616,151,216,4,1.0000,0.2639,2556,767,367,388
/ccb/salz3/kh.chao/PR_Wheeler_Graph/PR_Wheeler_Graph/data/graph/SMT_vs_RHSMT/DeBruijnG_DNA/Human_BTBD17_orthologues_DNA_k_4_l_2000_a_6.dot,DeBruijnG_DNA,72,267,4,73,26726,8785,541,8785,541,1728,4,1.0000,0.2658,35511,9326,2269,2342
/ccb/salz3/kh.chao/PR_Wheeler_Graph/PR_Wheeler_Graph/data/graph/SMT_vs_RHSMT/DeBruijnG_DNA/Human_BTBD17_orthologues_DNA_k_4_l_2000_a_7.dot,DeBruijnG_DNA,72,267,4,73,26726,8785,541,8785,541,1728,4,1.0000,0.2658,35511,9326,2269,2342
/ccb/salz3/kh.chao/PR_Wheeler_Graph/PR_Wheeler_Graph/data/graph/SMT_vs_RHSMT/DeBruijnG_DNA/Human_BTBD17_orthologues_DNA_k_4_l_2000_a_8.dot,DeBruijnG_DNA,73,269,4,74,27120,8926,545,8926,545,1770,4,1.0000,0.2673,36046,9471,2315,2389
/ccb/salz3/kh.chao/PR_Wheeler_Graph/PR_Wheeler_Graph/data/graph/SMT_vs_RHSMT/DeBruijnG_DNA/Human_BTBD17_orthologues_DNA_k_5_l_2000_a_6.dot,DeBruijnG_DNA,268,1006,4,269,379439,126076,2019,126076,2019,19582,4,1.0000,0.2655,505515,128095,21601,21870
/ccb/salz3/kh.chao/PR_Wheeler_Graph/PR_Wheeler_Graph/data/graph/SMT_vs_RHSMT/DeBruijnG_DNA/Human_BTBD17_orthologues_DNA_k_5_l_2000_a_7.dot,DeBruijnG_DNA,268,1008,4,269,380939,126589,2023,126589,2023,19586,4,1.0000,0.2649,507528,128612,21609,21878
/ccb/salz3/kh.chao/PR_Wheeler_Graph/PR_Wheeler_Graph/data/graph/SMT_vs_RHSMT/DeBruijnG_DNA/Human_BTBD17_orthologues_DNA_k_5_l_2000_a_8.dot,DeBruijnG_DNA,270,1022,4,271,391580,130151,2051,130151,2051,19896,4,1.0000,0.2632,521731,132202,21947,22218
/ccb/salz3/kh.chao/PR_Wheeler_Graph/PR_Wheeler_Graph/data/graph/SMT_vs_RHSMT/DeBruijnG_DNA/Human_C17orf67_orthologues_DNA_k_3_l_2000_a_6.dot,DeBruijnG_DNA,22,72,5,23,1992,564,153,564,153,215,4,0.9583,0.3529,2556,717,368,391
/ccb/salz3/kh.chao/PR_Wheeler_Graph/PR_Wheeler_Graph/data/graph/SMT_vs_RHSMT/DeBruijnG_DNA/Human_C17orf67_orthologues_DNA_k_3_l_2000_a_7.dot,DeBruijnG_DNA,22,72,5,23,1992,564,153,564,153,215,4,0.9583,0.3529,2556,717,368,391
/ccb/salz3/kh.chao/PR_Wheeler_Graph/PR_Wheeler_Graph/data/graph/SMT_vs_RHSMT/DeBruijnG_DNA/Human_C17orf67_orthologues_DNA_k_3_l_2000_a_8.dot,DeBruijnG_DNA,22,73,5,23,2047,581,155,581,155,217,4,0.9589,0.3503,2628,736,372,395
/ccb/salz3/kh.chao/PR_Wheeler_Graph/PR_Wheeler_Graph/data/graph/SMT_vs_RHSMT/DeBruijnG_DNA/Human_C17orf67_orthologues_DNA_k_4_l_2000_a_6.dot,DeBruijnG_DNA,73,244,5,74,22529,7117,497,7117,497,1608,4,0.9836,0.3808,29646,7614,2105,2179
/ccb/salz3/kh.chao/PR_Wheeler_Graph/PR_Wheeler_Graph/data/graph/SMT_vs_RHSMT/DeBruijnG_DNA/Human_C17orf67_orthologues_DNA_k_4_l_2000_a_7.dot,DeBruijnG_DNA,73,248,5,74,23281,7347,505,7347,505,1616,4,0.9839,0.3767,30628,7852,2121,2195
/ccb/salz3/kh.chao/PR_Wheeler_Graph/PR_Wheeler_Graph/data/graph/SMT_vs_RHSMT/DeBruijnG_DNA/Human_C17orf67_orthologues_DNA_k_4_l_2000_a_8.dot,DeBruijnG_DNA,74,251,5,75,23849,7526,511,7526,511,1656,4,0.9841,0.3773,31375,8037,2167,2242
/ccb/salz3/kh.chao/PR_Wheeler_Graph/PR_Wheeler_Graph/data/graph/SMT_vs_RHSMT/DeBruijnG_DNA/Human_C17orf67_orthologues_DNA_k_5_l_2000_a_6.dot,DeBruijnG_DNA,245,618,5,246,143577,47076,1245,47076,1245,15458,4,0.9919,0.4742,190653,48321,16703,16949
/ccb/salz3/kh.chao/PR_Wheeler_Graph/PR_Wheeler_Graph/data/graph/SMT_vs_RHSMT/DeBruijnG_DNA/Human_C17orf67_orthologues_DNA_k_5_l_2000_a_7.dot,DeBruijnG_DNA,249,647,5,250,157303,51678,1303,51678,1303,15976,4,0.9923,0.4656,208981,52981,17279,17529
/ccb/salz3/kh.chao/PR_Wheeler_Graph/PR_Wheeler_Graph/data/graph/SMT_vs_RHSMT/DeBruijnG_DNA/Human_C17orf67_orthologues_DNA_k_5_l_2000_a_8.dot,DeBruijnG_DNA,252,691,5,253,179583,58812,1391,58812,1391,16422,4,0.9928,0.4487,238395,60203,17813,18066
/ccb/salz3/kh.chao/PR_Wheeler_Graph/PR_Wheeler_Graph/data/graph/SMT_vs_RHSMT/DeBruijnG_DNA/Human_CEP57L1_orthologues_DNA_k_3_l_2000_a_6.dot,DeBruijnG_DNA,20,71,4,21,1890,595,149,595,149,214,4,1.0000,0.2680,2485,744,363,384
/ccb/salz3/kh.chao/PR_Wheeler_Graph/PR_Wheeler_Graph/data/graph/SMT_vs_RHSMT/DeBruijnG_DNA/Human_CEP57L1_orthologues_DNA_k_3_l_2000_a_7.dot,DeBruijnG_DNA,20,72,4,21,1943,613,151,613,151,216,4,1.0000,0.2643,2556,764,367,388
/ccb/salz3/kh.chao/PR_Wheeler_Graph/PR_Wheeler_Graph/data/graph/SMT_vs_RHSMT/DeBruijnG_DNA/Human_CEP57L1_orthologues_DNA_k_3_l_2000_a_8.dot,DeBruijnG_DNA,20,72,4,21,1943,613,151,613,151,216,4,1.0000,0.2643,2556,764,367,388
/ccb/salz3/kh.chao/PR_Wheeler_Graph/PR_Wheeler_Graph/data/graph/SMT_vs_RHSMT/DeBruijnG_DNA/Human_CEP57L1_orthologues_DNA_k_4_l_2000_a_6.dot,DeBruijnG_DNA,72,267,4,73,26732,8779,541,8779,541,1724,4,1.0000,0.2659,35511,9320,2265,2338
/ccb/salz3/kh.chao/PR_Wheeler_Graph/PR_Wheeler_Graph/data/graph/SMT_vs_RHSMT/DeBruijnG_DNA/Human_CEP57L1_orthologues_DNA_k_4_l_2000_a_7.dot,DeBruijnG_DNA,73,269,4,74,27135,8911,545,8911,545,1764,4,1.0000,0.2677,36046,9456,2309,2383
/ccb/salz3/kh.chao/PR_Wheeler_Graph/PR_Wheeler_Graph/data/graph/SMT_vs_RHSMT/DeBruijnG_DNA/Human_CEP57L1_orthologues_DNA_k_4_l_2000_a_8.dot,DeBruijnG_DNA,73,269,4,74,27135,8911,545,8911,545,1764,4,1.0000,0.2677,36046,9456,2309,2383
/ccb/salz3/kh.chao/PR_Wheeler_Graph/PR_Wheeler_Graph/data/graph/SMT_vs_RHSMT/DeBruijnG_DNA/Human_CEP57L1_orthologues_DNA_k_5_l_2000_a_6.dot,DeBruijnG_DNA,268,1002,4,269,376427,125074,2011,125074,2011,19562,4,1.0000,0.2666,501501,127085,21573,21842
/ccb/salz3/kh.chao/PR_Wheeler_Graph/PR_Wheeler_Graph/data/graph/SMT_vs_RHSMT/DeBruijnG_DNA/Human_CEP57L1_orthologues_DNA_k_5_l_2000_a_7.dot,DeBruijnG_DNA,270,1021,4,271,390884,129826,2049,129826,2049,19864,4,1.0000,0.2635,520710,131875,21913,22184
/ccb/salz3/kh.chao/PR_Wheeler_Graph/PR_Wheeler_Graph/data/graph/SMT_vs_RHSMT/DeBruijnG_DNA/Human_CEP57L1_orthologues_DNA_k_5_l_2000_a_8.dot,DeBruijnG_DNA,270,1025,4,271,393960,130840,2057,130840,2057,19872,4,1.0000,0.2625,524800,132897,21929,22200
/ccb/salz3/kh.chao/PR_Wheeler_Graph/PR_Wheeler_Graph/data/graph/SMT_vs_RHSMT/DeBruijnG_DNA/Human_CLPX_orthologues_DNA_k_3_l_2000_a_6.dot,DeBruijnG_DNA,20,71,4,21,1889,596,149,596,149,214,4,1.0000,0.2691,2485,745,363,384
/ccb/salz3/kh.chao/PR_Wheeler_Graph/PR_Wheeler_Graph/data/graph/SMT_vs_RHSMT/DeBruijnG_DNA/Human_CLPX_orthologues_DNA_k_3_l_2000_a_7.dot,DeBruijnG_DNA,20,71,4,21,1889,596,149,596,149,214,4,1.0000,0.2691,2485,745,363,384
/ccb/salz3/kh.chao/PR_Wheeler_Graph/PR_Wheeler_Graph/data/graph/SMT_vs_RHSMT/DeBruijnG_DNA/Human_CLPX_orthologues_DNA_k_3_l_2000_a_8.dot,DeBruijnG_DNA,20,71,4,21,1889,596,149,596,149,214,4,1.0000,0.2691,2485,745,363,384
/ccb/salz3/kh.chao/PR_Wheeler_Graph/PR_Wheeler_Graph/data/graph/SMT_vs_RHSMT/DeBruijnG_DNA/Human_CLPX_orthologues_DNA_k_4_l_2000_a_6.dot,DeBruijnG_DNA,72,269,4,73,27125,8921,545,8921,545,1730,4,1.0000,0.2638,36046,9466,2275,2348
/ccb/salz3/kh.chao/PR_Wheeler_Graph/PR_Wheeler_Graph/data/graph/SMT_vs_RHSMT/DeBruijnG_DNA/Human_CLPX_orthologues_DNA_k_4_l_2000_a_7.dot,DeBruijnG_DNA,72,269,4,73,27125,8921,545,8921,545,1730,4,1.0000,0.2638,36046,9466,2275,2348
/ccb/salz3/kh.chao/PR_Wheeler_Graph/PR_Wheeler_Graph/data/graph/SMT_vs_RHSMT/DeBruijnG_DNA/Human_CLPX_orthologues_DNA_k_4_l_2000_a_8.dot,DeBruijnG_DNA,72,269,4,73,27125,8921,545,8921,545,1730,4,1.0000,0.2638,36046,9466,2275,2348
/ccb/salz3/kh.chao/PR_Wheeler_Graph/PR_Wheeler_Graph/data/graph/SMT_vs_RHSMT/DeBruijnG_DNA/Human_CLPX_orthologues_DNA_k_5_l_2000_a_6.dot,DeBruijnG_DNA,270,1031,4,271,398575,132390,2069,132390,2069,19904,4,1.0000,0.2608,530965,134459,21973,22244
/ccb/salz3/kh.chao/PR_Wheeler_Graph/PR_Wheeler_Graph/data/graph/SMT_vs_RHSMT/DeBruijnG_DNA/Human_CLPX_orthologues_DNA_k_5_l_2000_a_7.dot,DeBruijnG_DNA,270,1038,4,271,404025,134178,2083,134178,2083,19918,4,1.0000,0.2591,538203,136261,22001,22272
/ccb/salz3/kh.chao/PR_Wheeler_Graph/PR_Wheeler_Graph/data/graph/SMT_vs_RHSMT/DeBruijnG_DNA/Human_CLPX_orthologues_DNA_k_5_l_2000_a_8.dot,DeBruijnG_DNA,270,1039,4,271,404804,134437,2085,134437,2085,19920,4,1.0000,0.2588,539241,136522,22005,22276
/ccb/salz3/kh.chao/PR_Wheeler_Graph/PR_Wheeler_Graph/data/graph/SMT_vs_RHSMT/DeBruijnG_DNA/Human_DCSTAMP_orthologues_DNA_k_3_l_2000_a_6.dot,DeBruijnG_DNA,20,71,4,21,1888,597,149,597,149,214,4,1.0000,0.2672,2485,746,363,384
/ccb/salz3/kh.chao/PR_Wheeler_Graph/PR_Wheeler_Graph/data/graph/SMT_vs_RHSMT/DeBruijnG_DNA/Human_DCSTAMP_orthologues_DNA_k_3_l_2000_a_7.dot,DeBruijnG_DNA,20,72,4,21,1941,615,151,615,151,216,4,1.0000,0.2635,2556,766,367,388
/ccb/salz3/kh.chao/PR_Wheeler_Graph/PR_Wheeler_Graph/data/graph/SMT_vs_RHSMT/DeBruijnG_DNA/Human_DCSTAMP_orthologues_DNA_k_3_l_2000_a_8.dot,DeBruijnG_DNA,20,72,4,21,1941,615,151,615,151,216,4,1.0000,0.2635,2556,766,367,388
/ccb/salz3/kh.chao/PR_Wheeler_Graph/PR_Wheeler_Graph/data/graph/SMT_vs_RHSMT/DeBruijnG_DNA/Human_DCSTAMP_orthologues_DNA_k_4_l_2000_a_6.dot,DeBruijnG_DNA,72,267,4,73,26730,8781,541,8781,541,1728,4,1.0000,0.2657,35511,9322,2269,2342
/ccb/salz3/kh.chao/PR_Wheeler_Graph/PR_Wheeler_Graph/data/graph/SMT_vs_RHSMT/DeBruijnG_DNA/Human_DCSTAMP_orthologues_DNA_k_4_l_2000_a_7.dot,DeBruijnG_DNA,73,269,4,74,27129,8917,545,8917,545,1768,4,1.0000,0.2674,36046,9462,2313,2387
/ccb/salz3/kh.chao/PR_Wheeler_Graph/PR_Wheeler_Graph/data/graph/SMT_vs_RHSMT/DeBruijnG_DNA/Human_DCSTAMP_orthologues_DNA_k_4_l_2000_a_8.dot,DeBruijnG_DNA,73,269,4,74,27129,8917,545,8917,545,1768,4,1.0000,0.2674,36046,9462,2313,2387
/ccb/salz3/kh.chao/PR_Wheeler_Graph/PR_Wheeler_Graph/data/graph/SMT_vs_RHSMT/DeBruijnG_DNA/Human_DCSTAMP_orthologues_DNA_k_5_l_2000_a_6.dot,DeBruijnG_DNA,268,1011,4,269,383269,127286,2029,127286,2029,19584,4,1.0000,0.2642,510555,129315,21613,21882
/ccb/salz3/kh.chao/PR_Wheeler_Graph/PR_Wheeler_Graph/data/graph/SMT_vs_RHSMT/DeBruijnG_DNA/Human_DCSTAMP_orthologues_DNA_k_5_l_2000_a_7.dot,DeBruijnG_DNA,270,1019,4,271,389360,129311,2045,129311,2045,19872,4,1.0000,0.2640,518671,131356,21917,22188
/ccb/salz3/kh.chao/PR_Wheeler_Graph/PR_Wheeler_Graph/data/graph/SMT_vs_RHSMT/DeBruijnG_DNA/Human_DCSTAMP_orthologues_DNA_k_5_l_2000_a_8.dot,DeBruijnG_DNA,270,1026,4,271,394733,131092,2059,131092,2059,19886,4,1.0000,0.2622,525825,133151,21945,22216
/ccb/salz3/kh.chao/PR_Wheeler_Graph/PR_Wheeler_Graph/data/graph/SMT_vs_RHSMT/DeBruijnG_DNA/Human_DOCK4_orthologues_DNA_k_3_l_2000_a_6.dot,DeBruijnG_DNA,20,71,4,21,1890,595,149,595,149,214,4,1.0000,0.2672,2485,744,363,384
/ccb/salz3/kh.chao/PR_Wheeler_Graph/PR_Wheeler_Graph/data/graph/SMT_vs_RHSMT/DeBruijnG_DNA/Human_DOCK4_orthologues_DNA_k_3_l_2000_a_7.dot,DeBruijnG_DNA,20,71,4,21,1890,595,149,595,149,214,4,1.0000,0.2672,2485,744,363,384
/ccb/salz3/kh.chao/PR_Wheeler_Graph/PR_Wheeler_Graph/data/graph/SMT_vs_RHSMT/DeBruijnG_DNA/Human_DOCK4_orthologues_DNA_k_3_l_2000_a_8.dot,DeBruijnG_DNA,21,73,4,22,1998,630,153,630,153,226,4,1.0000,0.2741,2628,783,379,401
/ccb/salz3/kh.chao/PR_Wheeler_Graph/PR_Wheeler_Graph/data/graph/SMT_vs_RHSMT/DeBruijnG_DNA/Human_DOCK4_orthologues_DNA_k_4_l_2000_a_6.dot,DeBruijnG_DNA,72,269,4,73,27134,8912,545,8912,545,1728,4,1.0000,0.2640,36046,9457,2273,2346
/ccb/salz3/kh.chao/PR_Wheeler_Graph/PR_Wheeler_Graph/data/graph/SMT_vs_RHSMT/DeBruijnG_DNA/Human_DOCK4_orthologues_DNA_k_4_l_2000_a_7.dot,DeBruijnG_DNA,72,269,4,73,27134,8912,545,8912,545,1728,4,1.0000,0.2640,36046,9457,2273,2346
/ccb/salz3/kh.chao/PR_Wheeler_Graph/PR_Wheeler_Graph/data/graph/SMT_vs_RHSMT/DeBruijnG_DNA/Human_DOCK4_orthologues_DNA_k_4_l_2000_a_8.dot,DeBruijnG_DNA,74,272,4,75,27743,9113,551,9113,551,1804,4,1.0000,0.2684,36856,9664,2355,2430
/ccb/salz3/kh.chao/PR_Wheeler_Graph/PR_Wheeler_Graph/data/graph/SMT_vs_RHSMT/DeBruijnG_DNA/Human_DOCK4_orthologues_DNA_k_5_l_2000_a_6.dot,DeBruijnG_DNA,270,1038,4,271,404025,134178,2083,134178,2083,19900,4,1.0000,0.2592,538203,136261,21983,22254
/ccb/salz3/kh.chao/PR_Wheeler_Graph/PR_Wheeler_Graph/data/graph/SMT_vs_RHSMT/DeBruijnG_DNA/Human_DOCK4_orthologues_DNA_k_5_l_2000_a_7.dot,DeBruijnG_DNA,270,1041,4,271,406371,134949,2089,134949,2089,19906,4,1.0000,0.2584,541320,137038,21995,22266
/ccb/salz3/kh.chao/PR_Wheeler_Graph/PR_Wheeler_Graph/data/graph/SMT_vs_RHSMT/DeBruijnG_DNA/Human_DOCK4_orthologues_DNA_k_5_l_2000_a_8.dot,DeBruijnG_DNA,273,1046,4,274,410287,136248,2099,136248,2099,20318,4,1.0000,0.2600,546535,138347,22417,22691
/ccb/salz3/kh.chao/PR_Wheeler_Graph/PR_Wheeler_Graph/data/graph/SMT_vs_RHSMT/DeBruijnG_DNA/Human_ELSPBP1_orthologues_DNA_k_3_l_2000_a_6.dot,DeBruijnG_DNA,20,71,4,21,1889,596,149,596,149,214,4,1.0000,0.2691,2485,745,363,384
/ccb/salz3/kh.chao/PR_Wheeler_Graph/PR_Wheeler_Graph/data/graph/SMT_vs_RHSMT/DeBruijnG_DNA/Human_ELSPBP1_orthologues_DNA_k_3_l_2000_a_7.dot,DeBruijnG_DNA,20,71,4,21,1889,596,149,596,149,214,4,1.0000,0.2691,2485,745,363,384
/ccb/salz3/kh.chao/PR_Wheeler_Graph/PR_Wheeler_Graph/data/graph/SMT_vs_RHSMT/DeBruijnG_DNA/Human_ELSPBP1_orthologues_DNA_k_3_l_2000_a_8.dot,DeBruijnG_DNA,20,71,4,21,1889,596,149,596,149,214,4,1.0000,0.2691,2485,745,363,384
/ccb/salz3/kh.chao/PR_Wheeler_Graph/PR_Wheeler_Graph/data/graph/SMT_vs_RHSMT/DeBruijnG_DNA/Human_ELSPBP1_orthologues_DNA_k_4_l_2000_a_6.dot,DeBruijnG_DNA,72,259,4,73,25150,8261,525,8261,525,1710,4,1.0000,0.2741,33411,8786,2235,2308
/ccb/salz3/kh.chao/PR_Wheeler_Graph/PR_Wheeler_Graph/data/graph/SMT_vs_RHSMT/DeBruijnG_DNA/Human_ELSPBP1_orthologues_DNA_k_4_l_2000_a_7.dot,DeBruijnG_DNA,72,261,4,73,25541,8389,529,8389,529,1714,4,1.0000,0.2720,33930,8918,2243,2316
/ccb/salz3/kh.chao/PR_Wheeler_Graph/PR_Wheeler_Graph/data/graph/SMT_vs_RHSMT/DeBruijnG_DNA/Human_ELSPBP1_orthologues_DNA_k_4_l_2000_a_8.dot,DeBruijnG_DNA,72,261,4,73,25541,8389,529,8389,529,1714,4,1.0000,0.2720,33930,8918,2243,2316
/ccb/salz3/kh.chao/PR_Wheeler_Graph/PR_Wheeler_Graph/data/graph/SMT_vs_RHSMT/DeBruijnG_DNA/Human_ELSPBP1_orthologues_DNA_k_5_l_2000_a_6.dot,DeBruijnG_DNA,260,815,4,261,248745,82960,1637,82960,1637,18152,4,1.0000,0.3186,331705,84597,19789,20050
/ccb/salz3/kh.chao/PR_Wheeler_Graph/PR_Wheeler_Graph/data/graph/SMT_vs_RHSMT/DeBruijnG_DNA/Human_ELSPBP1_orthologues_DNA_k_5_l_2000_a_7.dot,DeBruijnG_DNA,262,846,4,263,268089,89346,1699,89346,1699,18470,4,1.0000,0.3092,357435,91045,20169,20432
/ccb/salz3/kh.chao/PR_Wheeler_Graph/PR_Wheeler_Graph/data/graph/SMT_vs_RHSMT/DeBruijnG_DNA/Human_ELSPBP1_orthologues_DNA_k_5_l_2000_a_8.dot,DeBruijnG_DNA,262,862,4,263,278395,92696,1731,92696,1731,18502,4,1.0000,0.3032,371091,94427,20233,20496
/ccb/salz3/kh.chao/PR_Wheeler_Graph/PR_Wheeler_Graph/data/graph/SMT_vs_RHSMT/DeBruijnG_DNA/Human_FAM53A_orthologues_DNA_k_3_l_2000_a_6.dot,DeBruijnG_DNA,23,76,5,24,2245,605,161,605,161,224,4,0.9342,0.3344,2850,766,385,409
/ccb/salz3/kh.chao/PR_Wheeler_Graph/PR_Wheeler_Graph/data/graph/SMT_vs_RHSMT/DeBruijnG_DNA/Human_FAM53A_orthologues_DNA_k_3_l_2000_a_7.dot,DeBruijnG_DNA,23,76,5,24,2245,605,161,605,161,224,4,0.9342,0.3344,2850,766,385,409
/ccb/salz3/kh.chao/PR_Wheeler_Graph/PR_Wheeler_Graph/data/graph/SMT_vs_RHSMT/DeBruijnG_DNA/Human_FAM53A_orthologues_DNA_k_3_l_2000_a_8.dot,DeBruijnG_DNA,24,78,5,25,2361,642,165,642,165,238,4,0.9359,0.3388,3003,807,403,428
/ccb/salz3/kh.chao/PR_Wheeler_Graph/PR_Wheeler_Graph/data/graph/SMT_vs_RHSMT/DeBruijnG_DNA/Human_FAM53A_orthologues_DNA_k_4_l_2000_a_6.dot,DeBruijnG_DNA,77,271,5,78,27981,8604,551,8604,551,1739,4,0.9742,0.3581,36585,9155,2290,2368
/ccb/salz3/kh.chao/PR_Wheeler_Graph/PR_Wheeler_Graph/data/graph/SMT_vs_RHSMT/DeBruijnG_DNA/Human_FAM53A_orthologues_DNA_k_4_l_2000_a_7.dot,DeBruijnG_DNA,77,272,5,78,28187,8669,553,8669,553,1741,4,0.9743,0.3572,36856,9222,2294,2372
/ccb/salz3/kh.chao/PR_Wheeler_Graph/PR_Wheeler_Graph/data/graph/SMT_vs_RHSMT/DeBruijnG_DNA/Human_FAM53A_orthologues_DNA_k_4_l_2000_a_8.dot,DeBruijnG_DNA,79,275,5,80,28807,8868,559,8868,559,1821,4,0.9745,0.3608,37675,9427,2380,2460
/ccb/salz3/kh.chao/PR_Wheeler_Graph/PR_Wheeler_Graph/data/graph/SMT_vs_RHSMT/DeBruijnG_DNA/Human_FAM53A_orthologues_DNA_k_5_l_2000_a_6.dot,DeBruijnG_DNA,272,896,5,273,302685,98275,1801,98275,1801,18976,4,0.9900,0.3944,400960,100076,20777,21050
/ccb/salz3/kh.chao/PR_Wheeler_Graph/PR_Wheeler_Graph/data/graph/SMT_vs_RHSMT/DeBruijnG_DNA/Human_FAM53A_orthologues_DNA_k_5_l_2000_a_7.dot,DeBruijnG_DNA,273,915,5,274,315703,102452,1839,102452,1839,19144,4,0.9902,0.3901,418155,104291,20983,21257
/ccb/salz3/kh.chao/PR_Wheeler_Graph/PR_Wheeler_Graph/data/graph/SMT_vs_RHSMT/DeBruijnG_DNA/Human_FAM53A_orthologues_DNA_k_5_l_2000_a_8.dot,DeBruijnG_DNA,276,938,5,277,331779,107674,1885,107674,1885,19588,4,0.9904,0.3867,439453,109559,21473,21750
/ccb/salz3/kh.chao/PR_Wheeler_Graph/PR_Wheeler_Graph/data/graph/SMT_vs_RHSMT/DeBruijnG_DNA/Human_FHIP1B_orthologues_DNA_k_3_l_2000_a_6.dot,DeBruijnG_DNA,20,73,4,21,1997,631,153,631,153,218,4,1.0000,0.2598,2628,784,371,392
/ccb/salz3/kh.chao/PR_Wheeler_Graph/PR_Wheeler_Graph/data/graph/SMT_vs_RHSMT/DeBruijnG_DNA/Human_FHIP1B_orthologues_DNA_k_3_l_2000_a_7.dot,DeBruijnG_DNA,20,73,4,21,1997,631,153,631,153,218,4,1.0000,0.2598,2628,784,371,392
/ccb/salz3/kh.chao/PR_Wheeler_Graph/PR_Wheeler_Graph/data/graph/SMT_vs_RHSMT/DeBruijnG_DNA/Human_FHIP1B_orthologues_DNA_k_3_l_2000_a_8.dot,DeBruijnG_DNA,21,75,4,22,2109,666,157,666,157,230,4,1.0000,0.2668,2775,823,387,409
/ccb/salz3/kh.chao/PR_Wheeler_Graph/PR_Wheeler_Graph/data/graph/SMT_vs_RHSMT/DeBruijnG_DNA/Human_FHIP1B_orthologues_DNA_k_4_l_2000_a_6.dot,DeBruijnG_DNA,74,271,4,75,27536,9049,549,9049,549,1804,4,1.0000,0.2693,36585,9598,2353,2428
/ccb/salz3/kh.chao/PR_Wheeler_Graph/PR_Wheeler_Graph/data/graph/SMT_vs_RHSMT/DeBruijnG_DNA/Human_FHIP1B_orthologues_DNA_k_4_l_2000_a_7.dot,DeBruijnG_DNA,74,271,4,75,27536,9049,549,9049,549,1804,4,1.0000,0.2693,36585,9598,2353,2428
/ccb/salz3/kh.chao/PR_Wheeler_Graph/PR_Wheeler_Graph/data/graph/SMT_vs_RHSMT/DeBruijnG_DNA/Human_FHIP1B_orthologues_DNA_k_4_l_2000_a_8.dot,DeBruijnG_DNA,76,274,4,77,28151,9250,555,9250,555,1880,4,1.0000,0.2737,37401,9805,2435,2512
/ccb/salz3/kh.chao/PR_Wheeler_Graph/PR_Wheeler_Graph/data/graph/SMT_vs_RHSMT/DeBruijnG_DNA/Human_FHIP1B_orthologues_DNA_k_5_l_2000_a_6.dot,DeBruijnG_DNA,272,1012,4,273,383995,127571,2031,127571,2031,20122,4,1.0000,0.2678,511566,129602,22153,22426
/ccb/salz3/kh.chao/PR_Wheeler_Graph/PR_Wheeler_Graph/data/graph/SMT_vs_RHSMT/DeBruijnG_DNA/Human_FHIP1B_orthologues_DNA_k_5_l_2000_a_7.dot,DeBruijnG_DNA,272,1022,4,273,391629,130102,2051,130102,2051,20142,4,1.0000,0.2652,521731,132153,22193,22466
/ccb/salz3/kh.chao/PR_Wheeler_Graph/PR_Wheeler_Graph/data/graph/SMT_vs_RHSMT/DeBruijnG_DNA/Human_FHIP1B_orthologues_DNA_k_5_l_2000_a_8.dot,DeBruijnG_DNA,275,1029,4,276,397029,131877,2065,131877,2065,20558,4,1.0000,0.2663,528906,133942,22623,22899
/ccb/salz3/kh.chao/PR_Wheeler_Graph/PR_Wheeler_Graph/data/graph/SMT_vs_RHSMT/DeBruijnG_DNA/Human_GGT6_orthologues_DNA_k_3_l_2000_a_6.dot,DeBruijnG_DNA,20,71,4,21,1888,597,149,597,149,214,4,1.0000,0.2672,2485,746,363,384
/ccb/salz3/kh.chao/PR_Wheeler_Graph/PR_Wheeler_Graph/data/graph/SMT_vs_RHSMT/DeBruijnG_DNA/Human_GGT6_orthologues_DNA_k_3_l_2000_a_7.dot,DeBruijnG_DNA,21,73,4,22,1997,631,153,631,153,226,4,1.0000,0.2746,2628,784,379,401
/ccb/salz3/kh.chao/PR_Wheeler_Graph/PR_Wheeler_Graph/data/graph/SMT_vs_RHSMT/DeBruijnG_DNA/Human_GGT6_orthologues_DNA_k_3_l_2000_a_8.dot,DeBruijnG_DNA,21,74,4,22,2051,650,155,650,155,228,4,1.0000,0.2713,2701,805,383,405
/ccb/salz3/kh.chao/PR_Wheeler_Graph/PR_Wheeler_Graph/data/graph/SMT_vs_RHSMT/DeBruijnG_DNA/Human_GGT6_orthologues_DNA_k_4_l_2000_a_6.dot,DeBruijnG_DNA,72,267,4,73,26728,8783,541,8783,541,1728,4,1.0000,0.2657,35511,9324,2269,2342
/ccb/salz3/kh.chao/PR_Wheeler_Graph/PR_Wheeler_Graph/data/graph/SMT_vs_RHSMT/DeBruijnG_DNA/Human_GGT6_orthologues_DNA_k_4_l_2000_a_7.dot,DeBruijnG_DNA,74,270,4,75,27333,8982,547,8982,547,1802,4,1.0000,0.2703,36315,9529,2349,2424
/ccb/salz3/kh.chao/PR_Wheeler_Graph/PR_Wheeler_Graph/data/graph/SMT_vs_RHSMT/DeBruijnG_DNA/Human_GGT6_orthologues_DNA_k_4_l_2000_a_8.dot,DeBruijnG_DNA,75,272,4,76,27735,9121,551,9121,551,1844,4,1.0000,0.2718,36856,9672,2395,2471
/ccb/salz3/kh.chao/PR_Wheeler_Graph/PR_Wheeler_Graph/data/graph/SMT_vs_RHSMT/DeBruijnG_DNA/Human_GGT6_orthologues_DNA_k_5_l_2000_a_6.dot,DeBruijnG_DNA,268,1016,4,269,387065,128555,2039,128555,2039,19598,4,1.0000,0.2628,515620,130594,21637,21906
/ccb/salz3/kh.chao/PR_Wheeler_Graph/PR_Wheeler_Graph/data/graph/SMT_vs_RHSMT/DeBruijnG_DNA/Human_GGT6_orthologues_DNA_k_5_l_2000_a_7.dot,DeBruijnG_DNA,271,1026,4,272,394733,131092,2059,131092,2059,20016,4,1.0000,0.2631,525825,133151,22075,22347
/ccb/salz3/kh.chao/PR_Wheeler_Graph/PR_Wheeler_Graph/data/graph/SMT_vs_RHSMT/DeBruijnG_DNA/Human_GGT6_orthologues_DNA_k_5_l_2000_a_8.dot,DeBruijnG_DNA,273,1034,4,274,400913,133148,2075,133148,2075,20310,4,1.0000,0.2631,534061,135223,22385,22659
/ccb/salz3/kh.chao/PR_Wheeler_Graph/PR_Wheeler_Graph/data/graph/SMT_vs_RHSMT/DeBruijnG_DNA/Human_LCP1_orthologues_DNA_k_3_l_2000_a_6.dot,DeBruijnG_DNA,19,69,4,20,1785,561,145,561,145,202,4,1.0000,0.2614,2346,706,347,367
/ccb/salz3/kh.chao/PR_Wheeler_Graph/PR_Wheeler_Graph/data/graph/SMT_vs_RHSMT/DeBruijnG_DNA/Human_LCP1_orthologues_DNA_k_3_l_2000_a_7.dot,DeBruijnG_DNA,19,69,4,20,1785,561,145,561,145,202,4,1.0000,0.2614,2346,706,347,367
/ccb/salz3/kh.chao/PR_Wheeler_Graph/PR_Wheeler_Graph/data/graph/SMT_vs_RHSMT/DeBruijnG_DNA/Human_LCP1_orthologues_DNA_k_3_l_2000_a_8.dot,DeBruijnG_DNA,19,69,4,20,1785,561,145,561,145,202,4,1.0000,0.2614,2346,706,347,367
/ccb/salz3/kh.chao/PR_Wheeler_Graph/PR_Wheeler_Graph/data/graph/SMT_vs_RHSMT/DeBruijnG_DNA/Human_LCP1_orthologues_DNA_k_4_l_2000_a_6.dot,DeBruijnG_DNA,70,264,4,71,26133,8583,535,8583,535,1650,4,1.0000,0.2615,34716,9118,2185,2256
/ccb/salz3/kh.chao/PR_Wheeler_Graph/PR_Wheeler_Graph/data/graph/SMT_vs_RHSMT/DeBruijnG_DNA/Human_LCP1_orthologues_DNA_k_4_l_2000_a_7.dot,DeBruijnG_DNA,70,264,4,71,26133,8583,535,8583,535,1650,4,1.0000,0.2615,34716,9118,2185,2256
/ccb/salz3/kh.chao/PR_Wheeler_Graph/PR_Wheeler_Graph/data/graph/SMT_vs_RHSMT/DeBruijnG_DNA/Human_LCP1_orthologues_DNA_k_4_l_2000_a_8.dot,DeBruijnG_DNA,70,264,4,71,26133,8583,535,8583,535,1650,4,1.0000,0.2615,34716,9118,2185,2256
/ccb/salz3/kh.chao/PR_Wheeler_Graph/PR_Wheeler_Graph/data/graph/SMT_vs_RHSMT/DeBruijnG_DNA/Human_LCP1_orthologues_DNA_k_5_l_2000_a_6.dot,DeBruijnG_DNA,265,1019,4,266,389368,129303,2045,129303,2045,19204,4,1.0000,0.2591,518671,131348,21249,21515
/ccb/salz3/kh.chao/PR_Wheeler_Graph/PR_Wheeler_Graph/data/graph/SMT_vs_RHSMT/DeBruijnG_DNA/Human_LCP1_orthologues_DNA_k_5_l_2000_a_7.dot,DeBruijnG_DNA,265,1022,4,266,391669,130062,2051,130062,2051,19210,4,1.0000,0.2583,521731,132113,21261,21527
/ccb/salz3/kh.chao/PR_Wheeler_Graph/PR_Wheeler_Graph/data/graph/SMT_vs_RHSMT/DeBruijnG_DNA/Human_LCP1_orthologues_DNA_k_5_l_2000_a_8.dot,DeBruijnG_DNA,265,1024,4,266,393203,130573,2055,130573,2055,19214,4,1.0000,0.2578,523776,132628,21269,21535
/ccb/salz3/kh.chao/PR_Wheeler_Graph/PR_Wheeler_Graph/data/graph/SMT_vs_RHSMT/DeBruijnG_DNA/Human_LEAP2_orthologues_DNA_k_3_l_2000_a_6.dot,DeBruijnG_DNA,19,68,4,20,1731,547,143,547,143,200,4,1.0000,0.2643,2278,690,343,363
/ccb/salz3/kh.chao/PR_Wheeler_Graph/PR_Wheeler_Graph/data/graph/SMT_vs_RHSMT/DeBruijnG_DNA/Human_LEAP2_orthologues_DNA_k_3_l_2000_a_7.dot,DeBruijnG_DNA,19,68,4,20,1731,547,143,547,143,200,4,1.0000,0.2643,2278,690,343,363
/ccb/salz3/kh.chao/PR_Wheeler_Graph/PR_Wheeler_Graph/data/graph/SMT_vs_RHSMT/DeBruijnG_DNA/Human_LEAP2_orthologues_DNA_k_3_l_2000_a_8.dot,DeBruijnG_DNA,19,68,4,20,1731,547,143,547,143,200,4,1.0000,0.2643,2278,690,343,363
/ccb/salz3/kh.chao/PR_Wheeler_Graph/PR_Wheeler_Graph/data/graph/SMT_vs_RHSMT/DeBruijnG_DNA/Human_LEAP2_orthologues_DNA_k_4_l_2000_a_6.dot,DeBruijnG_DNA,69,229,4,70,19629,6477,465,6477,465,1552,4,1.0000,0.2985,26106,6942,2017,2087
/ccb/salz3/kh.chao/PR_Wheeler_Graph/PR_Wheeler_Graph/data/graph/SMT_vs_RHSMT/DeBruijnG_DNA/Human_LEAP2_orthologues_DNA_k_4_l_2000_a_7.dot,DeBruijnG_DNA,69,233,4,70,20331,6697,473,6697,473,1560,4,1.0000,0.2931,27028,7170,2033,2103
/ccb/salz3/kh.chao/PR_Wheeler_Graph/PR_Wheeler_Graph/data/graph/SMT_vs_RHSMT/DeBruijnG_DNA/Human_LEAP2_orthologues_DNA_k_4_l_2000_a_8.dot,DeBruijnG_DNA,69,236,4,70,20860,6870,479,6870,479,1566,4,1.0000,0.2893,27730,7349,2045,2115
/ccb/salz3/kh.chao/PR_Wheeler_Graph/PR_Wheeler_Graph/data/graph/SMT_vs_RHSMT/DeBruijnG_DNA/Human_LEAP2_orthologues_DNA_k_5_l_2000_a_6.dot,DeBruijnG_DNA,230,450,4,231,75788,25237,907,25237,907,18840,2,0.5022,0.5099,101025,26144,19747,19978
/ccb/salz3/kh.chao/PR_Wheeler_Graph/PR_Wheeler_Graph/data/graph/SMT_vs_RHSMT/DeBruijnG_DNA/Human_LEAP2_orthologues_DNA_k_5_l_2000_a_7.dot,DeBruijnG_DNA,234,475,4,235,84500,28075,957,28075,957,17035,3,0.7663,0.4907,112575,29032,17992,18227
/ccb/salz3/kh.chao/PR_Wheeler_Graph/PR_Wheeler_Graph/data/graph/SMT_vs_RHSMT/DeBruijnG_DNA/Human_LEAP2_orthologues_DNA_k_5_l_2000_a_8.dot,DeBruijnG_DNA,237,499,4,238,93302,30949,1005,30949,1005,14738,4,1.0000,0.4727,124251,31954,15743,15981
/ccb/salz3/kh.chao/PR_Wheeler_Graph/PR_Wheeler_Graph/data/graph/SMT_vs_RHSMT/DeBruijnG_DNA/Human_OR10G8_orthologues_DNA_k_3_l_2000_a_6.dot,DeBruijnG_DNA,21,72,4,22,1941,615,151,615,151,224,4,1.0000,0.2790,2556,766,375,397
/ccb/salz3/kh.chao/PR_Wheeler_Graph/PR_Wheeler_Graph/data/graph/SMT_vs_RHSMT/DeBruijnG_DNA/Human_OR10G8_orthologues_DNA_k_3_l_2000_a_7.dot,DeBruijnG_DNA,21,72,4,22,1941,615,151,615,151,224,4,1.0000,0.2790,2556,766,375,397
/ccb/salz3/kh.chao/PR_Wheeler_Graph/PR_Wheeler_Graph/data/graph/SMT_vs_RHSMT/DeBruijnG_DNA/Human_OR10G8_orthologues_DNA_k_3_l_2000_a_8.dot,DeBruijnG_DNA,21,72,4,22,1941,615,151,615,151,224,4,1.0000,0.2790,2556,766,375,397
/ccb/salz3/kh.chao/PR_Wheeler_Graph/PR_Wheeler_Graph/data/graph/SMT_vs_RHSMT/DeBruijnG_DNA/Human_OR10G8_orthologues_DNA_k_4_l_2000_a_6.dot,DeBruijnG_DNA,73,267,4,74,26721,8790,541,8790,541,1764,4,1.0000,0.2694,35511,9331,2305,2379
/ccb/salz3/kh.chao/PR_Wheeler_Graph/PR_Wheeler_Graph/data/graph/SMT_vs_RHSMT/DeBruijnG_DNA/Human_OR10G8_orthologues_DNA_k_4_l_2000_a_7.dot,DeBruijnG_DNA,73,268,4,74,26923,8855,543,8855,543,1766,4,1.0000,0.2684,35778,9398,2309,2383
/ccb/salz3/kh.chao/PR_Wheeler_Graph/PR_Wheeler_Graph/data/graph/SMT_vs_RHSMT/DeBruijnG_DNA/Human_OR10G8_orthologues_DNA_k_4_l_2000_a_8.dot,DeBruijnG_DNA,73,268,4,74,26923,8855,543,8855,543,1766,4,1.0000,0.2684,35778,9398,2309,2383
/ccb/salz3/kh.chao/PR_Wheeler_Graph/PR_Wheeler_Graph/data/graph/SMT_vs_RHSMT/DeBruijnG_DNA/Human_OR10G8_orthologues_DNA_k_5_l_2000_a_6.dot,DeBruijnG_DNA,268,841,4,269,265225,87995,1689,87995,1689,19262,4,1.0000,0.3174,353220,89684,20951,21220
/ccb/salz3/kh.chao/PR_Wheeler_Graph/PR_Wheeler_Graph/data/graph/SMT_vs_RHSMT/DeBruijnG_DNA/Human_OR10G8_orthologues_DNA_k_5_l_2000_a_7.dot,DeBruijnG_DNA,269,858,4,270,276053,91600,1723,91600,1723,19426,4,1.0000,0.3123,367653,93323,21149,21419
/ccb/salz3/kh.chao/PR_Wheeler_Graph/PR_Wheeler_Graph/data/graph/SMT_vs_RHSMT/DeBruijnG_DNA/Human_OR10G8_orthologues_DNA_k_5_l_2000_a_8.dot,DeBruijnG_DNA,269,865,4,270,280574,93106,1737,93106,1737,19440,4,1.0000,0.3098,373680,94843,21177,21447
/ccb/salz3/kh.chao/PR_Wheeler_Graph/PR_Wheeler_Graph/data/graph/SMT_vs_RHSMT/DeBruijnG_DNA/Human_RPS27A_orthologues_DNA_k_3_l_2000_a_6.dot,DeBruijnG_DNA,20,70,4,21,1836,579,147,579,147,212,4,1.0000,0.2717,2415,726,359,380
/ccb/salz3/kh.chao/PR_Wheeler_Graph/PR_Wheeler_Graph/data/graph/SMT_vs_RHSMT/DeBruijnG_DNA/Human_RPS27A_orthologues_DNA_k_3_l_2000_a_7.dot,DeBruijnG_DNA,20,70,4,21,1836,579,147,579,147,212,4,1.0000,0.2717,2415,726,359,380
/ccb/salz3/kh.chao/PR_Wheeler_Graph/PR_Wheeler_Graph/data/graph/SMT_vs_RHSMT/DeBruijnG_DNA/Human_RPS27A_orthologues_DNA_k_3_l_2000_a_8.dot,DeBruijnG_DNA,23,75,5,24,2159,616,159,616,159,229,4,0.9600,0.3559,2775,775,388,412
/ccb/salz3/kh.chao/PR_Wheeler_Graph/PR_Wheeler_Graph/data/graph/SMT_vs_RHSMT/DeBruijnG_DNA/Human_RPS27A_orthologues_DNA_k_4_l_2000_a_6.dot,DeBruijnG_DNA,71,262,4,72,25740,8451,531,8451,531,1682,4,1.0000,0.2672,34191,8982,2213,2285
/ccb/salz3/kh.chao/PR_Wheeler_Graph/PR_Wheeler_Graph/data/graph/SMT_vs_RHSMT/DeBruijnG_DNA/Human_RPS27A_orthologues_DNA_k_4_l_2000_a_7.dot,DeBruijnG_DNA,71,262,4,72,25740,8451,531,8451,531,1682,4,1.0000,0.2672,34191,8982,2213,2285
/ccb/salz3/kh.chao/PR_Wheeler_Graph/PR_Wheeler_Graph/data/graph/SMT_vs_RHSMT/DeBruijnG_DNA/Human_RPS27A_orthologues_DNA_k_4_l_2000_a_8.dot,DeBruijnG_DNA,76,272,5,77,28004,8852,553,8852,553,1768,4,0.9853,0.3649,36856,9405,2321,2398
/ccb/salz3/kh.chao/PR_Wheeler_Graph/PR_Wheeler_Graph/data/graph/SMT_vs_RHSMT/DeBruijnG_DNA/Human_RPS27A_orthologues_DNA_k_5_l_2000_a_6.dot,DeBruijnG_DNA,263,811,4,264,246194,82261,1629,82261,1629,18524,4,1.0000,0.3246,328455,83890,20153,20417
/ccb/salz3/kh.chao/PR_Wheeler_Graph/PR_Wheeler_Graph/data/graph/SMT_vs_RHSMT/DeBruijnG_DNA/Human_RPS27A_orthologues_DNA_k_5_l_2000_a_7.dot,DeBruijnG_DNA,263,817,4,264,249884,83452,1641,83452,1641,18536,4,1.0000,0.3221,333336,85093,20177,20441
/ccb/salz3/kh.chao/PR_Wheeler_Graph/PR_Wheeler_Graph/data/graph/SMT_vs_RHSMT/DeBruijnG_DNA/Human_RPS27A_orthologues_DNA_k_5_l_2000_a_8.dot,DeBruijnG_DNA,273,843,5,274,267153,87750,1695,87750,1695,19378,4,0.9941,0.4168,354903,89445,21073,21347
/ccb/salz3/kh.chao/PR_Wheeler_Graph/PR_Wheeler_Graph/data/graph/SMT_vs_RHSMT/DeBruijnG_DNA/Human_SHLD2_orthologues_DNA_k_3_l_2000_a_6.dot,DeBruijnG_DNA,20,72,4,21,1939,617,151,617,151,216,4,1.0000,0.2643,2556,768,367,388
/ccb/salz3/kh.chao/PR_Wheeler_Graph/PR_Wheeler_Graph/data/graph/SMT_vs_RHSMT/DeBruijnG_DNA/Human_SHLD2_orthologues_DNA_k_3_l_2000_a_7.dot,DeBruijnG_DNA,20,72,4,21,1939,617,151,617,151,216,4,1.0000,0.2643,2556,768,367,388
/ccb/salz3/kh.chao/PR_Wheeler_Graph/PR_Wheeler_Graph/data/graph/SMT_vs_RHSMT/DeBruijnG_DNA/Human_SHLD2_orthologues_DNA_k_3_l_2000_a_8.dot,DeBruijnG_DNA,20,73,4,21,1994,634,153,634,153,218,4,1.0000,0.2602,2628,787,371,392
/ccb/salz3/kh.chao/PR_Wheeler_Graph/PR_Wheeler_Graph/data/graph/SMT_vs_RHSMT/DeBruijnG_DNA/Human_SHLD2_orthologues_DNA_k_4_l_2000_a_6.dot,DeBruijnG_DNA,73,270,4,74,27324,8991,547,8991,547,1774,4,1.0000,0.2662,36315,9538,2321,2395
/ccb/salz3/kh.chao/PR_Wheeler_Graph/PR_Wheeler_Graph/data/graph/SMT_vs_RHSMT/DeBruijnG_DNA/Human_SHLD2_orthologues_DNA_k_4_l_2000_a_7.dot,DeBruijnG_DNA,73,270,4,74,27324,8991,547,8991,547,1774,4,1.0000,0.2662,36315,9538,2321,2395
/ccb/salz3/kh.chao/PR_Wheeler_Graph/PR_Wheeler_Graph/data/graph/SMT_vs_RHSMT/DeBruijnG_DNA/Human_SHLD2_orthologues_DNA_k_4_l_2000_a_8.dot,DeBruijnG_DNA,74,272,4,75,27729,9127,551,9127,551,1812,4,1.0000,0.2679,36856,9678,2363,2438
/ccb/salz3/kh.chao/PR_Wheeler_Graph/PR_Wheeler_Graph/data/graph/SMT_vs_RHSMT/DeBruijnG_DNA/Human_SHLD2_orthologues_DNA_k_5_l_2000_a_6.dot,DeBruijnG_DNA,271,1020,4,272,390117,129573,2047,129573,2047,20022,4,1.0000,0.2646,519690,131620,22069,22341
/ccb/salz3/kh.chao/PR_Wheeler_Graph/PR_Wheeler_Graph/data/graph/SMT_vs_RHSMT/DeBruijnG_DNA/Human_SHLD2_orthologues_DNA_k_5_l_2000_a_7.dot,DeBruijnG_DNA,271,1032,4,272,399356,132640,2071,132640,2071,20046,4,1.0000,0.2615,531996,134711,22117,22389
/ccb/salz3/kh.chao/PR_Wheeler_Graph/PR_Wheeler_Graph/data/graph/SMT_vs_RHSMT/DeBruijnG_DNA/Human_SHLD2_orthologues_DNA_k_5_l_2000_a_8.dot,DeBruijnG_DNA,273,1042,4,274,407136,135225,2091,135225,2091,20338,4,1.0000,0.2610,542361,137316,22429,22703
/ccb/salz3/kh.chao/PR_Wheeler_Graph/PR_Wheeler_Graph/data/graph/SMT_vs_RHSMT/DeBruijnG_DNA/Human_SLC22A2_orthologues_DNA_k_3_l_2000_a_6.dot,DeBruijnG_DNA,20,71,4,21,1888,597,149,597,149,214,4,1.0000,0.2672,2485,746,363,384
/ccb/salz3/kh.chao/PR_Wheeler_Graph/PR_Wheeler_Graph/data/graph/SMT_vs_RHSMT/DeBruijnG_DNA/Human_SLC22A2_orthologues_DNA_k_3_l_2000_a_7.dot,DeBruijnG_DNA,20,72,4,21,1941,615,151,615,151,216,4,1.0000,0.2635,2556,766,367,388
/ccb/salz3/kh.chao/PR_Wheeler_Graph/PR_Wheeler_Graph/data/graph/SMT_vs_RHSMT/DeBruijnG_DNA/Human_SLC22A2_orthologues_DNA_k_3_l_2000_a_8.dot,DeBruijnG_DNA,21,74,4,22,2051,650,155,650,155,228,4,1.0000,0.2713,2701,805,383,405
/ccb/salz3/kh.chao/PR_Wheeler_Graph/PR_Wheeler_Graph/data/graph/SMT_vs_RHSMT/DeBruijnG_DNA/Human_SLC22A2_orthologues_DNA_k_4_l_2000_a_6.dot,DeBruijnG_DNA,72,268,4,73,26934,8844,543,8844,543,1730,4,1.0000,0.2649,35778,9387,2273,2346
/ccb/salz3/kh.chao/PR_Wheeler_Graph/PR_Wheeler_Graph/data/graph/SMT_vs_RHSMT/DeBruijnG_DNA/Human_SLC22A2_orthologues_DNA_k_4_l_2000_a_7.dot,DeBruijnG_DNA,73,270,4,74,27337,8978,547,8978,547,1770,4,1.0000,0.2667,36315,9525,2317,2391
/ccb/salz3/kh.chao/PR_Wheeler_Graph/PR_Wheeler_Graph/data/graph/SMT_vs_RHSMT/DeBruijnG_DNA/Human_SLC22A2_orthologues_DNA_k_4_l_2000_a_8.dot,DeBruijnG_DNA,75,273,4,76,27947,9181,553,9181,553,1846,4,1.0000,0.2711,37128,9734,2399,2475
/ccb/salz3/kh.chao/PR_Wheeler_Graph/PR_Wheeler_Graph/data/graph/SMT_vs_RHSMT/DeBruijnG_DNA/Human_SLC22A2_orthologues_DNA_k_5_l_2000_a_6.dot,DeBruijnG_DNA,269,1008,4,270,381009,126519,2023,126519,2023,19704,4,1.0000,0.2659,507528,128542,21727,21997
/ccb/salz3/kh.chao/PR_Wheeler_Graph/PR_Wheeler_Graph/data/graph/SMT_vs_RHSMT/DeBruijnG_DNA/Human_SLC22A2_orthologues_DNA_k_5_l_2000_a_7.dot,DeBruijnG_DNA,271,1019,4,272,389382,129289,2045,129289,2045,19994,4,1.0000,0.2650,518671,131334,22039,22311
/ccb/salz3/kh.chao/PR_Wheeler_Graph/PR_Wheeler_Graph/data/graph/SMT_vs_RHSMT/DeBruijnG_DNA/Human_SLC22A2_orthologues_DNA_k_5_l_2000_a_8.dot,DeBruijnG_DNA,274,1030,4,275,397835,132100,2067,132100,2067,20422,4,1.0000,0.2651,529935,134167,22489,22764
/ccb/salz3/kh.chao/PR_Wheeler_Graph/PR_Wheeler_Graph/data/graph/SMT_vs_RHSMT/DeBruijnG_DNA/Human_SLC38A9_orthologues_DNA_k_3_l_2000_a_6.dot,DeBruijnG_DNA,19,68,4,20,1733,545,143,545,143,200,4,1.0000,0.2651,2278,688,343,363
/ccb/salz3/kh.chao/PR_Wheeler_Graph/PR_Wheeler_Graph/data/graph/SMT_vs_RHSMT/DeBruijnG_DNA/Human_SLC38A9_orthologues_DNA_k_3_l_2000_a_7.dot,DeBruijnG_DNA,19,68,4,20,1733,545,143,545,143,200,4,1.0000,0.2651,2278,688,343,363
/ccb/salz3/kh.chao/PR_Wheeler_Graph/PR_Wheeler_Graph/data/graph/SMT_vs_RHSMT/DeBruijnG_DNA/Human_SLC38A9_orthologues_DNA_k_3_l_2000_a_8.dot,DeBruijnG_DNA,20,70,4,21,1836,579,147,579,147,212,4,1.0000,0.2717,2415,726,359,380
/ccb/salz3/kh.chao/PR_Wheeler_Graph/PR_Wheeler_Graph/data/graph/SMT_vs_RHSMT/DeBruijnG_DNA/Human_SLC38A9_orthologues_DNA_k_4_l_2000_a_6.dot,DeBruijnG_DNA,69,263,4,70,25938,8515,533,8515,533,1616,4,1.0000,0.2585,34453,9048,2149,2219
/ccb/salz3/kh.chao/PR_Wheeler_Graph/PR_Wheeler_Graph/data/graph/SMT_vs_RHSMT/DeBruijnG_DNA/Human_SLC38A9_orthologues_DNA_k_4_l_2000_a_7.dot,DeBruijnG_DNA,69,263,4,70,25938,8515,533,8515,533,1616,4,1.0000,0.2585,34453,9048,2149,2219
/ccb/salz3/kh.chao/PR_Wheeler_Graph/PR_Wheeler_Graph/data/graph/SMT_vs_RHSMT/DeBruijnG_DNA/Human_SLC38A9_orthologues_DNA_k_4_l_2000_a_8.dot,DeBruijnG_DNA,71,266,4,72,26533,8712,539,8712,539,1690,4,1.0000,0.2631,35245,9251,2229,2301
/ccb/salz3/kh.chao/PR_Wheeler_Graph/PR_Wheeler_Graph/data/graph/SMT_vs_RHSMT/DeBruijnG_DNA/Human_SLC38A9_orthologues_DNA_k_5_l_2000_a_6.dot,DeBruijnG_DNA,264,1029,4,265,397044,131862,2065,131862,2065,19088,4,1.0000,0.2556,528906,133927,21153,21418
/ccb/salz3/kh.chao/PR_Wheeler_Graph/PR_Wheeler_Graph/data/graph/SMT_vs_RHSMT/DeBruijnG_DNA/Human_SLC38A9_orthologues_DNA_k_5_l_2000_a_7.dot,DeBruijnG_DNA,264,1033,4,265,400149,132879,2073,132879,2073,19096,4,1.0000,0.2546,533028,134952,21169,21434
/ccb/salz3/kh.chao/PR_Wheeler_Graph/PR_Wheeler_Graph/data/graph/SMT_vs_RHSMT/DeBruijnG_DNA/Human_SLC38A9_orthologues_DNA_k_5_l_2000_a_8.dot,DeBruijnG_DNA,267,1038,4,268,404033,134170,2083,134170,2083,19500,4,1.0000,0.2563,538203,136253,21583,21851
/ccb/salz3/kh.chao/PR_Wheeler_Graph/PR_Wheeler_Graph/data/graph/SMT_vs_RHSMT/DeBruijnG_DNA/Human_SPA17_orthologues_DNA_k_3_l_2000_a_6.dot,DeBruijnG_DNA,21,72,4,22,1941,615,151,615,151,224,4,1.0000,0.2790,2556,766,375,397
/ccb/salz3/kh.chao/PR_Wheeler_Graph/PR_Wheeler_Graph/data/graph/SMT_vs_RHSMT/DeBruijnG_DNA/Human_SPA17_orthologues_DNA_k_3_l_2000_a_7.dot,DeBruijnG_DNA,21,73,4,22,1995,633,153,633,153,226,4,1.0000,0.2753,2628,786,379,401
/ccb/salz3/kh.chao/PR_Wheeler_Graph/PR_Wheeler_Graph/data/graph/SMT_vs_RHSMT/DeBruijnG_DNA/Human_SPA17_orthologues_DNA_k_3_l_2000_a_8.dot,DeBruijnG_DNA,21,73,4,22,1995,633,153,633,153,226,4,1.0000,0.2753,2628,786,379,401
/ccb/salz3/kh.chao/PR_Wheeler_Graph/PR_Wheeler_Graph/data/graph/SMT_vs_RHSMT/DeBruijnG_DNA/Human_SPA17_orthologues_DNA_k_4_l_2000_a_6.dot,DeBruijnG_DNA,73,270,4,74,27331,8984,547,8984,547,1770,4,1.0000,0.2664,36315,9531,2317,2391
/ccb/salz3/kh.chao/PR_Wheeler_Graph/PR_Wheeler_Graph/data/graph/SMT_vs_RHSMT/DeBruijnG_DNA/Human_SPA17_orthologues_DNA_k_4_l_2000_a_7.dot,DeBruijnG_DNA,74,272,4,75,27739,9117,551,9117,551,1810,4,1.0000,0.2681,36856,9668,2361,2436
/ccb/salz3/kh.chao/PR_Wheeler_Graph/PR_Wheeler_Graph/data/graph/SMT_vs_RHSMT/DeBruijnG_DNA/Human_SPA17_orthologues_DNA_k_4_l_2000_a_8.dot,DeBruijnG_DNA,74,272,4,75,27739,9117,551,9117,551,1810,4,1.0000,0.2681,36856,9668,2361,2436
/ccb/salz3/kh.chao/PR_Wheeler_Graph/PR_Wheeler_Graph/data/graph/SMT_vs_RHSMT/DeBruijnG_DNA/Human_SPA17_orthologues_DNA_k_5_l_2000_a_6.dot,DeBruijnG_DNA,271,960,4,272,345435,114885,1927,114885,1927,19888,4,1.0000,0.2814,460320,116812,21815,22087
/ccb/salz3/kh.chao/PR_Wheeler_Graph/PR_Wheeler_Graph/data/graph/SMT_vs_RHSMT/DeBruijnG_DNA/Human_SPA17_orthologues_DNA_k_5_l_2000_a_7.dot,DeBruijnG_DNA,273,982,4,274,361484,120187,1971,120187,1971,20198,4,1.0000,0.2771,481671,122158,22169,22443
/ccb/salz3/kh.chao/PR_Wheeler_Graph/PR_Wheeler_Graph/data/graph/SMT_vs_RHSMT/DeBruijnG_DNA/Human_SPA17_orthologues_DNA_k_5_l_2000_a_8.dot,DeBruijnG_DNA,273,987,4,274,365183,121408,1981,121408,1981,20208,4,1.0000,0.2757,486591,123389,22189,22463
/ccb/salz3/kh.chao/PR_Wheeler_Graph/PR_Wheeler_Graph/data/graph/SMT_vs_RHSMT/DeBruijnG_DNA/Human_STAU2_orthologues_DNA_k_3_l_2000_a_6.dot,DeBruijnG_DNA,20,71,4,21,1889,596,149,596,149,214,4,1.0000,0.2676,2485,745,363,384
/ccb/salz3/kh.chao/PR_Wheeler_Graph/PR_Wheeler_Graph/data/graph/SMT_vs_RHSMT/DeBruijnG_DNA/Human_STAU2_orthologues_DNA_k_3_l_2000_a_7.dot,DeBruijnG_DNA,20,71,4,21,1889,596,149,596,149,214,4,1.0000,0.2676,2485,745,363,384
/ccb/salz3/kh.chao/PR_Wheeler_Graph/PR_Wheeler_Graph/data/graph/SMT_vs_RHSMT/DeBruijnG_DNA/Human_STAU2_orthologues_DNA_k_3_l_2000_a_8.dot,DeBruijnG_DNA,20,71,4,21,1889,596,149,596,149,214,4,1.0000,0.2676,2485,745,363,384
/ccb/salz3/kh.chao/PR_Wheeler_Graph/PR_Wheeler_Graph/data/graph/SMT_vs_RHSMT/DeBruijnG_DNA/Human_STAU2_orthologues_DNA_k_4_l_2000_a_6.dot,DeBruijnG_DNA,72,268,4,73,26926,8852,543,8852,543,1728,4,1.0000,0.2648,35778,9395,2271,2344
/ccb/salz3/kh.chao/PR_Wheeler_Graph/PR_Wheeler_Graph/data/graph/SMT_vs_RHSMT/DeBruijnG_DNA/Human_STAU2_orthologues_DNA_k_4_l_2000_a_7.dot,DeBruijnG_DNA,72,269,4,73,27129,8917,545,8917,545,1730,4,1.0000,0.2638,36046,9462,2275,2348
/ccb/salz3/kh.chao/PR_Wheeler_Graph/PR_Wheeler_Graph/data/graph/SMT_vs_RHSMT/DeBruijnG_DNA/Human_STAU2_orthologues_DNA_k_4_l_2000_a_8.dot,DeBruijnG_DNA,72,269,4,73,27129,8917,545,8917,545,1730,4,1.0000,0.2638,36046,9462,2275,2348
/ccb/salz3/kh.chao/PR_Wheeler_Graph/PR_Wheeler_Graph/data/graph/SMT_vs_RHSMT/DeBruijnG_DNA/Human_STAU2_orthologues_DNA_k_5_l_2000_a_6.dot,DeBruijnG_DNA,269,1023,4,270,392401,130352,2053,130352,2053,19750,4,1.0000,0.2619,522753,132405,21803,22073
/ccb/salz3/kh.chao/PR_Wheeler_Graph/PR_Wheeler_Graph/data/graph/SMT_vs_RHSMT/DeBruijnG_DNA/Human_STAU2_orthologues_DNA_k_5_l_2000_a_7.dot,DeBruijnG_DNA,270,1032,4,271,399361,132635,2071,132635,2071,19898,4,1.0000,0.2606,531996,134706,21969,22240
/ccb/salz3/kh.chao/PR_Wheeler_Graph/PR_Wheeler_Graph/data/graph/SMT_vs_RHSMT/DeBruijnG_DNA/Human_STAU2_orthologues_DNA_k_5_l_2000_a_8.dot,DeBruijnG_DNA,270,1034,4,271,400913,133148,2075,133148,2075,19902,4,1.0000,0.2601,534061,135223,21977,22248
/ccb/salz3/kh.chao/PR_Wheeler_Graph/PR_Wheeler_Graph/data/graph/SMT_vs_RHSMT/DeBruijnG_DNA/Human_TRAM1_orthologues_DNA_k_3_l_2000_a_6.dot,DeBruijnG_DNA,20,70,4,21,1835,580,147,580,147,212,4,1.0000,0.2713,2415,727,359,380
/ccb/salz3/kh.chao/PR_Wheeler_Graph/PR_Wheeler_Graph/data/graph/SMT_vs_RHSMT/DeBruijnG_DNA/Human_TRAM1_orthologues_DNA_k_3_l_2000_a_7.dot,DeBruijnG_DNA,20,70,4,21,1835,580,147,580,147,212,4,1.0000,0.2713,2415,727,359,380
/ccb/salz3/kh.chao/PR_Wheeler_Graph/PR_Wheeler_Graph/data/graph/SMT_vs_RHSMT/DeBruijnG_DNA/Human_TRAM1_orthologues_DNA_k_3_l_2000_a_8.dot,DeBruijnG_DNA,20,70,4,21,1835,580,147,580,147,212,4,1.0000,0.2713,2415,727,359,380
/ccb/salz3/kh.chao/PR_Wheeler_Graph/PR_Wheeler_Graph/data/graph/SMT_vs_RHSMT/DeBruijnG_DNA/Human_TRAM1_orthologues_DNA_k_4_l_2000_a_6.dot,DeBruijnG_DNA,71,264,4,72,26133,8583,535,8583,535,1688,4,1.0000,0.2651,34716,9118,2223,2295
/ccb/salz3/kh.chao/PR_Wheeler_Graph/PR_Wheeler_Graph/data/graph/SMT_vs_RHSMT/DeBruijnG_DNA/Human_TRAM1_orthologues_DNA_k_4_l_2000_a_7.dot,DeBruijnG_DNA,71,265,4,72,26333,8647,537,8647,537,1690,4,1.0000,0.2641,34980,9184,2227,2299
/ccb/salz3/kh.chao/PR_Wheeler_Graph/PR_Wheeler_Graph/data/graph/SMT_vs_RHSMT/DeBruijnG_DNA/Human_TRAM1_orthologues_DNA_k_4_l_2000_a_8.dot,DeBruijnG_DNA,71,265,4,72,26333,8647,537,8647,537,1690,4,1.0000,0.2641,34980,9184,2227,2299
/ccb/salz3/kh.chao/PR_Wheeler_Graph/PR_Wheeler_Graph/data/graph/SMT_vs_RHSMT/DeBruijnG_DNA/Human_TRAM1_orthologues_DNA_k_5_l_2000_a_6.dot,DeBruijnG_DNA,265,953,4,266,340548,113080,1913,113080,1913,19072,4,1.0000,0.2770,453628,114993,20985,21251
/ccb/salz3/kh.chao/PR_Wheeler_Graph/PR_Wheeler_Graph/data/graph/SMT_vs_RHSMT/DeBruijnG_DNA/Human_TRAM1_orthologues_DNA_k_5_l_2000_a_7.dot,DeBruijnG_DNA,266,975,4,267,356450,118375,1957,118375,1957,19244,4,1.0000,0.2718,474825,120332,21201,21468
/ccb/salz3/kh.chao/PR_Wheeler_Graph/PR_Wheeler_Graph/data/graph/SMT_vs_RHSMT/DeBruijnG_DNA/Human_TRAM1_orthologues_DNA_k_5_l_2000_a_8.dot,DeBruijnG_DNA,266,989,4,267,366778,121788,1985,121788,1985,19272,4,1.0000,0.2680,488566,123773,21257,21524
/ccb/salz3/kh.chao/PR_Wheeler_Graph/PR_Wheeler_Graph/data/graph/SMT_vs_RHSMT/DeBruijnG_DNA/Human_TRPC1_orthologues_DNA_k_3_l_2000_a_6.dot,DeBruijnG_DNA,21,74,4,22,2051,650,155,650,155,228,4,1.0000,0.2713,2701,805,383,405
/ccb/salz3/kh.chao/PR_Wheeler_Graph/PR_Wheeler_Graph/data/graph/SMT_vs_RHSMT/DeBruijnG_DNA/Human_TRPC1_orthologues_DNA_k_3_l_2000_a_7.dot,DeBruijnG_DNA,21,75,4,22,2108,667,157,667,157,230,4,1.0000,0.2672,2775,824,387,409
/ccb/salz3/kh.chao/PR_Wheeler_Graph/PR_Wheeler_Graph/data/graph/SMT_vs_RHSMT/DeBruijnG_DNA/Human_TRPC1_orthologues_DNA_k_3_l_2000_a_8.dot,DeBruijnG_DNA,21,75,4,22,2108,667,157,667,157,230,4,1.0000,0.2672,2775,824,387,409
/ccb/salz3/kh.chao/PR_Wheeler_Graph/PR_Wheeler_Graph/data/graph/SMT_vs_RHSMT/DeBruijnG_DNA/Human_TRPC1_orthologues_DNA_k_4_l_2000_a_6.dot,DeBruijnG_DNA,75,272,4,76,27741,9115,551,9115,551,1844,4,1.0000,0.2720,36856,9666,2395,2471
/ccb/salz3/kh.chao/PR_Wheeler_Graph/PR_Wheeler_Graph/data/graph/SMT_vs_RHSMT/DeBruijnG_DNA/Human_TRPC1_orthologues_DNA_k_4_l_2000_a_7.dot,DeBruijnG_DNA,76,274,4,77,28151,9250,555,9250,555,1882,4,1.0000,0.2737,37401,9805,2437,2514
/ccb/salz3/kh.chao/PR_Wheeler_Graph/PR_Wheeler_Graph/data/graph/SMT_vs_RHSMT/DeBruijnG_DNA/Human_TRPC1_orthologues_DNA_k_4_l_2000_a_8.dot,DeBruijnG_DNA,76,275,4,77,28355,9320,557,9320,557,1884,4,1.0000,0.2727,37675,9877,2441,2518
/ccb/salz3/kh.chao/PR_Wheeler_Graph/PR_Wheeler_Graph/data/graph/SMT_vs_RHSMT/DeBruijnG_DNA/Human_TRPC1_orthologues_DNA_k_5_l_2000_a_6.dot,DeBruijnG_DNA,273,1039,4,274,404797,134444,2085,134444,2085,20308,4,1.0000,0.2618,539241,136529,22393,22667
/ccb/salz3/kh.chao/PR_Wheeler_Graph/PR_Wheeler_Graph/data/graph/SMT_vs_RHSMT/DeBruijnG_DNA/Human_TRPC1_orthologues_DNA_k_5_l_2000_a_7.dot,DeBruijnG_DNA,275,1045,4,276,409497,135993,2097,135993,2097,20590,4,1.0000,0.2622,545490,138090,22687,22963
/ccb/salz3/kh.chao/PR_Wheeler_Graph/PR_Wheeler_Graph/data/graph/SMT_vs_RHSMT/DeBruijnG_DNA/Human_TRPC1_orthologues_DNA_k_5_l_2000_a_8.dot,DeBruijnG_DNA,276,1049,4,277,412636,137040,2105,137040,2105,20738,4,1.0000,0.2621,549676,139145,22843,23120
/ccb/salz3/kh.chao/PR_Wheeler_Graph/PR_Wheeler_Graph/data/graph/SMT_vs_RHSMT/DeBruijnG_DNA/Human_TUNAR_orthologues_DNA_k_3_l_2000_a_6.dot,DeBruijnG_DNA,18,66,4,19,1633,512,139,512,139,188,4,1.0000,0.2574,2145,651,327,346
/ccb/salz3/kh.chao/PR_Wheeler_Graph/PR_Wheeler_Graph/data/graph/SMT_vs_RHSMT/DeBruijnG_DNA/Human_TUNAR_orthologues_DNA_k_3_l_2000_a_7.dot,DeBruijnG_DNA,18,66,4,19,1633,512,139,512,139,188,4,1.0000,0.2574,2145,651,327,346
/ccb/salz3/kh.chao/PR_Wheeler_Graph/PR_Wheeler_Graph/data/graph/SMT_vs_RHSMT/DeBruijnG_DNA/Human_TUNAR_orthologues_DNA_k_3_l_2000_a_8.dot,DeBruijnG_DNA,18,66,4,19,1633,512,139,512,139,188,4,1.0000,0.2574,2145,651,327,346
/ccb/salz3/kh.chao/PR_Wheeler_Graph/PR_Wheeler_Graph/data/graph/SMT_vs_RHSMT/DeBruijnG_DNA/Human_TUNAR_orthologues_DNA_k_4_l_2000_a_6.dot,DeBruijnG_DNA,67,193,4,68,13947,4581,393,4581,393,1410,4,1.0000,0.3432,18528,4974,1803,1871
/ccb/salz3/kh.chao/PR_Wheeler_Graph/PR_Wheeler_Graph/data/graph/SMT_vs_RHSMT/DeBruijnG_DNA/Human_TUNAR_orthologues_DNA_k_4_l_2000_a_7.dot,DeBruijnG_DNA,67,199,4,68,14837,4864,405,4864,405,1422,4,1.0000,0.3323,19701,5269,1827,1895
/ccb/salz3/kh.chao/PR_Wheeler_Graph/PR_Wheeler_Graph/data/graph/SMT_vs_RHSMT/DeBruijnG_DNA/Human_TUNAR_orthologues_DNA_k_4_l_2000_a_8.dot,DeBruijnG_DNA,67,200,4,68,14990,4910,407,4910,407,1424,4,1.0000,0.3305,19900,5317,1831,1899
/ccb/salz3/kh.chao/PR_Wheeler_Graph/PR_Wheeler_Graph/data/graph/SMT_vs_RHSMT/DeBruijnG_DNA/Human_TUNAR_orthologues_DNA_k_5_l_2000_a_6.dot,DeBruijnG_DNA,194,328,4,195,40251,13377,663,13377,663,13377,0,0.0000,0.5894,53628,14040,14040,14235
/ccb/salz3/kh.chao/PR_Wheeler_Graph/PR_Wheeler_Graph/data/graph/SMT_vs_RHSMT/DeBruijnG_DNA/Human_TUNAR_orthologues_DNA_k_5_l_2000_a_7.dot,DeBruijnG_DNA,200,354,4,201,46885,15596,715,15596,715,15596,0,0.0000,0.5637,62481,16311,16311,16512
/ccb/salz3/kh.chao/PR_Wheeler_Graph/PR_Wheeler_Graph/data/graph/SMT_vs_RHSMT/DeBruijnG_DNA/Human_TUNAR_orthologues_DNA_k_5_l_2000_a_8.dot,DeBruijnG_DNA,201,360,4,202,48491,16129,727,16129,727,16129,0,0.0000,0.5576,64620,16856,16856,17058
/ccb/salz3/kh.chao/PR_Wheeler_Graph/PR_Wheeler_Graph/data/graph/SMT_vs_RHSMT/DeBruijnG_DNA/Human_UBE2L5_orthologues_DNA_k_3_l_2000_a_6.dot,DeBruijnG_DNA,18,66,4,19,1633,512,139,512,139,188,4,1.0000,0.2574,2145,651,327,346
/ccb/salz3/kh.chao/PR_Wheeler_Graph/PR_Wheeler_Graph/data/graph/SMT_vs_RHSMT/DeBruijnG_DNA/Human_UBE2L5_orthologues_DNA_k_3_l_2000_a_7.dot,DeBruijnG_DNA,18,66,4,19,1633,512,139,512,139,188,4,1.0000,0.2574,2145,651,327,346
/ccb/salz3/kh.chao/PR_Wheeler_Graph/PR_Wheeler_Graph/data/graph/SMT_vs_RHSMT/DeBruijnG_DNA/Human_UBE2L5_orthologues_DNA_k_3_l_2000_a_8.dot,DeBruijnG_DNA,21,71,5,22,1937,548,151,548,151,203,4,0.9577,0.3454,2485,699,354,376
/ccb/salz3/kh.chao/PR_Wheeler_Graph/PR_Wheeler_Graph/data/graph/SMT_vs_RHSMT/DeBruijnG_DNA/Human_UBE2L5_orthologues_DNA_k_4_l_2000_a_6.dot,DeBruijnG_DNA,67,255,4,68,24380,8005,517,8005,517,1534,4,1.0000,0.2589,32385,8522,2051,2119
/ccb/salz3/kh.chao/PR_Wheeler_Graph/PR_Wheeler_Graph/data/graph/SMT_vs_RHSMT/DeBruijnG_DNA/Human_UBE2L5_orthologues_DNA_k_4_l_2000_a_7.dot,DeBruijnG_DNA,67,259,4,68,25154,8257,525,8257,525,1542,4,1.0000,0.2548,33411,8782,2067,2135
/ccb/salz3/kh.chao/PR_Wheeler_Graph/PR_Wheeler_Graph/data/graph/SMT_vs_RHSMT/DeBruijnG_DNA/Human_UBE2L5_orthologues_DNA_k_4_l_2000_a_8.dot,DeBruijnG_DNA,72,266,5,73,26784,8461,541,8461,541,1620,4,0.9850,0.3576,35245,9002,2161,2234
/ccb/salz3/kh.chao/PR_Wheeler_Graph/PR_Wheeler_Graph/data/graph/SMT_vs_RHSMT/DeBruijnG_DNA/Human_UBE2L5_orthologues_DNA_k_5_l_2000_a_6.dot,DeBruijnG_DNA,256,733,4,257,201159,67119,1473,67119,1473,17476,4,1.0000,0.3490,268278,68592,18949,19206
/ccb/salz3/kh.chao/PR_Wheeler_Graph/PR_Wheeler_Graph/data/graph/SMT_vs_RHSMT/DeBruijnG_DNA/Human_UBE2L5_orthologues_DNA_k_5_l_2000_a_7.dot,DeBruijnG_DNA,260,790,4,261,233659,77996,1587,77996,1587,18094,4,1.0000,0.3292,311655,79583,19681,19942
/ccb/salz3/kh.chao/PR_Wheeler_Graph/PR_Wheeler_Graph/data/graph/SMT_vs_RHSMT/DeBruijnG_DNA/Human_UBE2L5_orthologues_DNA_k_5_l_2000_a_8.dot,DeBruijnG_DNA,267,803,5,268,242358,79645,1615,79645,1615,18516,4,0.9938,0.4237,322003,81260,20131,20399
/ccb/salz3/kh.chao/PR_Wheeler_Graph/PR_Wheeler_Graph/data/graph/SMT_vs_RHSMT/DeBruijnG_DNA/Human_ZRANB3_orthologues_DNA_k_3_l_2000_a_6.dot,DeBruijnG_DNA,21,73,4,22,1995,633,153,633,153,226,4,1.0000,0.2753,2628,786,379,401
/ccb/salz3/kh.chao/PR_Wheeler_Graph/PR_Wheeler_Graph/data/graph/SMT_vs_RHSMT/DeBruijnG_DNA/Human_ZRANB3_orthologues_DNA_k_3_l_2000_a_7.dot,DeBruijnG_DNA,21,73,4,22,1995,633,153,633,153,226,4,1.0000,0.2753,2628,786,379,401
/ccb/salz3/kh.chao/PR_Wheeler_Graph/PR_Wheeler_Graph/data/graph/SMT_vs_RHSMT/DeBruijnG_DNA/Human_ZRANB3_orthologues_DNA_k_3_l_2000_a_8.dot,DeBruijnG_DNA,21,74,4,22,2049,652,155,652,155,228,4,1.0000,0.2721,2701,807,383,405
/ccb/salz3/kh.chao/PR_Wheeler_Graph/PR_Wheeler_Graph/data/graph/SMT_vs_RHSMT/DeBruijnG_DNA/Human_ZRANB3_orthologues_DNA_k_4_l_2000_a_6.dot,DeBruijnG_DNA,74,271,4,75,27533,9052,549,9052,549,1808,4,1.0000,0.2691,36585,9601,2357,2432
/ccb/salz3/kh.chao/PR_Wheeler_Graph/PR_Wheeler_Graph/data/graph/SMT_vs_RHSMT/DeBruijnG_DNA/Human_ZRANB3_orthologues_DNA_k_4_l_2000_a_7.dot,DeBruijnG_DNA,74,272,4,75,27733,9123,551,9123,551,1810,4,1.0000,0.2682,36856,9674,2361,2436
/ccb/salz3/kh.chao/PR_Wheeler_Graph/PR_Wheeler_Graph/data/graph/SMT_vs_RHSMT/DeBruijnG_DNA/Human_ZRANB3_orthologues_DNA_k_4_l_2000_a_8.dot,DeBruijnG_DNA,75,274,4,76,28139,9262,555,9262,555,1852,4,1.0000,0.2698,37401,9817,2407,2483
/ccb/salz3/kh.chao/PR_Wheeler_Graph/PR_Wheeler_Graph/data/graph/SMT_vs_RHSMT/DeBruijnG_DNA/Human_ZRANB3_orthologues_DNA_k_5_l_2000_a_6.dot,DeBruijnG_DNA,272,1040,4,273,405589,134691,2087,134691,2087,20184,4,1.0000,0.2605,540280,136778,22271,22544
/ccb/salz3/kh.chao/PR_Wheeler_Graph/PR_Wheeler_Graph/data/graph/SMT_vs_RHSMT/DeBruijnG_DNA/Human_ZRANB3_orthologues_DNA_k_5_l_2000_a_7.dot,DeBruijnG_DNA,273,1044,4,274,408713,135733,2095,135733,2095,20334,4,1.0000,0.2605,544446,137828,22429,22703
/ccb/salz3/kh.chao/PR_Wheeler_Graph/PR_Wheeler_Graph/data/graph/SMT_vs_RHSMT/DeBruijnG_DNA/Human_ZRANB3_orthologues_DNA_k_5_l_2000_a_8.dot,DeBruijnG_DNA,275,1047,4,276,411057,136524,2101,136524,2101,20618,4,1.0000,0.2616,547581,138625,22719,22995
/ccb/salz3/kh.chao/PR_Wheeler_Graph/PR_Wheeler_Graph/data/graph/SMT_vs_RHSMT/DeBruijnG_AA/Human_ANGPTL4_orthologues_AA_k_3_l_2000_a_6.dot,DeBruijnG_AA,355,1598,20,356,1200580,75423,3235,75423,3235,9500,18,0.9643,0.2696,1276003,78658,12735,13091
/ccb/salz3/kh.chao/PR_Wheeler_Graph/PR_Wheeler_Graph/data/graph/SMT_vs_RHSMT/DeBruijnG_AA/Human_ANGPTL4_orthologues_AA_k_3_l_2000_a_7.dot,DeBruijnG_AA,359,1709,20,360,1373219,86267,3457,86267,3457,9881,18,0.9655,0.2560,1459486,89724,13338,13698
/ccb/salz3/kh.chao/PR_Wheeler_Graph/PR_Wheeler_Graph/data/graph/SMT_vs_RHSMT/DeBruijnG_AA/Human_ANGPTL4_orthologues_AA_k_3_l_2000_a_8.dot,DeBruijnG_AA,359,1765,20,360,1464953,91777,3569,91777,3569,9993,18,0.9666,0.2478,1556730,95346,13562,13922
/ccb/salz3/kh.chao/PR_Wheeler_Graph/PR_Wheeler_Graph/data/graph/SMT_vs_RHSMT/DeBruijnG_AA/Human_ANGPTL4_orthologues_AA_k_4_l_2000_a_6.dot,DeBruijnG_AA,1599,2131,20,1600,2128563,140952,4301,140952,4301,140952,0,0.0000,0.7809,2269515,145253,145253,146853
/ccb/salz3/kh.chao/PR_Wheeler_Graph/PR_Wheeler_Graph/data/graph/SMT_vs_RHSMT/DeBruijnG_AA/Human_ANGPTL4_orthologues_AA_k_4_l_2000_a_7.dot,DeBruijnG_AA,1710,2345,20,1711,2577498,170842,4729,170842,4729,170842,0,0.0000,0.7583,2748340,175571,175571,177282
/ccb/salz3/kh.chao/PR_Wheeler_Graph/PR_Wheeler_Graph/data/graph/SMT_vs_RHSMT/DeBruijnG_AA/Human_ANGPTL4_orthologues_AA_k_4_l_2000_a_8.dot,DeBruijnG_AA,1766,2468,20,1767,2854837,189441,4975,189441,4975,189441,0,0.0000,0.7469,3044278,194416,194416,196183
/ccb/salz3/kh.chao/PR_Wheeler_Graph/PR_Wheeler_Graph/data/graph/SMT_vs_RHSMT/DeBruijnG_AA/Human_ANGPTL4_orthologues_AA_k_5_l_2000_a_6.dot,DeBruijnG_AA,2132,2262,20,2133,2397481,159710,4563,159710,4563,159710,0,0.0000,0.9430,2557191,164273,164273,166406
/ccb/salz3/kh.chao/PR_Wheeler_Graph/PR_Wheeler_Graph/data/graph/SMT_vs_RHSMT/DeBruijnG_AA/Human_ANGPTL4_orthologues_AA_k_5_l_2000_a_7.dot,DeBruijnG_AA,2346,2508,20,2347,2946711,197067,5055,197067,5055,197067,0,0.0000,0.9375,3143778,202122,202122,204469
/ccb/salz3/kh.chao/PR_Wheeler_Graph/PR_Wheeler_Graph/data/graph/SMT_vs_RHSMT/DeBruijnG_AA/Human_ANGPTL4_orthologues_AA_k_5_l_2000_a_8.dot,DeBruijnG_AA,2469,2661,20,2470,3317368,221762,5361,221762,5361,221762,0,0.0000,0.9289,3539130,227123,227123,229593
/ccb/salz3/kh.chao/PR_Wheeler_Graph/PR_Wheeler_Graph/data/graph/SMT_vs_RHSMT/DeBruijnG_AA/Human_BTBD17_orthologues_AA_k_3_l_2000_a_6.dot,DeBruijnG_AA,344,1317,20,345,814700,51886,2673,51886,2673,8419,19,0.9886,0.2981,866586,54559,11092,11437
/ccb/salz3/kh.chao/PR_Wheeler_Graph/PR_Wheeler_Graph/data/graph/SMT_vs_RHSMT/DeBruijnG_AA/Human_BTBD17_orthologues_AA_k_3_l_2000_a_7.dot,DeBruijnG_AA,345,1328,20,346,828363,52765,2695,52765,2695,8473,19,0.9887,0.2971,881128,55460,11168,11514
/ccb/salz3/kh.chao/PR_Wheeler_Graph/PR_Wheeler_Graph/data/graph/SMT_vs_RHSMT/DeBruijnG_AA/Human_BTBD17_orthologues_AA_k_3_l_2000_a_8.dot,DeBruijnG_AA,352,1421,20,353,949332,59578,2881,59578,2881,8882,19,0.9887,0.2823,1008910,62459,11763,12116
/ccb/salz3/kh.chao/PR_Wheeler_Graph/PR_Wheeler_Graph/data/graph/SMT_vs_RHSMT/DeBruijnG_AA/Human_BTBD17_orthologues_AA_k_4_l_2000_a_6.dot,DeBruijnG_AA,1318,1769,20,1319,1462751,101045,3577,101045,3577,101045,0,0.0000,0.7728,1563796,104622,104622,105941
/ccb/salz3/kh.chao/PR_Wheeler_Graph/PR_Wheeler_Graph/data/graph/SMT_vs_RHSMT/DeBruijnG_AA/Human_BTBD17_orthologues_AA_k_4_l_2000_a_7.dot,DeBruijnG_AA,1329,1791,20,1330,1499411,103534,3621,103534,3621,103534,0,0.0000,0.7702,1602945,107155,107155,108485
/ccb/salz3/kh.chao/PR_Wheeler_Graph/PR_Wheeler_Graph/data/graph/SMT_vs_RHSMT/DeBruijnG_AA/Human_BTBD17_orthologues_AA_k_4_l_2000_a_8.dot,DeBruijnG_AA,1422,1953,20,1423,1783767,122361,3945,122361,3945,122361,0,0.0000,0.7591,1906128,126306,126306,127729
/ccb/salz3/kh.chao/PR_Wheeler_Graph/PR_Wheeler_Graph/data/graph/SMT_vs_RHSMT/DeBruijnG_AA/Human_BTBD17_orthologues_AA_k_5_l_2000_a_6.dot,DeBruijnG_AA,1770,1928,20,1771,1736133,121495,3895,121495,3895,121495,0,0.0000,0.9183,1857628,125390,125390,127161
/ccb/salz3/kh.chao/PR_Wheeler_Graph/PR_Wheeler_Graph/data/graph/SMT_vs_RHSMT/DeBruijnG_AA/Human_BTBD17_orthologues_AA_k_5_l_2000_a_7.dot,DeBruijnG_AA,1792,1953,20,1793,1781565,124563,3945,124563,3945,124563,0,0.0000,0.9178,1906128,128508,128508,130301
/ccb/salz3/kh.chao/PR_Wheeler_Graph/PR_Wheeler_Graph/data/graph/SMT_vs_RHSMT/DeBruijnG_AA/Human_BTBD17_orthologues_AA_k_5_l_2000_a_8.dot,DeBruijnG_AA,1954,2150,20,1955,2160051,150124,4339,150124,4339,150124,0,0.0000,0.9104,2310175,154463,154463,156418
/ccb/salz3/kh.chao/PR_Wheeler_Graph/PR_Wheeler_Graph/data/graph/SMT_vs_RHSMT/DeBruijnG_AA/Human_C17orf67_orthologues_AA_k_3_l_2000_a_6.dot,DeBruijnG_AA,192,353,21,193,58360,3768,747,3768,747,2761,4,0.3343,0.6117,62128,4515,3508,3701
/ccb/salz3/kh.chao/PR_Wheeler_Graph/PR_Wheeler_Graph/data/graph/SMT_vs_RHSMT/DeBruijnG_AA/Human_C17orf67_orthologues_AA_k_3_l_2000_a_7.dot,DeBruijnG_AA,210,394,21,211,72821,4600,829,4600,829,3151,6,0.4289,0.5944,77421,5429,3980,4191
/ccb/salz3/kh.chao/PR_Wheeler_Graph/PR_Wheeler_Graph/data/graph/SMT_vs_RHSMT/DeBruijnG_AA/Human_C17orf67_orthologues_AA_k_3_l_2000_a_8.dot,DeBruijnG_AA,217,424,21,218,84306,5370,889,5370,889,3356,7,0.5000,0.5765,89676,6259,4245,4463
/ccb/salz3/kh.chao/PR_Wheeler_Graph/PR_Wheeler_Graph/data/graph/SMT_vs_RHSMT/DeBruijnG_AA/Human_C17orf67_orthologues_AA_k_4_l_2000_a_6.dot,DeBruijnG_AA,354,406,21,355,76878,5337,853,5337,853,5337,0,0.0000,0.8886,82215,6190,6190,6545
/ccb/salz3/kh.chao/PR_Wheeler_Graph/PR_Wheeler_Graph/data/graph/SMT_vs_RHSMT/DeBruijnG_AA/Human_C17orf67_orthologues_AA_k_4_l_2000_a_7.dot,DeBruijnG_AA,395,460,21,396,98921,6649,961,6649,961,6649,0,0.0000,0.8752,105570,7610,7610,8006
/ccb/salz3/kh.chao/PR_Wheeler_Graph/PR_Wheeler_Graph/data/graph/SMT_vs_RHSMT/DeBruijnG_AA/Human_C17orf67_orthologues_AA_k_4_l_2000_a_8.dot,DeBruijnG_AA,425,505,21,426,119107,8153,1051,8153,1051,8153,0,0.0000,0.8630,127260,9204,9204,9630
/ccb/salz3/kh.chao/PR_Wheeler_Graph/PR_Wheeler_Graph/data/graph/SMT_vs_RHSMT/DeBruijnG_AA/Human_C17orf67_orthologues_AA_k_5_l_2000_a_6.dot,DeBruijnG_AA,407,433,21,408,87481,6047,907,6047,907,6047,0,0.0000,0.9356,93528,6954,6954,7362
/ccb/salz3/kh.chao/PR_Wheeler_Graph/PR_Wheeler_Graph/data/graph/SMT_vs_RHSMT/DeBruijnG_AA/Human_C17orf67_orthologues_AA_k_5_l_2000_a_7.dot,DeBruijnG_AA,461,494,21,462,114090,7681,1029,7681,1029,7681,0,0.0000,0.9308,121771,8710,8710,9172
/ccb/salz3/kh.chao/PR_Wheeler_Graph/PR_Wheeler_Graph/data/graph/SMT_vs_RHSMT/DeBruijnG_AA/Human_C17orf67_orthologues_AA_k_5_l_2000_a_8.dot,DeBruijnG_AA,506,548,21,507,140217,9661,1137,9661,1137,9661,0,0.0000,0.9211,149878,10798,10798,11305
/ccb/salz3/kh.chao/PR_Wheeler_Graph/PR_Wheeler_Graph/data/graph/SMT_vs_RHSMT/DeBruijnG_AA/Human_CEP57L1_orthologues_AA_k_3_l_2000_a_6.dot,DeBruijnG_AA,354,1597,20,355,1194928,79478,3233,79478,3233,9383,18,0.9756,0.2935,1274406,82711,12616,12971
/ccb/salz3/kh.chao/PR_Wheeler_Graph/PR_Wheeler_Graph/data/graph/SMT_vs_RHSMT/DeBruijnG_AA/Human_CEP57L1_orthologues_AA_k_3_l_2000_a_7.dot,DeBruijnG_AA,362,1779,20,363,1484404,97127,3597,97127,3597,9850,19,0.9949,0.2696,1581531,100724,13447,13810
/ccb/salz3/kh.chao/PR_Wheeler_Graph/PR_Wheeler_Graph/data/graph/SMT_vs_RHSMT/DeBruijnG_AA/Human_CEP57L1_orthologues_AA_k_3_l_2000_a_8.dot,DeBruijnG_AA,365,1853,20,366,1611319,104559,3745,104559,3745,10087,19,0.9941,0.2562,1715878,108304,13832,14198
/ccb/salz3/kh.chao/PR_Wheeler_Graph/PR_Wheeler_Graph/data/graph/SMT_vs_RHSMT/DeBruijnG_AA/Human_CEP57L1_orthologues_AA_k_4_l_2000_a_6.dot,DeBruijnG_AA,1598,2216,20,1599,2290302,163918,4471,163918,4471,163918,0,0.0000,0.7717,2454220,168389,168389,169988
/ccb/salz3/kh.chao/PR_Wheeler_Graph/PR_Wheeler_Graph/data/graph/SMT_vs_RHSMT/DeBruijnG_AA/Human_CEP57L1_orthologues_AA_k_4_l_2000_a_7.dot,DeBruijnG_AA,1780,2575,20,1781,3093195,220830,5189,220830,5189,220830,0,0.0000,0.7459,3314025,226019,226019,227800
/ccb/salz3/kh.chao/PR_Wheeler_Graph/PR_Wheeler_Graph/data/graph/SMT_vs_RHSMT/DeBruijnG_AA/Human_CEP57L1_orthologues_AA_k_4_l_2000_a_8.dot,DeBruijnG_AA,1854,2730,20,1855,3479249,245836,5499,245836,5499,245836,0,0.0000,0.7314,3725085,251335,251335,253190
/ccb/salz3/kh.chao/PR_Wheeler_Graph/PR_Wheeler_Graph/data/graph/SMT_vs_RHSMT/DeBruijnG_AA/Human_CEP57L1_orthologues_AA_k_5_l_2000_a_6.dot,DeBruijnG_AA,2217,2372,20,2218,2619725,192281,4783,192281,4783,192281,0,0.0000,0.9504,2812006,197064,197064,199282
/ccb/salz3/kh.chao/PR_Wheeler_Graph/PR_Wheeler_Graph/data/graph/SMT_vs_RHSMT/DeBruijnG_AA/Human_CEP57L1_orthologues_AA_k_5_l_2000_a_7.dot,DeBruijnG_AA,2576,2774,20,2577,3583072,263079,5587,263079,5587,263079,0,0.0000,0.9461,3846151,268666,268666,271243
/ccb/salz3/kh.chao/PR_Wheeler_Graph/PR_Wheeler_Graph/data/graph/SMT_vs_RHSMT/DeBruijnG_AA/Human_CEP57L1_orthologues_AA_k_5_l_2000_a_8.dot,DeBruijnG_AA,2731,2971,20,2732,4113264,298671,5981,298671,5981,298671,0,0.0000,0.9362,4411935,304652,304652,307384
/ccb/salz3/kh.chao/PR_Wheeler_Graph/PR_Wheeler_Graph/data/graph/SMT_vs_RHSMT/DeBruijnG_AA/Human_CLPX_orthologues_AA_k_3_l_2000_a_6.dot,DeBruijnG_AA,353,1525,20,354,1093832,68218,3089,68218,3089,9277,18,0.9711,0.2880,1162050,71307,12366,12720
/ccb/salz3/kh.chao/PR_Wheeler_Graph/PR_Wheeler_Graph/data/graph/SMT_vs_RHSMT/DeBruijnG_AA/Human_CLPX_orthologues_AA_k_3_l_2000_a_7.dot,DeBruijnG_AA,356,1616,20,357,1228180,76740,3271,76740,3271,9559,18,0.9715,0.2784,1304920,80011,12830,13187
/ccb/salz3/kh.chao/PR_Wheeler_Graph/PR_Wheeler_Graph/data/graph/SMT_vs_RHSMT/DeBruijnG_AA/Human_CLPX_orthologues_AA_k_3_l_2000_a_8.dot,DeBruijnG_AA,356,1633,20,357,1254040,78488,3305,78488,3305,9341,19,0.9939,0.2760,1332528,81793,12646,13003
/ccb/salz3/kh.chao/PR_Wheeler_Graph/PR_Wheeler_Graph/data/graph/SMT_vs_RHSMT/DeBruijnG_AA/Human_CLPX_orthologues_AA_k_4_l_2000_a_6.dot,DeBruijnG_AA,1526,1995,20,1527,1865809,123206,4029,123206,4029,123206,0,0.0000,0.8048,1989015,127235,127235,128762
/ccb/salz3/kh.chao/PR_Wheeler_Graph/PR_Wheeler_Graph/data/graph/SMT_vs_RHSMT/DeBruijnG_AA/Human_CLPX_orthologues_AA_k_4_l_2000_a_7.dot,DeBruijnG_AA,1617,2158,20,1618,2183060,144343,4355,144343,4355,144343,0,0.0000,0.7890,2327403,148698,148698,150316
/ccb/salz3/kh.chao/PR_Wheeler_Graph/PR_Wheeler_Graph/data/graph/SMT_vs_RHSMT/DeBruijnG_AA/Human_CLPX_orthologues_AA_k_4_l_2000_a_8.dot,DeBruijnG_AA,1634,2194,20,1635,2256315,149406,4427,149406,4427,149406,0,0.0000,0.7845,2405721,153833,153833,155468
/ccb/salz3/kh.chao/PR_Wheeler_Graph/PR_Wheeler_Graph/data/graph/SMT_vs_RHSMT/DeBruijnG_AA/Human_CLPX_orthologues_AA_k_5_l_2000_a_6.dot,DeBruijnG_AA,1996,2142,20,1997,2149653,143358,4323,143358,4323,143358,0,0.0000,0.9404,2293011,147681,147681,149678
/ccb/salz3/kh.chao/PR_Wheeler_Graph/PR_Wheeler_Graph/data/graph/SMT_vs_RHSMT/DeBruijnG_AA/Human_CLPX_orthologues_AA_k_5_l_2000_a_7.dot,DeBruijnG_AA,2159,2342,20,2160,2569147,172164,4723,172164,4723,172164,0,0.0000,0.9326,2741311,176887,176887,179047
/ccb/salz3/kh.chao/PR_Wheeler_Graph/PR_Wheeler_Graph/data/graph/SMT_vs_RHSMT/DeBruijnG_AA/Human_CLPX_orthologues_AA_k_5_l_2000_a_8.dot,DeBruijnG_AA,2195,2391,20,2196,2677462,179783,4821,179783,4821,179783,0,0.0000,0.9291,2857245,184604,184604,186800
/ccb/salz3/kh.chao/PR_Wheeler_Graph/PR_Wheeler_Graph/data/graph/SMT_vs_RHSMT/DeBruijnG_AA/Human_DCSTAMP_orthologues_AA_k_3_l_2000_a_6.dot,DeBruijnG_AA,364,1598,20,365,1199457,76546,3235,76546,3235,9528,20,1.0000,0.2643,1276003,79781,12763,13128
/ccb/salz3/kh.chao/PR_Wheeler_Graph/PR_Wheeler_Graph/data/graph/SMT_vs_RHSMT/DeBruijnG_AA/Human_DCSTAMP_orthologues_AA_k_3_l_2000_a_7.dot,DeBruijnG_AA,371,1723,20,372,1395497,88006,3485,88006,3485,10008,20,1.0000,0.2494,1483503,91491,13493,13865
/ccb/salz3/kh.chao/PR_Wheeler_Graph/PR_Wheeler_Graph/data/graph/SMT_vs_RHSMT/DeBruijnG_AA/Human_DCSTAMP_orthologues_AA_k_3_l_2000_a_8.dot,DeBruijnG_AA,373,1820,20,374,1557827,97463,3679,97463,3679,10274,20,1.0000,0.2361,1655290,101142,13953,14327
/ccb/salz3/kh.chao/PR_Wheeler_Graph/PR_Wheeler_Graph/data/graph/SMT_vs_RHSMT/DeBruijnG_AA/Human_DCSTAMP_orthologues_AA_k_4_l_2000_a_6.dot,DeBruijnG_AA,1599,2187,20,1600,2231659,158732,4413,158732,4413,158732,0,0.0000,0.7704,2390391,163145,163145,164745
/ccb/salz3/kh.chao/PR_Wheeler_Graph/PR_Wheeler_Graph/data/graph/SMT_vs_RHSMT/DeBruijnG_AA/Human_DCSTAMP_orthologues_AA_k_4_l_2000_a_7.dot,DeBruijnG_AA,1724,2417,20,1725,2726511,193225,4873,193225,4873,193225,0,0.0000,0.7536,2919736,198098,198098,199823
/ccb/salz3/kh.chao/PR_Wheeler_Graph/PR_Wheeler_Graph/data/graph/SMT_vs_RHSMT/DeBruijnG_AA/Human_DCSTAMP_orthologues_AA_k_4_l_2000_a_8.dot,DeBruijnG_AA,1821,2609,20,1822,3177436,224700,5257,224700,5257,224700,0,0.0000,0.7403,3402136,229957,229957,231779
/ccb/salz3/kh.chao/PR_Wheeler_Graph/PR_Wheeler_Graph/data/graph/SMT_vs_RHSMT/DeBruijnG_AA/Human_DCSTAMP_orthologues_AA_k_5_l_2000_a_6.dot,DeBruijnG_AA,2188,2367,20,2189,2609360,190801,4773,190801,4773,190801,0,0.0000,0.9364,2800161,195574,195574,197763
/ccb/salz3/kh.chao/PR_Wheeler_Graph/PR_Wheeler_Graph/data/graph/SMT_vs_RHSMT/DeBruijnG_AA/Human_DCSTAMP_orthologues_AA_k_5_l_2000_a_7.dot,DeBruijnG_AA,2418,2650,20,2419,3271032,238893,5339,238893,5339,238893,0,0.0000,0.9244,3509925,244232,244232,246651
/ccb/salz3/kh.chao/PR_Wheeler_Graph/PR_Wheeler_Graph/data/graph/SMT_vs_RHSMT/DeBruijnG_AA/Human_DCSTAMP_orthologues_AA_k_5_l_2000_a_8.dot,DeBruijnG_AA,2610,2892,20,2611,3896550,283836,5823,283836,5823,283836,0,0.0000,0.9132,4180386,289659,289659,292270
/ccb/salz3/kh.chao/PR_Wheeler_Graph/PR_Wheeler_Graph/data/graph/SMT_vs_RHSMT/DeBruijnG_AA/Human_DOCK4_orthologues_AA_k_3_l_2000_a_6.dot,DeBruijnG_AA,401,3554,20,402,5970042,343639,7147,343639,7147,14720,20,1.0000,0.1318,6313681,350786,21867,22269
/ccb/salz3/kh.chao/PR_Wheeler_Graph/PR_Wheeler_Graph/data/graph/SMT_vs_RHSMT/DeBruijnG_AA/Human_DOCK4_orthologues_AA_k_3_l_2000_a_7.dot,DeBruijnG_AA,401,3636,20,402,6249396,359034,7311,359034,7311,14884,20,1.0000,0.1283,6608430,366345,22195,22597
/ccb/salz3/kh.chao/PR_Wheeler_Graph/PR_Wheeler_Graph/data/graph/SMT_vs_RHSMT/DeBruijnG_AA/Human_DOCK4_orthologues_AA_k_3_l_2000_a_8.dot,DeBruijnG_AA,401,3725,20,402,6559510,376440,7489,376440,7489,15062,20,1.0000,0.1253,6935950,383929,22551,22953
/ccb/salz3/kh.chao/PR_Wheeler_Graph/PR_Wheeler_Graph/data/graph/SMT_vs_RHSMT/DeBruijnG_AA/Human_DOCK4_orthologues_AA_k_4_l_2000_a_6.dot,DeBruijnG_AA,3555,5760,20,3556,15615174,970746,11559,970746,11559,886839,1,0.0977,0.6546,16585920,982305,898398,901954
/ccb/salz3/kh.chao/PR_Wheeler_Graph/PR_Wheeler_Graph/data/graph/SMT_vs_RHSMT/DeBruijnG_AA/Human_DOCK4_orthologues_AA_k_4_l_2000_a_7.dot,DeBruijnG_AA,3637,6053,20,3638,17244659,1071719,12145,1071719,12145,907242,2,0.1827,0.6390,18316378,1083864,919387,923025
/ccb/salz3/kh.chao/PR_Wheeler_Graph/PR_Wheeler_Graph/data/graph/SMT_vs_RHSMT/DeBruijnG_AA/Human_DOCK4_orthologues_AA_k_4_l_2000_a_8.dot,DeBruijnG_AA,3726,6345,20,3727,18949987,1176353,12729,1176353,12729,991829,2,0.1812,0.6257,20126340,1189082,1004558,1008285
/ccb/salz3/kh.chao/PR_Wheeler_Graph/PR_Wheeler_Graph/data/graph/SMT_vs_RHSMT/DeBruijnG_AA/Human_DOCK4_orthologues_AA_k_5_l_2000_a_6.dot,DeBruijnG_AA,5761,6254,20,5762,18398032,1155099,12547,1155099,12547,1155099,0,0.0000,0.9274,19553131,1167646,1167646,1173408
/ccb/salz3/kh.chao/PR_Wheeler_Graph/PR_Wheeler_Graph/data/graph/SMT_vs_RHSMT/DeBruijnG_AA/Human_DOCK4_orthologues_AA_k_5_l_2000_a_7.dot,DeBruijnG_AA,6054,6636,20,6055,20712189,1302741,13311,1302741,13311,1302741,0,0.0000,0.9199,22014930,1316052,1316052,1322107
/ccb/salz3/kh.chao/PR_Wheeler_Graph/PR_Wheeler_Graph/data/graph/SMT_vs_RHSMT/DeBruijnG_AA/Human_DOCK4_orthologues_AA_k_5_l_2000_a_8.dot,DeBruijnG_AA,6346,7025,20,6347,23210817,1460983,14089,1460983,14089,1460983,0,0.0000,0.9122,24671800,1475072,1475072,1481419
/ccb/salz3/kh.chao/PR_Wheeler_Graph/PR_Wheeler_Graph/data/graph/SMT_vs_RHSMT/DeBruijnG_AA/Human_ELSPBP1_orthologues_AA_k_3_l_2000_a_6.dot,DeBruijnG_AA,274,630,20,275,186977,11158,1299,11158,1299,5232,13,0.7667,0.4732,198135,12457,6531,6806
/ccb/salz3/kh.chao/PR_Wheeler_Graph/PR_Wheeler_Graph/data/graph/SMT_vs_RHSMT/DeBruijnG_AA/Human_ELSPBP1_orthologues_AA_k_3_l_2000_a_7.dot,DeBruijnG_AA,285,700,20,286,230869,13781,1439,13781,1439,5486,15,0.8429,0.4478,244650,15220,6925,7211
/ccb/salz3/kh.chao/PR_Wheeler_Graph/PR_Wheeler_Graph/data/graph/SMT_vs_RHSMT/DeBruijnG_AA/Human_ELSPBP1_orthologues_AA_k_3_l_2000_a_8.dot,DeBruijnG_AA,285,727,20,286,249005,14896,1493,14896,1493,5239,17,0.9285,0.4325,263901,16389,6732,7018
/ccb/salz3/kh.chao/PR_Wheeler_Graph/PR_Wheeler_Graph/data/graph/SMT_vs_RHSMT/DeBruijnG_AA/Human_ELSPBP1_orthologues_AA_k_4_l_2000_a_6.dot,DeBruijnG_AA,631,765,20,632,275131,17099,1569,17099,1569,17099,0,0.0000,0.8494,292230,18668,18668,19300
/ccb/salz3/kh.chao/PR_Wheeler_Graph/PR_Wheeler_Graph/data/graph/SMT_vs_RHSMT/DeBruijnG_AA/Human_ELSPBP1_orthologues_AA_k_4_l_2000_a_7.dot,DeBruijnG_AA,701,865,20,702,351763,21917,1769,21917,1769,21917,0,0.0000,0.8332,373680,23686,23686,24388
/ccb/salz3/kh.chao/PR_Wheeler_Graph/PR_Wheeler_Graph/data/graph/SMT_vs_RHSMT/DeBruijnG_AA/Human_ELSPBP1_orthologues_AA_k_4_l_2000_a_8.dot,DeBruijnG_AA,728,911,20,729,390041,24464,1861,24464,1861,24464,0,0.0000,0.8251,414505,26325,26325,27054
/ccb/salz3/kh.chao/PR_Wheeler_Graph/PR_Wheeler_Graph/data/graph/SMT_vs_RHSMT/DeBruijnG_AA/Human_ELSPBP1_orthologues_AA_k_5_l_2000_a_6.dot,DeBruijnG_AA,766,844,20,767,335030,20716,1727,20716,1727,20716,0,0.0000,0.9093,355746,22443,22443,23210
/ccb/salz3/kh.chao/PR_Wheeler_Graph/PR_Wheeler_Graph/data/graph/SMT_vs_RHSMT/DeBruijnG_AA/Human_ELSPBP1_orthologues_AA_k_5_l_2000_a_7.dot,DeBruijnG_AA,866,961,20,867,434285,26995,1961,26995,1961,26995,0,0.0000,0.9020,461280,28956,28956,29823
/ccb/salz3/kh.chao/PR_Wheeler_Graph/PR_Wheeler_Graph/data/graph/SMT_vs_RHSMT/DeBruijnG_AA/Human_ELSPBP1_orthologues_AA_k_5_l_2000_a_8.dot,DeBruijnG_AA,912,1021,20,913,489973,30737,2081,30737,2081,30737,0,0.0000,0.8960,520710,32818,32818,33731
/ccb/salz3/kh.chao/PR_Wheeler_Graph/PR_Wheeler_Graph/data/graph/SMT_vs_RHSMT/DeBruijnG_AA/Human_FAM53A_orthologues_AA_k_3_l_2000_a_6.dot,DeBruijnG_AA,313,1064,21,314,528865,36651,2169,36651,2169,7176,15,0.8976,0.3765,565516,38820,9345,9659
/ccb/salz3/kh.chao/PR_Wheeler_Graph/PR_Wheeler_Graph/data/graph/SMT_vs_RHSMT/DeBruijnG_AA/Human_FAM53A_orthologues_AA_k_3_l_2000_a_7.dot,DeBruijnG_AA,320,1174,21,321,644069,44482,2389,44482,2389,7447,16,0.9293,0.3548,688551,46871,9836,10157
/ccb/salz3/kh.chao/PR_Wheeler_Graph/PR_Wheeler_Graph/data/graph/SMT_vs_RHSMT/DeBruijnG_AA/Human_FAM53A_orthologues_AA_k_3_l_2000_a_8.dot,DeBruijnG_AA,323,1248,21,324,727857,50271,2537,50271,2537,7709,17,0.9455,0.3378,778128,52808,10246,10570
/ccb/salz3/kh.chao/PR_Wheeler_Graph/PR_Wheeler_Graph/data/graph/SMT_vs_RHSMT/DeBruijnG_AA/Human_FAM53A_orthologues_AA_k_4_l_2000_a_6.dot,DeBruijnG_AA,1065,1430,21,1066,949037,72698,2901,72698,2901,72698,0,0.0000,0.7822,1021735,75599,75599,76665
/ccb/salz3/kh.chao/PR_Wheeler_Graph/PR_Wheeler_Graph/data/graph/SMT_vs_RHSMT/DeBruijnG_AA/Human_FAM53A_orthologues_AA_k_4_l_2000_a_7.dot,DeBruijnG_AA,1175,1648,21,1176,1259297,97831,3337,97831,3337,97831,0,0.0000,0.7617,1357128,101168,101168,102344
/ccb/salz3/kh.chao/PR_Wheeler_Graph/PR_Wheeler_Graph/data/graph/SMT_vs_RHSMT/DeBruijnG_AA/Human_FAM53A_orthologues_AA_k_4_l_2000_a_8.dot,DeBruijnG_AA,1249,1774,21,1250,1459422,113229,3589,113229,3589,113229,0,0.0000,0.7527,1572651,116818,116818,118068
/ccb/salz3/kh.chao/PR_Wheeler_Graph/PR_Wheeler_Graph/data/graph/SMT_vs_RHSMT/DeBruijnG_AA/Human_FAM53A_orthologues_AA_k_5_l_2000_a_6.dot,DeBruijnG_AA,1431,1572,21,1432,1145277,89529,3185,89529,3185,89529,0,0.0000,0.9199,1234806,92714,92714,94146
/ccb/salz3/kh.chao/PR_Wheeler_Graph/PR_Wheeler_Graph/data/graph/SMT_vs_RHSMT/DeBruijnG_AA/Human_FAM53A_orthologues_AA_k_5_l_2000_a_7.dot,DeBruijnG_AA,1649,1833,21,1650,1555376,123652,3707,123652,3707,123652,0,0.0000,0.9084,1679028,127359,127359,129009
/ccb/salz3/kh.chao/PR_Wheeler_Graph/PR_Wheeler_Graph/data/graph/SMT_vs_RHSMT/DeBruijnG_AA/Human_FAM53A_orthologues_AA_k_5_l_2000_a_8.dot,DeBruijnG_AA,1775,1988,21,1776,1829658,145420,4017,145420,4017,145420,0,0.0000,0.9021,1975078,149437,149437,151213
/ccb/salz3/kh.chao/PR_Wheeler_Graph/PR_Wheeler_Graph/data/graph/SMT_vs_RHSMT/DeBruijnG_AA/Human_FHIP1B_orthologues_AA_k_3_l_2000_a_6.dot,DeBruijnG_AA,383,2152,20,384,2177563,136913,4343,136913,4343,11286,20,1.0000,0.2157,2314476,141256,15629,16013
/ccb/salz3/kh.chao/PR_Wheeler_Graph/PR_Wheeler_Graph/data/graph/SMT_vs_RHSMT/DeBruijnG_AA/Human_FHIP1B_orthologues_AA_k_3_l_2000_a_7.dot,DeBruijnG_AA,388,2465,20,389,2859089,177791,4969,177791,4969,12090,20,1.0000,0.1912,3036880,182760,17059,17448
/ccb/salz3/kh.chao/PR_Wheeler_Graph/PR_Wheeler_Graph/data/graph/SMT_vs_RHSMT/DeBruijnG_AA/Human_FHIP1B_orthologues_AA_k_3_l_2000_a_8.dot,DeBruijnG_AA,389,2618,20,390,3226097,199556,5275,199556,5275,12424,20,1.0000,0.1797,3425653,204831,17699,18089
/ccb/salz3/kh.chao/PR_Wheeler_Graph/PR_Wheeler_Graph/data/graph/SMT_vs_RHSMT/DeBruijnG_AA/Human_FHIP1B_orthologues_AA_k_4_l_2000_a_6.dot,DeBruijnG_AA,2153,3250,20,2154,4929772,349853,6539,349853,6539,349853,0,0.0000,0.7217,5279625,356392,356392,358546
/ccb/salz3/kh.chao/PR_Wheeler_Graph/PR_Wheeler_Graph/data/graph/SMT_vs_RHSMT/DeBruijnG_AA/Human_FHIP1B_orthologues_AA_k_4_l_2000_a_7.dot,DeBruijnG_AA,2466,3958,20,2467,7316353,514550,7955,514550,7955,514550,0,0.0000,0.6809,7830903,522505,522505,524972
/ccb/salz3/kh.chao/PR_Wheeler_Graph/PR_Wheeler_Graph/data/graph/SMT_vs_RHSMT/DeBruijnG_AA/Human_FHIP1B_orthologues_AA_k_4_l_2000_a_8.dot,DeBruijnG_AA,2619,4417,20,2620,9109595,643141,8873,643141,8873,495680,3,0.2896,0.6544,9752736,652014,504553,507173
/ccb/salz3/kh.chao/PR_Wheeler_Graph/PR_Wheeler_Graph/data/graph/SMT_vs_RHSMT/DeBruijnG_AA/Human_FHIP1B_orthologues_AA_k_5_l_2000_a_6.dot,DeBruijnG_AA,3251,3517,20,3252,5766310,416576,7073,416576,7073,416576,0,0.0000,0.9315,6182886,423649,423649,426901
/ccb/salz3/kh.chao/PR_Wheeler_Graph/PR_Wheeler_Graph/data/graph/SMT_vs_RHSMT/DeBruijnG_AA/Human_FHIP1B_orthologues_AA_k_5_l_2000_a_7.dot,DeBruijnG_AA,3959,4332,20,3960,8754353,626593,8703,626593,8703,626593,0,0.0000,0.9186,9380946,635296,635296,639256
/ccb/salz3/kh.chao/PR_Wheeler_Graph/PR_Wheeler_Graph/data/graph/SMT_vs_RHSMT/DeBruijnG_AA/Human_FHIP1B_orthologues_AA_k_5_l_2000_a_8.dot,DeBruijnG_AA,4418,4896,20,4419,11179846,803114,9831,803114,9831,803114,0,0.0000,0.9087,11982960,812945,812945,817364
/ccb/salz3/kh.chao/PR_Wheeler_Graph/PR_Wheeler_Graph/data/graph/SMT_vs_RHSMT/DeBruijnG_AA/Human_GGT6_orthologues_AA_k_3_l_2000_a_6.dot,DeBruijnG_AA,364,1583,20,365,1179856,72297,3205,72297,3205,9539,18,0.9728,0.2792,1252153,75502,12744,13109
/ccb/salz3/kh.chao/PR_Wheeler_Graph/PR_Wheeler_Graph/data/graph/SMT_vs_RHSMT/DeBruijnG_AA/Human_GGT6_orthologues_AA_k_3_l_2000_a_7.dot,DeBruijnG_AA,372,1803,20,373,1530082,94421,3645,94421,3645,10316,18,0.9745,0.2538,1624503,98066,13961,14334
/ccb/salz3/kh.chao/PR_Wheeler_Graph/PR_Wheeler_Graph/data/graph/SMT_vs_RHSMT/DeBruijnG_AA/Human_GGT6_orthologues_AA_k_3_l_2000_a_8.dot,DeBruijnG_AA,379,2005,20,380,1892157,116853,4049,116853,4049,11130,18,0.9716,0.2303,2009010,120902,15179,15559
/ccb/salz3/kh.chao/PR_Wheeler_Graph/PR_Wheeler_Graph/data/graph/SMT_vs_RHSMT/DeBruijnG_AA/Human_GGT6_orthologues_AA_k_4_l_2000_a_6.dot,DeBruijnG_AA,1584,1975,20,1585,1831915,117410,3989,117410,3989,117410,0,0.0000,0.8313,1949325,121399,121399,122984
/ccb/salz3/kh.chao/PR_Wheeler_Graph/PR_Wheeler_Graph/data/graph/SMT_vs_RHSMT/DeBruijnG_AA/Human_GGT6_orthologues_AA_k_4_l_2000_a_7.dot,DeBruijnG_AA,1804,2336,20,1805,2560160,167120,4711,167120,4711,167120,0,0.0000,0.8079,2727280,171831,171831,173636
/ccb/salz3/kh.chao/PR_Wheeler_Graph/PR_Wheeler_Graph/data/graph/SMT_vs_RHSMT/DeBruijnG_AA/Human_GGT6_orthologues_AA_k_4_l_2000_a_8.dot,DeBruijnG_AA,2006,2741,20,2007,3518676,236494,5521,236494,5521,236494,0,0.0000,0.7786,3755170,242015,242015,244022
/ccb/salz3/kh.chao/PR_Wheeler_Graph/PR_Wheeler_Graph/data/graph/SMT_vs_RHSMT/DeBruijnG_AA/Human_GGT6_orthologues_AA_k_5_l_2000_a_6.dot,DeBruijnG_AA,1976,2046,20,1977,1965462,126573,4131,126573,4131,126573,0,0.0000,0.9696,2092035,130704,130704,132681
/ccb/salz3/kh.chao/PR_Wheeler_Graph/PR_Wheeler_Graph/data/graph/SMT_vs_RHSMT/DeBruijnG_AA/Human_GGT6_orthologues_AA_k_5_l_2000_a_7.dot,DeBruijnG_AA,2337,2423,20,2338,2753488,180765,4885,180765,4885,180765,0,0.0000,0.9695,2934253,185650,185650,187988
/ccb/salz3/kh.chao/PR_Wheeler_Graph/PR_Wheeler_Graph/data/graph/SMT_vs_RHSMT/DeBruijnG_AA/Human_GGT6_orthologues_AA_k_5_l_2000_a_8.dot,DeBruijnG_AA,2742,2870,20,2743,3854777,262238,5779,262238,5779,262238,0,0.0000,0.9638,4117015,268017,268017,270760
/ccb/salz3/kh.chao/PR_Wheeler_Graph/PR_Wheeler_Graph/data/graph/SMT_vs_RHSMT/DeBruijnG_AA/Human_LCP1_orthologues_AA_k_3_l_2000_a_6.dot,DeBruijnG_AA,344,1524,20,345,1091933,68593,3087,68593,3087,8812,18,0.9738,0.2781,1160526,71680,11899,12244
/ccb/salz3/kh.chao/PR_Wheeler_Graph/PR_Wheeler_Graph/data/graph/SMT_vs_RHSMT/DeBruijnG_AA/Human_LCP1_orthologues_AA_k_3_l_2000_a_7.dot,DeBruijnG_AA,345,1540,20,346,1115013,70017,3119,70017,3119,8868,18,0.9740,0.2772,1185030,73136,11987,12333
/ccb/salz3/kh.chao/PR_Wheeler_Graph/PR_Wheeler_Graph/data/graph/SMT_vs_RHSMT/DeBruijnG_AA/Human_LCP1_orthologues_AA_k_3_l_2000_a_8.dot,DeBruijnG_AA,345,1555,20,346,1136821,71414,3149,71414,3149,8898,18,0.9743,0.2748,1208235,74563,12047,12393
/ccb/salz3/kh.chao/PR_Wheeler_Graph/PR_Wheeler_Graph/data/graph/SMT_vs_RHSMT/DeBruijnG_AA/Human_LCP1_orthologues_AA_k_4_l_2000_a_6.dot,DeBruijnG_AA,1525,2043,20,1526,1956461,129442,4125,129442,4125,129442,0,0.0000,0.7729,2085903,133567,133567,135093
/ccb/salz3/kh.chao/PR_Wheeler_Graph/PR_Wheeler_Graph/data/graph/SMT_vs_RHSMT/DeBruijnG_AA/Human_LCP1_orthologues_AA_k_4_l_2000_a_7.dot,DeBruijnG_AA,1541,2082,20,1542,2031368,134953,4203,134953,4203,134953,0,0.0000,0.7692,2166321,139156,139156,140698
/ccb/salz3/kh.chao/PR_Wheeler_Graph/PR_Wheeler_Graph/data/graph/SMT_vs_RHSMT/DeBruijnG_AA/Human_LCP1_orthologues_AA_k_4_l_2000_a_8.dot,DeBruijnG_AA,1556,2114,20,1557,2094313,139128,4267,139128,4267,139128,0,0.0000,0.7651,2233441,143395,143395,144952
/ccb/salz3/kh.chao/PR_Wheeler_Graph/PR_Wheeler_Graph/data/graph/SMT_vs_RHSMT/DeBruijnG_AA/Human_LCP1_orthologues_AA_k_5_l_2000_a_6.dot,DeBruijnG_AA,2044,2244,20,2045,2360494,156152,4527,156152,4527,156152,0,0.0000,0.9093,2516646,160679,160679,162724
/ccb/salz3/kh.chao/PR_Wheeler_Graph/PR_Wheeler_Graph/data/graph/SMT_vs_RHSMT/DeBruijnG_AA/Human_LCP1_orthologues_AA_k_5_l_2000_a_7.dot,DeBruijnG_AA,2083,2301,20,2084,2481101,165049,4641,165049,4641,165049,0,0.0000,0.9051,2646150,169690,169690,171774
/ccb/salz3/kh.chao/PR_Wheeler_Graph/PR_Wheeler_Graph/data/graph/SMT_vs_RHSMT/DeBruijnG_AA/Human_LCP1_orthologues_AA_k_5_l_2000_a_8.dot,DeBruijnG_AA,2115,2342,20,2116,2570028,171283,4723,171283,4723,171283,0,0.0000,0.9040,2741311,176006,176006,178122
/ccb/salz3/kh.chao/PR_Wheeler_Graph/PR_Wheeler_Graph/data/graph/SMT_vs_RHSMT/DeBruijnG_AA/Human_LEAP2_orthologues_AA_k_3_l_2000_a_6.dot,DeBruijnG_AA,119,172,20,120,13689,1017,383,1017,383,941,2,0.1453,0.7526,14706,1400,1324,1444
/ccb/salz3/kh.chao/PR_Wheeler_Graph/PR_Wheeler_Graph/data/graph/SMT_vs_RHSMT/DeBruijnG_AA/Human_LEAP2_orthologues_AA_k_3_l_2000_a_7.dot,DeBruijnG_AA,128,191,20,129,16902,1243,421,1243,421,1149,2,0.1361,0.7183,18145,1664,1570,1699
/ccb/salz3/kh.chao/PR_Wheeler_Graph/PR_Wheeler_Graph/data/graph/SMT_vs_RHSMT/DeBruijnG_AA/Human_LEAP2_orthologues_AA_k_3_l_2000_a_8.dot,DeBruijnG_AA,137,211,20,138,20700,1455,461,1455,461,1340,1,0.1043,0.7002,22155,1916,1801,1939
/ccb/salz3/kh.chao/PR_Wheeler_Graph/PR_Wheeler_Graph/data/graph/SMT_vs_RHSMT/DeBruijnG_AA/Human_LEAP2_orthologues_AA_k_4_l_2000_a_6.dot,DeBruijnG_AA,173,203,20,174,18921,1582,445,1582,445,1582,0,0.0000,0.8813,20503,2027,2027,2201
/ccb/salz3/kh.chao/PR_Wheeler_Graph/PR_Wheeler_Graph/data/graph/SMT_vs_RHSMT/DeBruijnG_AA/Human_LEAP2_orthologues_AA_k_4_l_2000_a_7.dot,DeBruijnG_AA,192,226,20,193,23503,1922,491,1922,491,1922,0,0.0000,0.8799,25425,2413,2413,2606
/ccb/salz3/kh.chao/PR_Wheeler_Graph/PR_Wheeler_Graph/data/graph/SMT_vs_RHSMT/DeBruijnG_AA/Human_LEAP2_orthologues_AA_k_4_l_2000_a_8.dot,DeBruijnG_AA,212,250,20,213,28878,2247,539,2247,539,2247,0,0.0000,0.8854,31125,2786,2786,2999
/ccb/salz3/kh.chao/PR_Wheeler_Graph/PR_Wheeler_Graph/data/graph/SMT_vs_RHSMT/DeBruijnG_AA/Human_LEAP2_orthologues_AA_k_5_l_2000_a_6.dot,DeBruijnG_AA,204,226,20,205,23516,1909,491,1909,491,1911,1,0.0177,0.8837,25425,2400,2402,2607
/ccb/salz3/kh.chao/PR_Wheeler_Graph/PR_Wheeler_Graph/data/graph/SMT_vs_RHSMT/DeBruijnG_AA/Human_LEAP2_orthologues_AA_k_5_l_2000_a_7.dot,DeBruijnG_AA,227,254,20,228,29761,2370,547,2370,547,2372,1,0.0197,0.8767,32131,2917,2919,3147
/ccb/salz3/kh.chao/PR_Wheeler_Graph/PR_Wheeler_Graph/data/graph/SMT_vs_RHSMT/DeBruijnG_AA/Human_LEAP2_orthologues_AA_k_5_l_2000_a_8.dot,DeBruijnG_AA,251,281,20,252,36506,2834,601,2834,601,2834,0,0.0000,0.8898,39340,3435,3435,3687
/ccb/salz3/kh.chao/PR_Wheeler_Graph/PR_Wheeler_Graph/data/graph/SMT_vs_RHSMT/DeBruijnG_AA/Human_OR10G8_orthologues_AA_k_3_l_2000_a_6.dot,DeBruijnG_AA,253,595,20,254,165433,11282,1229,11282,1229,4804,9,0.6723,0.5023,176715,12511,6033,6287
/ccb/salz3/kh.chao/PR_Wheeler_Graph/PR_Wheeler_Graph/data/graph/SMT_vs_RHSMT/DeBruijnG_AA/Human_OR10G8_orthologues_AA_k_3_l_2000_a_7.dot,DeBruijnG_AA,254,614,20,255,176195,11996,1267,11996,1267,4881,10,0.7085,0.4919,188191,13263,6148,6403
/ccb/salz3/kh.chao/PR_Wheeler_Graph/PR_Wheeler_Graph/data/graph/SMT_vs_RHSMT/DeBruijnG_AA/Human_OR10G8_orthologues_AA_k_3_l_2000_a_8.dot,DeBruijnG_AA,255,633,20,256,187179,12849,1305,12849,1305,4791,11,0.7630,0.4831,200028,14154,6096,6352
/ccb/salz3/kh.chao/PR_Wheeler_Graph/PR_Wheeler_Graph/data/graph/SMT_vs_RHSMT/DeBruijnG_AA/Human_OR10G8_orthologues_AA_k_4_l_2000_a_6.dot,DeBruijnG_AA,596,736,20,597,252823,17657,1511,17657,1511,17657,0,0.0000,0.8042,270480,19168,19168,19765
/ccb/salz3/kh.chao/PR_Wheeler_Graph/PR_Wheeler_Graph/data/graph/SMT_vs_RHSMT/DeBruijnG_AA/Human_OR10G8_orthologues_AA_k_4_l_2000_a_7.dot,DeBruijnG_AA,615,772,20,616,278265,19341,1583,19341,1583,19341,0,0.0000,0.7845,297606,20924,20924,21540
/ccb/salz3/kh.chao/PR_Wheeler_Graph/PR_Wheeler_Graph/data/graph/SMT_vs_RHSMT/DeBruijnG_AA/Human_OR10G8_orthologues_AA_k_4_l_2000_a_8.dot,DeBruijnG_AA,634,799,20,635,297851,20950,1637,20950,1637,20950,0,0.0000,0.7825,318801,22587,22587,23222
/ccb/salz3/kh.chao/PR_Wheeler_Graph/PR_Wheeler_Graph/data/graph/SMT_vs_RHSMT/DeBruijnG_AA/Human_OR10G8_orthologues_AA_k_5_l_2000_a_6.dot,DeBruijnG_AA,737,817,20,738,311205,22131,1673,22131,1673,22131,0,0.0000,0.9121,333336,23804,23804,24542
/ccb/salz3/kh.chao/PR_Wheeler_Graph/PR_Wheeler_Graph/data/graph/SMT_vs_RHSMT/DeBruijnG_AA/Human_OR10G8_orthologues_AA_k_5_l_2000_a_7.dot,DeBruijnG_AA,773,862,20,774,346604,24487,1763,24487,1763,24487,0,0.0000,0.9073,371091,26250,26250,27024
/ccb/salz3/kh.chao/PR_Wheeler_Graph/PR_Wheeler_Graph/data/graph/SMT_vs_RHSMT/DeBruijnG_AA/Human_OR10G8_orthologues_AA_k_5_l_2000_a_8.dot,DeBruijnG_AA,800,896,20,801,374267,26693,1831,26693,1831,26693,0,0.0000,0.9042,400960,28524,28524,29325
/ccb/salz3/kh.chao/PR_Wheeler_Graph/PR_Wheeler_Graph/data/graph/SMT_vs_RHSMT/DeBruijnG_AA/Human_RPS27A_orthologues_AA_k_3_l_2000_a_6.dot,DeBruijnG_AA,247,505,20,248,119690,7570,1049,7570,1049,4394,8,0.5842,0.5377,127260,8619,5443,5691
/ccb/salz3/kh.chao/PR_Wheeler_Graph/PR_Wheeler_Graph/data/graph/SMT_vs_RHSMT/DeBruijnG_AA/Human_RPS27A_orthologues_AA_k_3_l_2000_a_7.dot,DeBruijnG_AA,247,505,20,248,119690,7570,1049,7570,1049,4394,8,0.5842,0.5377,127260,8619,5443,5691
/ccb/salz3/kh.chao/PR_Wheeler_Graph/PR_Wheeler_Graph/data/graph/SMT_vs_RHSMT/DeBruijnG_AA/Human_RPS27A_orthologues_AA_k_3_l_2000_a_8.dot,DeBruijnG_AA,253,516,21,254,125087,7783,1073,7783,1073,4519,8,0.5795,0.5437,132870,8856,5592,5846
/ccb/salz3/kh.chao/PR_Wheeler_Graph/PR_Wheeler_Graph/data/graph/SMT_vs_RHSMT/DeBruijnG_AA/Human_RPS27A_orthologues_AA_k_4_l_2000_a_6.dot,DeBruijnG_AA,506,539,20,507,136373,8618,1117,8618,1117,8618,0,0.0000,0.9400,144991,9735,9735,10242
/ccb/salz3/kh.chao/PR_Wheeler_Graph/PR_Wheeler_Graph/data/graph/SMT_vs_RHSMT/DeBruijnG_AA/Human_RPS27A_orthologues_AA_k_4_l_2000_a_7.dot,DeBruijnG_AA,506,539,20,507,136373,8618,1117,8618,1117,8618,0,0.0000,0.9400,144991,9735,9735,10242
/ccb/salz3/kh.chao/PR_Wheeler_Graph/PR_Wheeler_Graph/data/graph/SMT_vs_RHSMT/DeBruijnG_AA/Human_RPS27A_orthologues_AA_k_4_l_2000_a_8.dot,DeBruijnG_AA,517,553,21,518,143709,8919,1147,8919,1147,8919,0,0.0000,0.9296,152628,10066,10066,10584
/ccb/salz3/kh.chao/PR_Wheeler_Graph/PR_Wheeler_Graph/data/graph/SMT_vs_RHSMT/DeBruijnG_AA/Human_RPS27A_orthologues_AA_k_5_l_2000_a_6.dot,DeBruijnG_AA,540,544,20,541,138889,8807,1127,8807,1127,8807,0,0.0000,0.9924,147696,9934,9934,10475
/ccb/salz3/kh.chao/PR_Wheeler_Graph/PR_Wheeler_Graph/data/graph/SMT_vs_RHSMT/DeBruijnG_AA/Human_RPS27A_orthologues_AA_k_5_l_2000_a_7.dot,DeBruijnG_AA,540,544,20,541,138889,8807,1127,8807,1127,8807,0,0.0000,0.9924,147696,9934,9934,10475
/ccb/salz3/kh.chao/PR_Wheeler_Graph/PR_Wheeler_Graph/data/graph/SMT_vs_RHSMT/DeBruijnG_AA/Human_RPS27A_orthologues_AA_k_5_l_2000_a_8.dot,DeBruijnG_AA,554,561,21,555,147885,9195,1163,9195,1163,9195,0,0.0000,0.9805,157080,10358,10358,10913
/ccb/salz3/kh.chao/PR_Wheeler_Graph/PR_Wheeler_Graph/data/graph/SMT_vs_RHSMT/DeBruijnG_AA/Human_SHLD2_orthologues_AA_k_3_l_2000_a_6.dot,DeBruijnG_AA,381,2369,20,382,2644531,160365,4777,160365,4777,11654,20,1.0000,0.1938,2804896,165142,16431,16813
/ccb/salz3/kh.chao/PR_Wheeler_Graph/PR_Wheeler_Graph/data/graph/SMT_vs_RHSMT/DeBruijnG_AA/Human_SHLD2_orthologues_AA_k_3_l_2000_a_7.dot,DeBruijnG_AA,381,2463,20,382,2859157,172796,4965,172796,4965,11842,20,1.0000,0.1867,3031953,177761,16807,17189
/ccb/salz3/kh.chao/PR_Wheeler_Graph/PR_Wheeler_Graph/data/graph/SMT_vs_RHSMT/DeBruijnG_AA/Human_SHLD2_orthologues_AA_k_3_l_2000_a_8.dot,DeBruijnG_AA,388,2735,20,389,3526964,211781,5509,211781,5509,12626,20,1.0000,0.1716,3738745,217290,18135,18524
/ccb/salz3/kh.chao/PR_Wheeler_Graph/PR_Wheeler_Graph/data/graph/SMT_vs_RHSMT/DeBruijnG_AA/Human_SHLD2_orthologues_AA_k_4_l_2000_a_6.dot,DeBruijnG_AA,2370,3420,20,2371,5488256,358234,6879,358234,6879,358234,0,0.0000,0.7293,5846490,365113,365113,367484
/ccb/salz3/kh.chao/PR_Wheeler_Graph/PR_Wheeler_Graph/data/graph/SMT_vs_RHSMT/DeBruijnG_AA/Human_SHLD2_orthologues_AA_k_4_l_2000_a_7.dot,DeBruijnG_AA,2464,3641,20,2465,6221708,404912,7321,404912,7321,404912,0,0.0000,0.7129,6626620,412233,412233,414698
/ccb/salz3/kh.chao/PR_Wheeler_Graph/PR_Wheeler_Graph/data/graph/SMT_vs_RHSMT/DeBruijnG_AA/Human_SHLD2_orthologues_AA_k_4_l_2000_a_8.dot,DeBruijnG_AA,2736,4249,20,2737,8473229,551647,8537,551647,8537,551647,0,0.0000,0.6842,9024876,560184,560184,562921
/ccb/salz3/kh.chao/PR_Wheeler_Graph/PR_Wheeler_Graph/data/graph/SMT_vs_RHSMT/DeBruijnG_AA/Human_SHLD2_orthologues_AA_k_5_l_2000_a_6.dot,DeBruijnG_AA,3421,3665,20,3422,6296984,417296,7369,417296,7369,417296,0,0.0000,0.9408,6714280,424665,424665,428087
/ccb/salz3/kh.chao/PR_Wheeler_Graph/PR_Wheeler_Graph/data/graph/SMT_vs_RHSMT/DeBruijnG_AA/Human_SHLD2_orthologues_AA_k_5_l_2000_a_7.dot,DeBruijnG_AA,3642,3918,20,3643,7197270,476133,7875,476133,7875,476133,0,0.0000,0.9371,7673403,484008,484008,487651
/ccb/salz3/kh.chao/PR_Wheeler_Graph/PR_Wheeler_Graph/data/graph/SMT_vs_RHSMT/DeBruijnG_AA/Human_SHLD2_orthologues_AA_k_5_l_2000_a_8.dot,DeBruijnG_AA,4250,4620,20,4251,10007609,662281,9279,662281,9279,662281,0,0.0000,0.9278,10669890,671560,671560,675811
/ccb/salz3/kh.chao/PR_Wheeler_Graph/PR_Wheeler_Graph/data/graph/SMT_vs_RHSMT/DeBruijnG_AA/Human_SLC22A2_orthologues_AA_k_3_l_2000_a_6.dot,DeBruijnG_AA,350,1354,20,351,862188,53793,2747,53793,2747,8673,19,0.9808,0.2997,915981,56540,11420,11771
/ccb/salz3/kh.chao/PR_Wheeler_Graph/PR_Wheeler_Graph/data/graph/SMT_vs_RHSMT/DeBruijnG_AA/Human_SLC22A2_orthologues_AA_k_3_l_2000_a_7.dot,DeBruijnG_AA,366,1581,20,367,1176179,72811,3201,72811,3201,9526,20,1.0000,0.2687,1248990,76012,12727,13094
/ccb/salz3/kh.chao/PR_Wheeler_Graph/PR_Wheeler_Graph/data/graph/SMT_vs_RHSMT/DeBruijnG_AA/Human_SLC22A2_orthologues_AA_k_3_l_2000_a_8.dot,DeBruijnG_AA,376,1698,20,377,1357586,83167,3435,83167,3435,10108,20,1.0000,0.2562,1440753,86602,13543,13920
/ccb/salz3/kh.chao/PR_Wheeler_Graph/PR_Wheeler_Graph/data/graph/SMT_vs_RHSMT/DeBruijnG_AA/Human_SLC22A2_orthologues_AA_k_4_l_2000_a_6.dot,DeBruijnG_AA,1355,1787,20,1356,1495518,100273,3613,100273,3613,100273,0,0.0000,0.7907,1595791,103886,103886,105242
/ccb/salz3/kh.chao/PR_Wheeler_Graph/PR_Wheeler_Graph/data/graph/SMT_vs_RHSMT/DeBruijnG_AA/Human_SLC22A2_orthologues_AA_k_4_l_2000_a_7.dot,DeBruijnG_AA,1582,2183,20,1583,2232026,149627,4405,149627,4405,149627,0,0.0000,0.7620,2381653,154032,154032,155615
/ccb/salz3/kh.chao/PR_Wheeler_Graph/PR_Wheeler_Graph/data/graph/SMT_vs_RHSMT/DeBruijnG_AA/Human_SLC22A2_orthologues_AA_k_4_l_2000_a_8.dot,DeBruijnG_AA,1699,2363,20,1700,2615064,175639,4765,175639,4765,175639,0,0.0000,0.7611,2790703,180404,180404,182104
/ccb/salz3/kh.chao/PR_Wheeler_Graph/PR_Wheeler_Graph/data/graph/SMT_vs_RHSMT/DeBruijnG_AA/Human_SLC22A2_orthologues_AA_k_5_l_2000_a_6.dot,DeBruijnG_AA,1788,1913,20,1789,1712958,115870,3865,115870,3865,115870,0,0.0000,0.9383,1828828,119735,119735,121524
/ccb/salz3/kh.chao/PR_Wheeler_Graph/PR_Wheeler_Graph/data/graph/SMT_vs_RHSMT/DeBruijnG_AA/Human_SLC22A2_orthologues_AA_k_5_l_2000_a_7.dot,DeBruijnG_AA,2184,2378,20,2185,2646431,179822,4795,179822,4795,179822,0,0.0000,0.9233,2826253,184617,184617,186802
/ccb/salz3/kh.chao/PR_Wheeler_Graph/PR_Wheeler_Graph/data/graph/SMT_vs_RHSMT/DeBruijnG_AA/Human_SLC22A2_orthologues_AA_k_5_l_2000_a_8.dot,DeBruijnG_AA,2364,2568,20,2365,3085545,210483,5175,210483,5175,210483,0,0.0000,0.9264,3296028,215658,215658,218023
/ccb/salz3/kh.chao/PR_Wheeler_Graph/PR_Wheeler_Graph/data/graph/SMT_vs_RHSMT/DeBruijnG_AA/Human_SLC38A9_orthologues_AA_k_3_l_2000_a_6.dot,DeBruijnG_AA,369,1676,20,370,1322137,81513,3391,81513,3391,9830,20,1.0000,0.2527,1403650,84904,13221,13591
/ccb/salz3/kh.chao/PR_Wheeler_Graph/PR_Wheeler_Graph/data/graph/SMT_vs_RHSMT/DeBruijnG_AA/Human_SLC38A9_orthologues_AA_k_3_l_2000_a_7.dot,DeBruijnG_AA,373,1831,20,374,1579165,96200,3701,96200,3701,10272,20,1.0000,0.2330,1675365,99901,13973,14347
/ccb/salz3/kh.chao/PR_Wheeler_Graph/PR_Wheeler_Graph/data/graph/SMT_vs_RHSMT/DeBruijnG_AA/Human_SLC38A9_orthologues_AA_k_3_l_2000_a_8.dot,DeBruijnG_AA,383,2016,20,384,1915434,115686,4071,115686,4071,10986,20,1.0000,0.2174,2031120,119757,15057,15441
/ccb/salz3/kh.chao/PR_Wheeler_Graph/PR_Wheeler_Graph/data/graph/SMT_vs_RHSMT/DeBruijnG_AA/Human_SLC38A9_orthologues_AA_k_4_l_2000_a_6.dot,DeBruijnG_AA,1677,2290,20,1678,2457319,163586,4619,163586,4619,163586,0,0.0000,0.7654,2620905,168205,168205,169883
/ccb/salz3/kh.chao/PR_Wheeler_Graph/PR_Wheeler_Graph/data/graph/SMT_vs_RHSMT/DeBruijnG_AA/Human_SLC38A9_orthologues_AA_k_4_l_2000_a_7.dot,DeBruijnG_AA,1832,2560,20,1833,3072708,202812,5159,202812,5159,202812,0,0.0000,0.7487,3275520,207971,207971,209804
/ccb/salz3/kh.chao/PR_Wheeler_Graph/PR_Wheeler_Graph/data/graph/SMT_vs_RHSMT/DeBruijnG_AA/Human_SLC38A9_orthologues_AA_k_4_l_2000_a_8.dot,DeBruijnG_AA,2017,2890,20,2018,3916077,258528,5819,258528,5819,258528,0,0.0000,0.7346,4174605,264347,264347,266365
/ccb/salz3/kh.chao/PR_Wheeler_Graph/PR_Wheeler_Graph/data/graph/SMT_vs_RHSMT/DeBruijnG_AA/Human_SLC38A9_orthologues_AA_k_5_l_2000_a_6.dot,DeBruijnG_AA,2291,2496,20,2292,2914417,199343,5031,199343,5031,199343,0,0.0000,0.9298,3113760,204374,204374,206666
/ccb/salz3/kh.chao/PR_Wheeler_Graph/PR_Wheeler_Graph/data/graph/SMT_vs_RHSMT/DeBruijnG_AA/Human_SLC38A9_orthologues_AA_k_5_l_2000_a_7.dot,DeBruijnG_AA,2561,2821,20,2562,3724745,252865,5681,252865,5681,252865,0,0.0000,0.9195,3977610,258546,258546,261108
/ccb/salz3/kh.chao/PR_Wheeler_Graph/PR_Wheeler_Graph/data/graph/SMT_vs_RHSMT/DeBruijnG_AA/Human_SLC38A9_orthologues_AA_k_5_l_2000_a_8.dot,DeBruijnG_AA,2891,3203,20,2892,4802057,325946,6445,325946,6445,325946,0,0.0000,0.9146,5128003,332391,332391,335283
/ccb/salz3/kh.chao/PR_Wheeler_Graph/PR_Wheeler_Graph/data/graph/SMT_vs_RHSMT/DeBruijnG_AA/Human_SPA17_orthologues_AA_k_3_l_2000_a_6.dot,DeBruijnG_AA,292,1040,20,293,505295,34985,2119,34985,2119,6625,15,0.9317,0.3745,540280,37104,8744,9037
/ccb/salz3/kh.chao/PR_Wheeler_Graph/PR_Wheeler_Graph/data/graph/SMT_vs_RHSMT/DeBruijnG_AA/Human_SPA17_orthologues_AA_k_3_l_2000_a_7.dot,DeBruijnG_AA,302,1161,20,303,630765,42615,2361,42615,2361,6963,17,0.9767,0.3499,673380,44976,9324,9627
/ccb/salz3/kh.chao/PR_Wheeler_Graph/PR_Wheeler_Graph/data/graph/SMT_vs_RHSMT/DeBruijnG_AA/Human_SPA17_orthologues_AA_k_3_l_2000_a_8.dot,DeBruijnG_AA,303,1200,20,304,673542,45858,2439,45858,2439,7097,17,0.9750,0.3347,719400,48297,9536,9840
/ccb/salz3/kh.chao/PR_Wheeler_Graph/PR_Wheeler_Graph/data/graph/SMT_vs_RHSMT/DeBruijnG_AA/Human_SPA17_orthologues_AA_k_4_l_2000_a_6.dot,DeBruijnG_AA,1041,1300,20,1042,785930,58420,2639,58420,2639,58420,0,0.0000,0.8392,844350,61059,61059,62101
/ccb/salz3/kh.chao/PR_Wheeler_Graph/PR_Wheeler_Graph/data/graph/SMT_vs_RHSMT/DeBruijnG_AA/Human_SPA17_orthologues_AA_k_4_l_2000_a_7.dot,DeBruijnG_AA,1162,1482,20,1163,1023240,74181,3003,74181,3003,74181,0,0.0000,0.8273,1097421,77184,77184,78347
/ccb/salz3/kh.chao/PR_Wheeler_Graph/PR_Wheeler_Graph/data/graph/SMT_vs_RHSMT/DeBruijnG_AA/Human_SPA17_orthologues_AA_k_4_l_2000_a_8.dot,DeBruijnG_AA,1201,1547,20,1202,1114118,81713,3133,81713,3133,81713,0,0.0000,0.8202,1195831,84846,84846,86048
/ccb/salz3/kh.chao/PR_Wheeler_Graph/PR_Wheeler_Graph/data/graph/SMT_vs_RHSMT/DeBruijnG_AA/Human_SPA17_orthologues_AA_k_5_l_2000_a_6.dot,DeBruijnG_AA,1301,1365,20,1302,865735,65195,2769,65195,2769,65195,0,0.0000,0.9619,930930,67964,67964,69266
/ccb/salz3/kh.chao/PR_Wheeler_Graph/PR_Wheeler_Graph/data/graph/SMT_vs_RHSMT/DeBruijnG_AA/Human_SPA17_orthologues_AA_k_5_l_2000_a_7.dot,DeBruijnG_AA,1483,1568,20,1484,1144562,83966,3175,83966,3175,83966,0,0.0000,0.9554,1228528,87141,87141,88625
/ccb/salz3/kh.chao/PR_Wheeler_Graph/PR_Wheeler_Graph/data/graph/SMT_vs_RHSMT/DeBruijnG_AA/Human_SPA17_orthologues_AA_k_5_l_2000_a_8.dot,DeBruijnG_AA,1548,1645,20,1549,1258750,93440,3329,93440,3329,93440,0,0.0000,0.9504,1352190,96769,96769,98318
/ccb/salz3/kh.chao/PR_Wheeler_Graph/PR_Wheeler_Graph/data/graph/SMT_vs_RHSMT/DeBruijnG_AA/Human_STAU2_orthologues_AA_k_3_l_2000_a_6.dot,DeBruijnG_AA,359,1630,20,360,1249798,77837,3299,77837,3299,9518,18,0.9822,0.2844,1327635,81136,12817,13177
/ccb/salz3/kh.chao/PR_Wheeler_Graph/PR_Wheeler_Graph/data/graph/SMT_vs_RHSMT/DeBruijnG_AA/Human_STAU2_orthologues_AA_k_3_l_2000_a_7.dot,DeBruijnG_AA,361,1767,20,362,1468702,91559,3573,91559,3573,9918,18,0.9813,0.2669,1560261,95132,13491,13853
/ccb/salz3/kh.chao/PR_Wheeler_Graph/PR_Wheeler_Graph/data/graph/SMT_vs_RHSMT/DeBruijnG_AA/Human_STAU2_orthologues_AA_k_3_l_2000_a_8.dot,DeBruijnG_AA,362,1802,20,363,1527476,95225,3643,95225,3643,10071,18,0.9806,0.2620,1622701,98868,13714,14077
/ccb/salz3/kh.chao/PR_Wheeler_Graph/PR_Wheeler_Graph/data/graph/SMT_vs_RHSMT/DeBruijnG_AA/Human_STAU2_orthologues_AA_k_4_l_2000_a_6.dot,DeBruijnG_AA,1631,2161,20,1632,2189688,144192,4361,144192,4361,144192,0,0.0000,0.7915,2333880,148553,148553,150185
/ccb/salz3/kh.chao/PR_Wheeler_Graph/PR_Wheeler_Graph/data/graph/SMT_vs_RHSMT/DeBruijnG_AA/Human_STAU2_orthologues_AA_k_4_l_2000_a_7.dot,DeBruijnG_AA,1768,2420,20,1769,2744105,182885,4879,182885,4879,182885,0,0.0000,0.7744,2926990,187764,187764,189533
/ccb/salz3/kh.chao/PR_Wheeler_Graph/PR_Wheeler_Graph/data/graph/SMT_vs_RHSMT/DeBruijnG_AA/Human_STAU2_orthologues_AA_k_4_l_2000_a_8.dot,DeBruijnG_AA,1803,2485,20,1804,2893112,193258,5009,193258,5009,193258,0,0.0000,0.7707,3086370,198267,198267,200071
/ccb/salz3/kh.chao/PR_Wheeler_Graph/PR_Wheeler_Graph/data/graph/SMT_vs_RHSMT/DeBruijnG_AA/Human_STAU2_orthologues_AA_k_5_l_2000_a_6.dot,DeBruijnG_AA,2162,2280,20,2163,2436839,161221,4599,161221,4599,161221,0,0.0000,0.9535,2598060,165820,165820,167983
/ccb/salz3/kh.chao/PR_Wheeler_Graph/PR_Wheeler_Graph/data/graph/SMT_vs_RHSMT/DeBruijnG_AA/Human_STAU2_orthologues_AA_k_5_l_2000_a_7.dot,DeBruijnG_AA,2421,2584,20,2422,3127276,209960,5207,209960,5207,209960,0,0.0000,0.9450,3337236,215167,215167,217589
/ccb/salz3/kh.chao/PR_Wheeler_Graph/PR_Wheeler_Graph/data/graph/SMT_vs_RHSMT/DeBruijnG_AA/Human_STAU2_orthologues_AA_k_5_l_2000_a_8.dot,DeBruijnG_AA,2486,2665,20,2487,3325942,223838,5369,223838,5369,223838,0,0.0000,0.9412,3549780,229207,229207,231694
/ccb/salz3/kh.chao/PR_Wheeler_Graph/PR_Wheeler_Graph/data/graph/SMT_vs_RHSMT/DeBruijnG_AA/Human_TRAM1_orthologues_AA_k_3_l_2000_a_6.dot,DeBruijnG_AA,305,943,20,306,418166,25987,1925,25987,1925,6694,17,0.9300,0.3589,444153,27912,8619,8925
/ccb/salz3/kh.chao/PR_Wheeler_Graph/PR_Wheeler_Graph/data/graph/SMT_vs_RHSMT/DeBruijnG_AA/Human_TRAM1_orthologues_AA_k_3_l_2000_a_7.dot,DeBruijnG_AA,312,1016,20,313,485593,30027,2071,30027,2071,6972,18,0.9547,0.3426,515620,32098,9043,9356
/ccb/salz3/kh.chao/PR_Wheeler_Graph/PR_Wheeler_Graph/data/graph/SMT_vs_RHSMT/DeBruijnG_AA/Human_TRAM1_orthologues_AA_k_3_l_2000_a_8.dot,DeBruijnG_AA,312,1057,20,313,525749,32347,2153,32347,2153,6939,19,0.9820,0.3283,558096,34500,9092,9405
/ccb/salz3/kh.chao/PR_Wheeler_Graph/PR_Wheeler_Graph/data/graph/SMT_vs_RHSMT/DeBruijnG_AA/Human_TRAM1_orthologues_AA_k_4_l_2000_a_6.dot,DeBruijnG_AA,944,1171,20,945,642671,42364,2381,42364,2381,42364,0,0.0000,0.8371,685035,44745,44745,45690
/ccb/salz3/kh.chao/PR_Wheeler_Graph/PR_Wheeler_Graph/data/graph/SMT_vs_RHSMT/DeBruijnG_AA/Human_TRAM1_orthologues_AA_k_4_l_2000_a_7.dot,DeBruijnG_AA,1017,1286,20,1018,775611,50644,2611,50644,2611,50644,0,0.0000,0.8178,826255,53255,53255,54273
/ccb/salz3/kh.chao/PR_Wheeler_Graph/PR_Wheeler_Graph/data/graph/SMT_vs_RHSMT/DeBruijnG_AA/Human_TRAM1_orthologues_AA_k_4_l_2000_a_8.dot,DeBruijnG_AA,1058,1363,20,1059,871491,56712,2765,56712,2765,56712,0,0.0000,0.8040,928203,59477,59477,60536
/ccb/salz3/kh.chao/PR_Wheeler_Graph/PR_Wheeler_Graph/data/graph/SMT_vs_RHSMT/DeBruijnG_AA/Human_TRAM1_orthologues_AA_k_5_l_2000_a_6.dot,DeBruijnG_AA,1172,1266,20,1173,750886,49859,2571,49859,2571,49859,0,0.0000,0.9231,800745,52430,52430,53603
/ccb/salz3/kh.chao/PR_Wheeler_Graph/PR_Wheeler_Graph/data/graph/SMT_vs_RHSMT/DeBruijnG_AA/Human_TRAM1_orthologues_AA_k_5_l_2000_a_7.dot,DeBruijnG_AA,1287,1406,20,1288,926512,61203,2851,61203,2851,61203,0,0.0000,0.9161,987715,64054,64054,65342
/ccb/salz3/kh.chao/PR_Wheeler_Graph/PR_Wheeler_Graph/data/graph/SMT_vs_RHSMT/DeBruijnG_AA/Human_TRAM1_orthologues_AA_k_5_l_2000_a_8.dot,DeBruijnG_AA,1364,1506,20,1365,1063259,70006,3051,70006,3051,70006,0,0.0000,0.9065,1133265,73057,73057,74422
/ccb/salz3/kh.chao/PR_Wheeler_Graph/PR_Wheeler_Graph/data/graph/SMT_vs_RHSMT/DeBruijnG_AA/Human_TRPC1_orthologues_AA_k_3_l_2000_a_6.dot,DeBruijnG_AA,387,1777,20,388,1490760,87216,3593,87216,3593,10676,20,1.0000,0.2383,1577976,90809,14269,14657
/ccb/salz3/kh.chao/PR_Wheeler_Graph/PR_Wheeler_Graph/data/graph/SMT_vs_RHSMT/DeBruijnG_AA/Human_TRPC1_orthologues_AA_k_3_l_2000_a_7.dot,DeBruijnG_AA,388,1821,20,389,1565660,91450,3681,91450,3681,10804,20,1.0000,0.2330,1657110,95131,14485,14874
/ccb/salz3/kh.chao/PR_Wheeler_Graph/PR_Wheeler_Graph/data/graph/SMT_vs_RHSMT/DeBruijnG_AA/Human_TRPC1_orthologues_AA_k_3_l_2000_a_8.dot,DeBruijnG_AA,390,1879,20,391,1667223,97158,3797,97158,3797,10994,20,1.0000,0.2265,1764381,100955,14791,15182
/ccb/salz3/kh.chao/PR_Wheeler_Graph/PR_Wheeler_Graph/data/graph/SMT_vs_RHSMT/DeBruijnG_AA/Human_TRPC1_orthologues_AA_k_4_l_2000_a_6.dot,DeBruijnG_AA,1778,2271,20,1779,2424665,152920,4581,152920,4581,152920,0,0.0000,0.8080,2577585,157501,157501,159280
/ccb/salz3/kh.chao/PR_Wheeler_Graph/PR_Wheeler_Graph/data/graph/SMT_vs_RHSMT/DeBruijnG_AA/Human_TRPC1_orthologues_AA_k_4_l_2000_a_7.dot,DeBruijnG_AA,1822,2342,20,1823,2578606,162705,4723,162705,4723,162705,0,0.0000,0.8038,2741311,167428,167428,169251
/ccb/salz3/kh.chao/PR_Wheeler_Graph/PR_Wheeler_Graph/data/graph/SMT_vs_RHSMT/DeBruijnG_AA/Human_TRPC1_orthologues_AA_k_4_l_2000_a_8.dot,DeBruijnG_AA,1880,2445,20,1881,2811006,176784,4929,176784,4929,176784,0,0.0000,0.7945,2987790,181713,181713,183594
/ccb/salz3/kh.chao/PR_Wheeler_Graph/PR_Wheeler_Graph/data/graph/SMT_vs_RHSMT/DeBruijnG_AA/Human_TRPC1_orthologues_AA_k_5_l_2000_a_6.dot,DeBruijnG_AA,2272,2405,20,2273,2718871,171939,4849,171939,4849,171939,0,0.0000,0.9460,2890810,176788,176788,179061
/ccb/salz3/kh.chao/PR_Wheeler_Graph/PR_Wheeler_Graph/data/graph/SMT_vs_RHSMT/DeBruijnG_AA/Human_TRPC1_orthologues_AA_k_5_l_2000_a_7.dot,DeBruijnG_AA,2343,2489,20,2344,2911719,184597,5017,184597,5017,184597,0,0.0000,0.9436,3096316,189614,189614,191958
/ccb/salz3/kh.chao/PR_Wheeler_Graph/PR_Wheeler_Graph/data/graph/SMT_vs_RHSMT/DeBruijnG_AA/Human_TRPC1_orthologues_AA_k_5_l_2000_a_8.dot,DeBruijnG_AA,2446,2620,20,2447,3226871,204019,5279,204019,5279,204019,0,0.0000,0.9360,3430890,209298,209298,211745
/ccb/salz3/kh.chao/PR_Wheeler_Graph/PR_Wheeler_Graph/data/graph/SMT_vs_RHSMT/DeBruijnG_AA/Human_TUNAR_orthologues_AA_k_3_l_2000_a_6.dot,DeBruijnG_AA,75,92,17,76,3876,310,217,310,217,310,0,0.0000,0.8542,4186,527,527,603
/ccb/salz3/kh.chao/PR_Wheeler_Graph/PR_Wheeler_Graph/data/graph/SMT_vs_RHSMT/DeBruijnG_AA/Human_TUNAR_orthologues_AA_k_3_l_2000_a_7.dot,DeBruijnG_AA,75,92,17,76,3876,310,217,310,217,310,0,0.0000,0.8542,4186,527,527,603
/ccb/salz3/kh.chao/PR_Wheeler_Graph/PR_Wheeler_Graph/data/graph/SMT_vs_RHSMT/DeBruijnG_AA/Human_TUNAR_orthologues_AA_k_3_l_2000_a_8.dot,DeBruijnG_AA,77,95,17,78,4126,339,223,339,223,339,0,0.0000,0.8551,4465,562,562,640
/ccb/salz3/kh.chao/PR_Wheeler_Graph/PR_Wheeler_Graph/data/graph/SMT_vs_RHSMT/DeBruijnG_AA/Human_TUNAR_orthologues_AA_k_4_l_2000_a_6.dot,DeBruijnG_AA,93,101,17,94,4676,374,235,374,235,374,0,0.0000,0.9187,5050,609,609,703
/ccb/salz3/kh.chao/PR_Wheeler_Graph/PR_Wheeler_Graph/data/graph/SMT_vs_RHSMT/DeBruijnG_AA/Human_TUNAR_orthologues_AA_k_4_l_2000_a_7.dot,DeBruijnG_AA,93,101,17,94,4676,374,235,374,235,374,0,0.0000,0.9187,5050,609,609,703
/ccb/salz3/kh.chao/PR_Wheeler_Graph/PR_Wheeler_Graph/data/graph/SMT_vs_RHSMT/DeBruijnG_AA/Human_TUNAR_orthologues_AA_k_4_l_2000_a_8.dot,DeBruijnG_AA,96,105,17,97,5049,411,243,411,243,411,0,0.0000,0.9113,5460,654,654,751
/ccb/salz3/kh.chao/PR_Wheeler_Graph/PR_Wheeler_Graph/data/graph/SMT_vs_RHSMT/DeBruijnG_AA/Human_TUNAR_orthologues_AA_k_5_l_2000_a_6.dot,DeBruijnG_AA,102,108,17,103,5351,427,249,427,249,427,0,0.0000,0.9307,5778,676,676,779
/ccb/salz3/kh.chao/PR_Wheeler_Graph/PR_Wheeler_Graph/data/graph/SMT_vs_RHSMT/DeBruijnG_AA/Human_TUNAR_orthologues_AA_k_5_l_2000_a_7.dot,DeBruijnG_AA,102,108,17,103,5351,427,249,427,249,427,0,0.0000,0.9307,5778,676,676,779
/ccb/salz3/kh.chao/PR_Wheeler_Graph/PR_Wheeler_Graph/data/graph/SMT_vs_RHSMT/DeBruijnG_AA/Human_TUNAR_orthologues_AA_k_5_l_2000_a_8.dot,DeBruijnG_AA,106,113,17,107,5856,472,259,472,259,472,0,0.0000,0.9167,6328,731,731,838
/ccb/salz3/kh.chao/PR_Wheeler_Graph/PR_Wheeler_Graph/data/graph/SMT_vs_RHSMT/DeBruijnG_AA/Human_UBE2L5_orthologues_AA_k_3_l_2000_a_6.dot,DeBruijnG_AA,178,293,20,179,40232,2546,625,2546,625,2546,0,0.0000,0.6538,42778,3171,3171,3350
/ccb/salz3/kh.chao/PR_Wheeler_Graph/PR_Wheeler_Graph/data/graph/SMT_vs_RHSMT/DeBruijnG_AA/Human_UBE2L5_orthologues_AA_k_3_l_2000_a_7.dot,DeBruijnG_AA,195,337,20,196,53286,3330,713,3330,713,2942,2,0.1780,0.6355,56616,4043,3655,3851
/ccb/salz3/kh.chao/PR_Wheeler_Graph/PR_Wheeler_Graph/data/graph/SMT_vs_RHSMT/DeBruijnG_AA/Human_UBE2L5_orthologues_AA_k_3_l_2000_a_8.dot,DeBruijnG_AA,199,345,21,200,55941,3399,731,3399,731,3011,2,0.1739,0.6278,59340,4130,3742,3942
/ccb/salz3/kh.chao/PR_Wheeler_Graph/PR_Wheeler_Graph/data/graph/SMT_vs_RHSMT/DeBruijnG_AA/Human_UBE2L5_orthologues_AA_k_4_l_2000_a_6.dot,DeBruijnG_AA,294,338,20,295,53406,3547,715,3547,715,3547,0,0.0000,0.8962,56953,4262,4262,4557
/ccb/salz3/kh.chao/PR_Wheeler_Graph/PR_Wheeler_Graph/data/graph/SMT_vs_RHSMT/DeBruijnG_AA/Human_UBE2L5_orthologues_AA_k_4_l_2000_a_7.dot,DeBruijnG_AA,338,398,20,339,74161,4842,835,4842,835,4842,0,0.0000,0.8733,79003,5677,5677,6016
/ccb/salz3/kh.chao/PR_Wheeler_Graph/PR_Wheeler_Graph/data/graph/SMT_vs_RHSMT/DeBruijnG_AA/Human_UBE2L5_orthologues_AA_k_4_l_2000_a_8.dot,DeBruijnG_AA,346,409,21,347,78448,4988,859,4988,859,4988,0,0.0000,0.8667,83436,5847,5847,6194
/ccb/salz3/kh.chao/PR_Wheeler_Graph/PR_Wheeler_Graph/data/graph/SMT_vs_RHSMT/DeBruijnG_AA/Human_UBE2L5_orthologues_AA_k_5_l_2000_a_6.dot,DeBruijnG_AA,339,370,20,340,64019,4246,779,4246,779,4246,0,0.0000,0.9266,68265,5025,5025,5365
/ccb/salz3/kh.chao/PR_Wheeler_Graph/PR_Wheeler_Graph/data/graph/SMT_vs_RHSMT/DeBruijnG_AA/Human_UBE2L5_orthologues_AA_k_5_l_2000_a_7.dot,DeBruijnG_AA,399,440,20,400,90653,5927,919,5927,919,5927,0,0.0000,0.9187,96580,6846,6846,7246
/ccb/salz3/kh.chao/PR_Wheeler_Graph/PR_Wheeler_Graph/data/graph/SMT_vs_RHSMT/DeBruijnG_AA/Human_UBE2L5_orthologues_AA_k_5_l_2000_a_8.dot,DeBruijnG_AA,410,454,21,411,96653,6178,949,6178,949,6178,0,0.0000,0.9120,102831,7127,7127,7538
/ccb/salz3/kh.chao/PR_Wheeler_Graph/PR_Wheeler_Graph/data/graph/SMT_vs_RHSMT/DeBruijnG_AA/Human_ZRANB3_orthologues_AA_k_3_l_2000_a_6.dot,DeBruijnG_AA,391,2819,20,392,3747824,224147,5677,224147,5677,12882,20,1.0000,0.1634,3971971,229824,18559,18951
/ccb/salz3/kh.chao/PR_Wheeler_Graph/PR_Wheeler_Graph/data/graph/SMT_vs_RHSMT/DeBruijnG_AA/Human_ZRANB3_orthologues_AA_k_3_l_2000_a_7.dot,DeBruijnG_AA,392,3002,20,393,4250603,253898,6043,253898,6043,13280,20,1.0000,0.1545,4504501,259941,19323,19716
/ccb/salz3/kh.chao/PR_Wheeler_Graph/PR_Wheeler_Graph/data/graph/SMT_vs_RHSMT/DeBruijnG_AA/Human_ZRANB3_orthologues_AA_k_3_l_2000_a_8.dot,DeBruijnG_AA,394,3129,20,395,4618351,275405,6297,275405,6297,13608,20,1.0000,0.1490,4893756,281702,19905,20300
/ccb/salz3/kh.chao/PR_Wheeler_Graph/PR_Wheeler_Graph/data/graph/SMT_vs_RHSMT/DeBruijnG_AA/Human_ZRANB3_orthologues_AA_k_4_l_2000_a_6.dot,DeBruijnG_AA,2820,4418,20,2821,9169358,587795,8875,587795,8875,587795,0,0.0000,0.6725,9757153,596670,596670,599491
/ccb/salz3/kh.chao/PR_Wheeler_Graph/PR_Wheeler_Graph/data/graph/SMT_vs_RHSMT/DeBruijnG_AA/Human_ZRANB3_orthologues_AA_k_4_l_2000_a_7.dot,DeBruijnG_AA,3003,4891,20,3004,11232370,726125,9821,726125,9821,726125,0,0.0000,0.6534,11958495,735946,735946,738950
/ccb/salz3/kh.chao/PR_Wheeler_Graph/PR_Wheeler_Graph/data/graph/SMT_vs_RHSMT/DeBruijnG_AA/Human_ZRANB3_orthologues_AA_k_4_l_2000_a_8.dot,DeBruijnG_AA,3130,5221,20,3131,12800619,826191,10481,826191,10481,826191,0,0.0000,0.6388,13626810,836672,836672,839803
/ccb/salz3/kh.chao/PR_Wheeler_Graph/PR_Wheeler_Graph/data/graph/SMT_vs_RHSMT/DeBruijnG_AA/Human_ZRANB3_orthologues_AA_k_5_l_2000_a_6.dot,DeBruijnG_AA,4419,4845,20,4420,11025836,708754,9729,708754,9729,708754,0,0.0000,0.9163,11734590,718483,718483,722903
/ccb/salz3/kh.chao/PR_Wheeler_Graph/PR_Wheeler_Graph/data/graph/SMT_vs_RHSMT/DeBruijnG_AA/Human_ZRANB3_orthologues_AA_k_5_l_2000_a_7.dot,DeBruijnG_AA,4892,5426,20,4893,13823027,894998,10891,894998,10891,894998,0,0.0000,0.9034,14718025,905889,905889,910782
/ccb/salz3/kh.chao/PR_Wheeler_Graph/PR_Wheeler_Graph/data/graph/SMT_vs_RHSMT/DeBruijnG_AA/Human_ZRANB3_orthologues_AA_k_5_l_2000_a_8.dot,DeBruijnG_AA,5222,5837,20,5223,15997053,1035313,11713,1035313,11713,1035313,0,0.0000,0.8967,17032366,1047026,1047026,1052249
/ccb/salz3/kh.chao/PR_Wheeler_Graph/PR_Wheeler_Graph/data/graph/SMT_vs_RHSMT/RevDetG_DNA/Human_ANGPTL4_orthologues_DNA_l_100_a_4.dot,RevDetG_DNA,186,240,4,187,21255,7425,487,7425,487,7425,0,0.0000,0.7675,28680,7912,7912,8099
/ccb/salz3/kh.chao/PR_Wheeler_Graph/PR_Wheeler_Graph/data/graph/SMT_vs_RHSMT/RevDetG_DNA/Human_ANGPTL4_orthologues_DNA_l_100_a_5.dot,RevDetG_DNA,197,267,4,198,26447,9064,541,9064,541,9064,0,0.0000,0.7316,35511,9605,9605,9803
/ccb/salz3/kh.chao/PR_Wheeler_Graph/PR_Wheeler_Graph/data/graph/SMT_vs_RHSMT/RevDetG_DNA/Human_ANGPTL4_orthologues_DNA_l_100_a_6.dot,RevDetG_DNA,212,301,4,213,33608,11542,609,11542,609,11542,0,0.0000,0.6992,45150,12151,12151,12364
/ccb/salz3/kh.chao/PR_Wheeler_Graph/PR_Wheeler_Graph/data/graph/SMT_vs_RHSMT/RevDetG_DNA/Human_ANGPTL4_orthologues_DNA_l_300_a_4.dot,RevDetG_DNA,538,698,4,539,179876,63377,1403,63377,1403,63377,0,0.0000,0.7737,243253,64780,64780,65319
/ccb/salz3/kh.chao/PR_Wheeler_Graph/PR_Wheeler_Graph/data/graph/SMT_vs_RHSMT/RevDetG_DNA/Human_ANGPTL4_orthologues_DNA_l_300_a_5.dot,RevDetG_DNA,569,775,4,570,221877,78048,1557,78048,1557,78048,0,0.0000,0.7389,299925,79605,79605,80175
/ccb/salz3/kh.chao/PR_Wheeler_Graph/PR_Wheeler_Graph/data/graph/SMT_vs_RHSMT/RevDetG_DNA/Human_ANGPTL4_orthologues_DNA_l_300_a_6.dot,RevDetG_DNA,598,851,4,599,267036,94639,1709,94639,1709,94639,0,0.0000,0.7104,361675,96348,96348,96947
/ccb/salz3/kh.chao/PR_Wheeler_Graph/PR_Wheeler_Graph/data/graph/SMT_vs_RHSMT/RevDetG_DNA/Human_ANGPTL4_orthologues_DNA_l_500_a_4.dot,RevDetG_DNA,912,1200,4,913,530957,188443,2407,188443,2407,188443,0,0.0000,0.7644,719400,190850,190850,191763
/ccb/salz3/kh.chao/PR_Wheeler_Graph/PR_Wheeler_Graph/data/graph/SMT_vs_RHSMT/RevDetG_DNA/Human_ANGPTL4_orthologues_DNA_l_500_a_5.dot,RevDetG_DNA,972,1347,4,973,670068,236463,2701,236463,2701,236463,0,0.0000,0.7268,906531,239164,239164,240137
/ccb/salz3/kh.chao/PR_Wheeler_Graph/PR_Wheeler_Graph/data/graph/SMT_vs_RHSMT/RevDetG_DNA/Human_ANGPTL4_orthologues_DNA_l_500_a_6.dot,RevDetG_DNA,1028,1490,4,1029,818867,290438,2987,290438,2987,290438,0,0.0000,0.6982,1109305,293425,293425,294454
/ccb/salz3/kh.chao/PR_Wheeler_Graph/PR_Wheeler_Graph/data/graph/SMT_vs_RHSMT/RevDetG_DNA/Human_BTBD17_orthologues_DNA_l_100_a_4.dot,RevDetG_DNA,156,200,4,157,14925,4975,407,4975,407,4975,0,0.0000,0.7759,19900,5382,5382,5539
/ccb/salz3/kh.chao/PR_Wheeler_Graph/PR_Wheeler_Graph/data/graph/SMT_vs_RHSMT/RevDetG_DNA/Human_BTBD17_orthologues_DNA_l_100_a_5.dot,RevDetG_DNA,173,231,4,174,19835,6730,469,6730,469,6730,0,0.0000,0.7478,26565,7199,7199,7373
/ccb/salz3/kh.chao/PR_Wheeler_Graph/PR_Wheeler_Graph/data/graph/SMT_vs_RHSMT/RevDetG_DNA/Human_BTBD17_orthologues_DNA_l_100_a_6.dot,RevDetG_DNA,179,247,4,180,22717,7664,501,7664,501,7664,0,0.0000,0.7229,30381,8165,8165,8345
/ccb/salz3/kh.chao/PR_Wheeler_Graph/PR_Wheeler_Graph/data/graph/SMT_vs_RHSMT/RevDetG_DNA/Human_BTBD17_orthologues_DNA_l_300_a_4.dot,RevDetG_DNA,446,566,4,447,119375,40520,1139,40520,1139,40520,0,0.0000,0.7866,159895,41659,41659,42106
/ccb/salz3/kh.chao/PR_Wheeler_Graph/PR_Wheeler_Graph/data/graph/SMT_vs_RHSMT/RevDetG_DNA/Human_BTBD17_orthologues_DNA_l_300_a_5.dot,RevDetG_DNA,483,638,4,484,151497,51706,1283,51706,1283,51706,0,0.0000,0.7564,203203,52989,52989,53473
/ccb/salz3/kh.chao/PR_Wheeler_Graph/PR_Wheeler_Graph/data/graph/SMT_vs_RHSMT/RevDetG_DNA/Human_BTBD17_orthologues_DNA_l_300_a_6.dot,RevDetG_DNA,506,692,4,507,178617,60469,1391,60469,1391,60469,0,0.0000,0.7311,239086,61860,61860,62367
/ccb/salz3/kh.chao/PR_Wheeler_Graph/PR_Wheeler_Graph/data/graph/SMT_vs_RHSMT/RevDetG_DNA/Human_BTBD17_orthologues_DNA_l_500_a_4.dot,RevDetG_DNA,741,933,4,742,323250,111528,1873,111528,1873,111528,0,0.0000,0.7930,434778,113401,113401,114143
/ccb/salz3/kh.chao/PR_Wheeler_Graph/PR_Wheeler_Graph/data/graph/SMT_vs_RHSMT/RevDetG_DNA/Human_BTBD17_orthologues_DNA_l_500_a_5.dot,RevDetG_DNA,803,1058,4,804,414728,144425,2123,144425,2123,144425,0,0.0000,0.7587,559153,146548,146548,147352
/ccb/salz3/kh.chao/PR_Wheeler_Graph/PR_Wheeler_Graph/data/graph/SMT_vs_RHSMT/RevDetG_DNA/Human_BTBD17_orthologues_DNA_l_500_a_6.dot,RevDetG_DNA,842,1147,4,843,489001,168230,2301,168230,2301,168230,0,0.0000,0.7348,657231,170531,170531,171374
/ccb/salz3/kh.chao/PR_Wheeler_Graph/PR_Wheeler_Graph/data/graph/SMT_vs_RHSMT/RevDetG_DNA/Human_C17orf67_orthologues_DNA_l_100_a_4.dot,RevDetG_DNA,139,165,4,140,9851,3679,337,3679,337,3679,0,0.0000,0.8545,13530,4016,4016,4156
/ccb/salz3/kh.chao/PR_Wheeler_Graph/PR_Wheeler_Graph/data/graph/SMT_vs_RHSMT/RevDetG_DNA/Human_C17orf67_orthologues_DNA_l_100_a_5.dot,RevDetG_DNA,152,190,4,153,13085,4870,387,4870,387,4870,0,0.0000,0.8092,17955,5257,5257,5410
/ccb/salz3/kh.chao/PR_Wheeler_Graph/PR_Wheeler_Graph/data/graph/SMT_vs_RHSMT/RevDetG_DNA/Human_C17orf67_orthologues_DNA_l_100_a_6.dot,RevDetG_DNA,156,198,4,157,14252,5251,403,5251,403,5251,0,0.0000,0.7966,19503,5654,5654,5811
/ccb/salz3/kh.chao/PR_Wheeler_Graph/PR_Wheeler_Graph/data/graph/SMT_vs_RHSMT/RevDetG_DNA/Human_C17orf67_orthologues_DNA_l_300_a_4.dot,RevDetG_DNA,502,588,5,503,135979,36599,1185,36599,1185,36599,0,0.0000,0.8673,172578,37784,37784,38287
/ccb/salz3/kh.chao/PR_Wheeler_Graph/PR_Wheeler_Graph/data/graph/SMT_vs_RHSMT/RevDetG_DNA/Human_C17orf67_orthologues_DNA_l_300_a_5.dot,RevDetG_DNA,565,705,5,566,194655,53505,1419,53505,1419,53505,0,0.0000,0.8228,248160,54924,54924,55490
/ccb/salz3/kh.chao/PR_Wheeler_Graph/PR_Wheeler_Graph/data/graph/SMT_vs_RHSMT/RevDetG_DNA/Human_C17orf67_orthologues_DNA_l_300_a_6.dot,RevDetG_DNA,579,736,5,580,212096,58384,1481,58384,1481,58384,0,0.0000,0.8109,270480,59865,59865,60445
/ccb/salz3/kh.chao/PR_Wheeler_Graph/PR_Wheeler_Graph/data/graph/SMT_vs_RHSMT/RevDetG_DNA/Human_C17orf67_orthologues_DNA_l_500_a_4.dot,RevDetG_DNA,629,736,5,630,212328,58152,1481,58152,1481,58152,0,0.0000,0.8709,270480,59633,59633,60263
/ccb/salz3/kh.chao/PR_Wheeler_Graph/PR_Wheeler_Graph/data/graph/SMT_vs_RHSMT/RevDetG_DNA/Human_C17orf67_orthologues_DNA_l_500_a_5.dot,RevDetG_DNA,692,853,5,693,283989,79389,1715,79389,1715,79389,0,0.0000,0.8347,363378,81104,81104,81797
/ccb/salz3/kh.chao/PR_Wheeler_Graph/PR_Wheeler_Graph/data/graph/SMT_vs_RHSMT/RevDetG_DNA/Human_C17orf67_orthologues_DNA_l_500_a_6.dot,RevDetG_DNA,732,927,5,733,334953,94248,1863,94248,1863,94248,0,0.0000,0.8172,429201,96111,96111,96844
/ccb/salz3/kh.chao/PR_Wheeler_Graph/PR_Wheeler_Graph/data/graph/SMT_vs_RHSMT/RevDetG_DNA/Human_CEP57L1_orthologues_DNA_l_100_a_4.dot,RevDetG_DNA,162,204,4,163,15329,5377,415,5377,415,5377,0,0.0000,0.7888,20706,5792,5792,5955
/ccb/salz3/kh.chao/PR_Wheeler_Graph/PR_Wheeler_Graph/data/graph/SMT_vs_RHSMT/RevDetG_DNA/Human_CEP57L1_orthologues_DNA_l_100_a_5.dot,RevDetG_DNA,164,213,4,165,16661,5917,433,5917,433,5917,0,0.0000,0.7687,22578,6350,6350,6515
/ccb/salz3/kh.chao/PR_Wheeler_Graph/PR_Wheeler_Graph/data/graph/SMT_vs_RHSMT/RevDetG_DNA/Human_CEP57L1_orthologues_DNA_l_100_a_6.dot,RevDetG_DNA,177,240,4,178,21219,7461,487,7461,487,7461,0,0.0000,0.7363,28680,7948,7948,8126
/ccb/salz3/kh.chao/PR_Wheeler_Graph/PR_Wheeler_Graph/data/graph/SMT_vs_RHSMT/RevDetG_DNA/Human_CEP57L1_orthologues_DNA_l_300_a_4.dot,RevDetG_DNA,489,588,4,490,127221,45357,1183,45357,1183,45357,0,0.0000,0.8337,172578,46540,46540,47030
/ccb/salz3/kh.chao/PR_Wheeler_Graph/PR_Wheeler_Graph/data/graph/SMT_vs_RHSMT/RevDetG_DNA/Human_CEP57L1_orthologues_DNA_l_300_a_5.dot,RevDetG_DNA,509,642,4,510,151875,53886,1291,53886,1291,53886,0,0.0000,0.7963,205761,55177,55177,55687
/ccb/salz3/kh.chao/PR_Wheeler_Graph/PR_Wheeler_Graph/data/graph/SMT_vs_RHSMT/RevDetG_DNA/Human_CEP57L1_orthologues_DNA_l_300_a_6.dot,RevDetG_DNA,562,740,4,563,202514,70916,1487,70916,1487,70916,0,0.0000,0.7627,273430,72403,72403,72966
/ccb/salz3/kh.chao/PR_Wheeler_Graph/PR_Wheeler_Graph/data/graph/SMT_vs_RHSMT/RevDetG_DNA/Human_CEP57L1_orthologues_DNA_l_500_a_4.dot,RevDetG_DNA,818,1003,4,819,372458,130045,2013,130045,2013,130045,0,0.0000,0.8145,502503,132058,132058,132877
/ccb/salz3/kh.chao/PR_Wheeler_Graph/PR_Wheeler_Graph/data/graph/SMT_vs_RHSMT/RevDetG_DNA/Human_CEP57L1_orthologues_DNA_l_500_a_5.dot,RevDetG_DNA,851,1086,4,852,436979,152176,2179,152176,2179,152176,0,0.0000,0.7826,589155,154355,154355,155207
/ccb/salz3/kh.chao/PR_Wheeler_Graph/PR_Wheeler_Graph/data/graph/SMT_vs_RHSMT/RevDetG_DNA/Human_CEP57L1_orthologues_DNA_l_500_a_6.dot,RevDetG_DNA,934,1248,4,935,577462,200666,2503,200666,2503,200666,0,0.0000,0.7481,778128,203169,203169,204104
/ccb/salz3/kh.chao/PR_Wheeler_Graph/PR_Wheeler_Graph/data/graph/SMT_vs_RHSMT/RevDetG_DNA/Human_CLPX_orthologues_DNA_l_100_a_4.dot,RevDetG_DNA,176,207,4,177,15364,5957,421,5957,421,5957,0,0.0000,0.8682,21321,6378,6378,6555
/ccb/salz3/kh.chao/PR_Wheeler_Graph/PR_Wheeler_Graph/data/graph/SMT_vs_RHSMT/RevDetG_DNA/Human_CLPX_orthologues_DNA_l_100_a_5.dot,RevDetG_DNA,190,244,4,191,21755,7891,495,7891,495,7891,0,0.0000,0.7782,29646,8386,8386,8577
/ccb/salz3/kh.chao/PR_Wheeler_Graph/PR_Wheeler_Graph/data/graph/SMT_vs_RHSMT/RevDetG_DNA/Human_CLPX_orthologues_DNA_l_100_a_6.dot,RevDetG_DNA,195,257,4,196,24113,8783,521,8783,521,8783,0,0.0000,0.7639,32896,9304,9304,9500
/ccb/salz3/kh.chao/PR_Wheeler_Graph/PR_Wheeler_Graph/data/graph/SMT_vs_RHSMT/RevDetG_DNA/Human_CLPX_orthologues_DNA_l_300_a_4.dot,RevDetG_DNA,505,617,4,506,140232,49804,1241,49804,1241,49804,0,0.0000,0.8242,190036,51045,51045,51551
/ccb/salz3/kh.chao/PR_Wheeler_Graph/PR_Wheeler_Graph/data/graph/SMT_vs_RHSMT/RevDetG_DNA/Human_CLPX_orthologues_DNA_l_300_a_5.dot,RevDetG_DNA,554,730,4,555,197612,68473,1467,68473,1467,68473,0,0.0000,0.7628,266085,69940,69940,70495
/ccb/salz3/kh.chao/PR_Wheeler_Graph/PR_Wheeler_Graph/data/graph/SMT_vs_RHSMT/RevDetG_DNA/Human_CLPX_orthologues_DNA_l_300_a_6.dot,RevDetG_DNA,576,787,4,577,229746,79545,1581,79545,1581,79545,0,0.0000,0.7358,309291,81126,81126,81703
/ccb/salz3/kh.chao/PR_Wheeler_Graph/PR_Wheeler_Graph/data/graph/SMT_vs_RHSMT/RevDetG_DNA/Human_CLPX_orthologues_DNA_l_500_a_4.dot,RevDetG_DNA,805,990,4,806,361373,128182,1987,128182,1987,128182,0,0.0000,0.8169,489555,130169,130169,130975
/ccb/salz3/kh.chao/PR_Wheeler_Graph/PR_Wheeler_Graph/data/graph/SMT_vs_RHSMT/RevDetG_DNA/Human_CLPX_orthologues_DNA_l_500_a_5.dot,RevDetG_DNA,892,1187,4,893,524167,179724,2381,179724,2381,179724,0,0.0000,0.7550,703891,182105,182105,182998
/ccb/salz3/kh.chao/PR_Wheeler_Graph/PR_Wheeler_Graph/data/graph/SMT_vs_RHSMT/RevDetG_DNA/Human_CLPX_orthologues_DNA_l_500_a_6.dot,RevDetG_DNA,922,1263,4,923,593235,203718,2533,203718,2533,203718,0,0.0000,0.7345,796953,206251,206251,207174
/ccb/salz3/kh.chao/PR_Wheeler_Graph/PR_Wheeler_Graph/data/graph/SMT_vs_RHSMT/RevDetG_DNA/Human_DCSTAMP_orthologues_DNA_l_100_a_4.dot,RevDetG_DNA,143,161,4,144,9596,3284,329,3284,329,3284,0,0.0000,0.8933,12880,3613,3613,3757
/ccb/salz3/kh.chao/PR_Wheeler_Graph/PR_Wheeler_Graph/data/graph/SMT_vs_RHSMT/RevDetG_DNA/Human_DCSTAMP_orthologues_DNA_l_100_a_5.dot,RevDetG_DNA,155,186,4,156,12852,4353,379,4353,379,4353,0,0.0000,0.8309,17205,4732,4732,4888
/ccb/salz3/kh.chao/PR_Wheeler_Graph/PR_Wheeler_Graph/data/graph/SMT_vs_RHSMT/RevDetG_DNA/Human_DCSTAMP_orthologues_DNA_l_100_a_6.dot,RevDetG_DNA,141,168,4,142,10526,3502,343,3502,343,3502,0,0.0000,0.8326,14028,3845,3845,3987
/ccb/salz3/kh.chao/PR_Wheeler_Graph/PR_Wheeler_Graph/data/graph/SMT_vs_RHSMT/RevDetG_DNA/Human_DCSTAMP_orthologues_DNA_l_300_a_4.dot,RevDetG_DNA,499,630,4,500,148688,49447,1267,49447,1267,49447,0,0.0000,0.7907,198135,50714,50714,51214
/ccb/salz3/kh.chao/PR_Wheeler_Graph/PR_Wheeler_Graph/data/graph/SMT_vs_RHSMT/RevDetG_DNA/Human_DCSTAMP_orthologues_DNA_l_300_a_5.dot,RevDetG_DNA,521,679,4,522,172610,57571,1365,57571,1365,57571,0,0.0000,0.7658,230181,58936,58936,59458
/ccb/salz3/kh.chao/PR_Wheeler_Graph/PR_Wheeler_Graph/data/graph/SMT_vs_RHSMT/RevDetG_DNA/Human_DCSTAMP_orthologues_DNA_l_300_a_6.dot,RevDetG_DNA,536,720,4,537,193857,64983,1447,64983,1447,64983,0,0.0000,0.7431,258840,66430,66430,66967
/ccb/salz3/kh.chao/PR_Wheeler_Graph/PR_Wheeler_Graph/data/graph/SMT_vs_RHSMT/RevDetG_DNA/Human_DCSTAMP_orthologues_DNA_l_500_a_4.dot,RevDetG_DNA,870,1114,4,871,464735,155206,2235,155206,2235,155206,0,0.0000,0.7808,619941,157441,157441,158312
/ccb/salz3/kh.chao/PR_Wheeler_Graph/PR_Wheeler_Graph/data/graph/SMT_vs_RHSMT/RevDetG_DNA/Human_DCSTAMP_orthologues_DNA_l_500_a_5.dot,RevDetG_DNA,897,1177,4,898,518749,173327,2361,173327,2361,173327,0,0.0000,0.7618,692076,175688,175688,176586
/ccb/salz3/kh.chao/PR_Wheeler_Graph/PR_Wheeler_Graph/data/graph/SMT_vs_RHSMT/RevDetG_DNA/Human_DCSTAMP_orthologues_DNA_l_500_a_6.dot,RevDetG_DNA,943,1296,4,944,628701,210459,2599,210459,2599,210459,0,0.0000,0.7275,839160,213058,213058,214002
/ccb/salz3/kh.chao/PR_Wheeler_Graph/PR_Wheeler_Graph/data/graph/SMT_vs_RHSMT/RevDetG_DNA/Human_DOCK4_orthologues_DNA_l_100_a_4.dot,RevDetG_DNA,100,99,4,101,3437,1414,205,1414,205,1414,0,0.0000,1.0000,4851,1619,1619,1720
/ccb/salz3/kh.chao/PR_Wheeler_Graph/PR_Wheeler_Graph/data/graph/SMT_vs_RHSMT/RevDetG_DNA/Human_DOCK4_orthologues_DNA_l_100_a_5.dot,RevDetG_DNA,100,99,4,101,3437,1414,205,1414,205,1414,0,0.0000,1.0000,4851,1619,1619,1720
/ccb/salz3/kh.chao/PR_Wheeler_Graph/PR_Wheeler_Graph/data/graph/SMT_vs_RHSMT/RevDetG_DNA/Human_DOCK4_orthologues_DNA_l_100_a_6.dot,RevDetG_DNA,118,130,4,119,6095,2290,267,2290,267,2290,0,0.0000,0.9012,8385,2557,2557,2676
/ccb/salz3/kh.chao/PR_Wheeler_Graph/PR_Wheeler_Graph/data/graph/SMT_vs_RHSMT/RevDetG_DNA/Human_DOCK4_orthologues_DNA_l_300_a_4.dot,RevDetG_DNA,300,299,4,301,29908,14643,605,14643,605,14643,0,0.0000,1.0000,44551,15248,15248,15549
/ccb/salz3/kh.chao/PR_Wheeler_Graph/PR_Wheeler_Graph/data/graph/SMT_vs_RHSMT/RevDetG_DNA/Human_DOCK4_orthologues_DNA_l_300_a_5.dot,RevDetG_DNA,300,299,4,301,29908,14643,605,14643,605,14643,0,0.0000,1.0000,44551,15248,15248,15549
/ccb/salz3/kh.chao/PR_Wheeler_Graph/PR_Wheeler_Graph/data/graph/SMT_vs_RHSMT/RevDetG_DNA/Human_DOCK4_orthologues_DNA_l_300_a_6.dot,RevDetG_DNA,371,422,4,372,62604,26227,851,26227,851,26227,0,0.0000,0.8855,88831,27078,27078,27450
/ccb/salz3/kh.chao/PR_Wheeler_Graph/PR_Wheeler_Graph/data/graph/SMT_vs_RHSMT/RevDetG_DNA/Human_DOCK4_orthologues_DNA_l_500_a_4.dot,RevDetG_DNA,534,550,4,535,105113,45862,1107,45862,1107,45862,0,0.0000,0.9629,150975,46969,46969,47504
/ccb/salz3/kh.chao/PR_Wheeler_Graph/PR_Wheeler_Graph/data/graph/SMT_vs_RHSMT/RevDetG_DNA/Human_DOCK4_orthologues_DNA_l_500_a_5.dot,RevDetG_DNA,534,550,4,535,105113,45862,1107,45862,1107,45862,0,0.0000,0.9629,150975,46969,46969,47504
/ccb/salz3/kh.chao/PR_Wheeler_Graph/PR_Wheeler_Graph/data/graph/SMT_vs_RHSMT/RevDetG_DNA/Human_DOCK4_orthologues_DNA_l_500_a_6.dot,RevDetG_DNA,639,741,4,640,196430,77740,1489,77740,1489,77740,0,0.0000,0.8637,274170,79229,79229,79869
/ccb/salz3/kh.chao/PR_Wheeler_Graph/PR_Wheeler_Graph/data/graph/SMT_vs_RHSMT/RevDetG_DNA/Human_ELSPBP1_orthologues_DNA_l_100_a_4.dot,RevDetG_DNA,113,124,4,114,5673,1953,255,1953,255,1953,0,0.0000,0.9076,7626,2208,2208,2322
/ccb/salz3/kh.chao/PR_Wheeler_Graph/PR_Wheeler_Graph/data/graph/SMT_vs_RHSMT/RevDetG_DNA/Human_ELSPBP1_orthologues_DNA_l_100_a_5.dot,RevDetG_DNA,125,146,4,126,7869,2716,299,2716,299,2716,0,0.0000,0.8572,10585,3015,3015,3141
/ccb/salz3/kh.chao/PR_Wheeler_Graph/PR_Wheeler_Graph/data/graph/SMT_vs_RHSMT/RevDetG_DNA/Human_ELSPBP1_orthologues_DNA_l_100_a_6.dot,RevDetG_DNA,141,174,4,142,11192,3859,355,3859,355,3859,0,0.0000,0.8161,15051,4214,4214,4356
/ccb/salz3/kh.chao/PR_Wheeler_Graph/PR_Wheeler_Graph/data/graph/SMT_vs_RHSMT/RevDetG_DNA/Human_ELSPBP1_orthologues_DNA_l_300_a_4.dot,RevDetG_DNA,370,427,4,371,67781,23170,861,23170,861,23170,0,0.0000,0.8670,90951,24031,24031,24402
/ccb/salz3/kh.chao/PR_Wheeler_Graph/PR_Wheeler_Graph/data/graph/SMT_vs_RHSMT/RevDetG_DNA/Human_ELSPBP1_orthologues_DNA_l_300_a_5.dot,RevDetG_DNA,400,482,4,401,86455,29466,971,29466,971,29466,0,0.0000,0.8300,115921,30437,30437,30838
/ccb/salz3/kh.chao/PR_Wheeler_Graph/PR_Wheeler_Graph/data/graph/SMT_vs_RHSMT/RevDetG_DNA/Human_ELSPBP1_orthologues_DNA_l_300_a_6.dot,RevDetG_DNA,436,549,4,437,112455,37971,1105,37971,1105,37971,0,0.0000,0.7946,150426,39076,39076,39513
/ccb/salz3/kh.chao/PR_Wheeler_Graph/PR_Wheeler_Graph/data/graph/SMT_vs_RHSMT/RevDetG_DNA/Human_ELSPBP1_orthologues_DNA_l_500_a_4.dot,RevDetG_DNA,633,744,4,634,206487,69909,1495,69909,1495,69909,0,0.0000,0.8512,276396,71404,71404,72038
/ccb/salz3/kh.chao/PR_Wheeler_Graph/PR_Wheeler_Graph/data/graph/SMT_vs_RHSMT/RevDetG_DNA/Human_ELSPBP1_orthologues_DNA_l_500_a_5.dot,RevDetG_DNA,675,824,4,676,253713,85363,1655,85363,1655,85363,0,0.0000,0.8187,339076,87018,87018,87694
/ccb/salz3/kh.chao/PR_Wheeler_Graph/PR_Wheeler_Graph/data/graph/SMT_vs_RHSMT/RevDetG_DNA/Human_ELSPBP1_orthologues_DNA_l_500_a_6.dot,RevDetG_DNA,737,938,4,738,328757,110696,1883,110696,1883,110696,0,0.0000,0.7868,439453,112579,112579,113317
/ccb/salz3/kh.chao/PR_Wheeler_Graph/PR_Wheeler_Graph/data/graph/SMT_vs_RHSMT/RevDetG_DNA/Human_FAM53A_orthologues_DNA_l_100_a_4.dot,RevDetG_DNA,153,201,4,154,14643,5457,409,5457,409,5457,0,0.0000,0.7821,20100,5866,5866,6020
/ccb/salz3/kh.chao/PR_Wheeler_Graph/PR_Wheeler_Graph/data/graph/SMT_vs_RHSMT/RevDetG_DNA/Human_FAM53A_orthologues_DNA_l_100_a_5.dot,RevDetG_DNA,158,213,4,159,16469,6109,433,6109,433,6109,0,0.0000,0.7617,22578,6542,6542,6701
/ccb/salz3/kh.chao/PR_Wheeler_Graph/PR_Wheeler_Graph/data/graph/SMT_vs_RHSMT/RevDetG_DNA/Human_FAM53A_orthologues_DNA_l_100_a_6.dot,RevDetG_DNA,159,216,4,160,16967,6253,439,6253,439,6253,0,0.0000,0.7552,23220,6692,6692,6852
/ccb/salz3/kh.chao/PR_Wheeler_Graph/PR_Wheeler_Graph/data/graph/SMT_vs_RHSMT/RevDetG_DNA/Human_FAM53A_orthologues_DNA_l_300_a_4.dot,RevDetG_DNA,493,642,4,494,150741,55020,1291,55020,1291,55020,0,0.0000,0.7815,205761,56311,56311,56805
/ccb/salz3/kh.chao/PR_Wheeler_Graph/PR_Wheeler_Graph/data/graph/SMT_vs_RHSMT/RevDetG_DNA/Human_FAM53A_orthologues_DNA_l_300_a_5.dot,RevDetG_DNA,389,496,5,390,96306,26454,1001,26454,1001,26454,0,0.0000,0.8027,122760,27455,27455,27845
/ccb/salz3/kh.chao/PR_Wheeler_Graph/PR_Wheeler_Graph/data/graph/SMT_vs_RHSMT/RevDetG_DNA/Human_FAM53A_orthologues_DNA_l_300_a_6.dot,RevDetG_DNA,527,719,4,528,187888,70233,1445,70233,1445,70233,0,0.0000,0.7525,258121,71678,71678,72206
/ccb/salz3/kh.chao/PR_Wheeler_Graph/PR_Wheeler_Graph/data/graph/SMT_vs_RHSMT/RevDetG_DNA/Human_FAM53A_orthologues_DNA_l_500_a_4.dot,RevDetG_DNA,781,1008,4,782,374268,133260,2023,133260,2023,133260,0,0.0000,0.7826,507528,135283,135283,136065
/ccb/salz3/kh.chao/PR_Wheeler_Graph/PR_Wheeler_Graph/data/graph/SMT_vs_RHSMT/RevDetG_DNA/Human_FAM53A_orthologues_DNA_l_500_a_5.dot,RevDetG_DNA,950,1206,5,951,568226,158389,2421,158389,2421,158389,0,0.0000,0.8141,726615,160810,160810,161761
/ccb/salz3/kh.chao/PR_Wheeler_Graph/PR_Wheeler_Graph/data/graph/SMT_vs_RHSMT/RevDetG_DNA/Human_FAM53A_orthologues_DNA_l_500_a_6.dot,RevDetG_DNA,982,1278,5,983,634925,181078,2565,181078,2565,181078,0,0.0000,0.8018,816003,183643,183643,184626
/ccb/salz3/kh.chao/PR_Wheeler_Graph/PR_Wheeler_Graph/data/graph/SMT_vs_RHSMT/RevDetG_DNA/Human_FHIP1B_orthologues_DNA_l_100_a_4.dot,RevDetG_DNA,117,124,4,118,5660,1966,255,1966,255,1966,0,0.0000,0.9420,7626,2221,2221,2339
/ccb/salz3/kh.chao/PR_Wheeler_Graph/PR_Wheeler_Graph/data/graph/SMT_vs_RHSMT/RevDetG_DNA/Human_FHIP1B_orthologues_DNA_l_100_a_5.dot,RevDetG_DNA,113,117,4,114,5043,1743,241,1743,241,1743,0,0.0000,0.9624,6786,1984,1984,2098
/ccb/salz3/kh.chao/PR_Wheeler_Graph/PR_Wheeler_Graph/data/graph/SMT_vs_RHSMT/RevDetG_DNA/Human_FHIP1B_orthologues_DNA_l_100_a_6.dot,RevDetG_DNA,113,117,4,114,5043,1743,241,1743,241,1743,0,0.0000,0.9624,6786,1984,1984,2098
/ccb/salz3/kh.chao/PR_Wheeler_Graph/PR_Wheeler_Graph/data/graph/SMT_vs_RHSMT/RevDetG_DNA/Human_FHIP1B_orthologues_DNA_l_300_a_4.dot,RevDetG_DNA,400,465,4,401,79133,28747,937,28747,937,28747,0,0.0000,0.8694,107880,29684,29684,30085
/ccb/salz3/kh.chao/PR_Wheeler_Graph/PR_Wheeler_Graph/data/graph/SMT_vs_RHSMT/RevDetG_DNA/Human_FHIP1B_orthologues_DNA_l_300_a_5.dot,RevDetG_DNA,418,497,4,419,91423,31833,1001,31833,1001,31833,0,0.0000,0.8462,123256,32834,32834,33253
/ccb/salz3/kh.chao/PR_Wheeler_Graph/PR_Wheeler_Graph/data/graph/SMT_vs_RHSMT/RevDetG_DNA/Human_FHIP1B_orthologues_DNA_l_300_a_6.dot,RevDetG_DNA,418,497,4,419,91423,31833,1001,31833,1001,31833,0,0.0000,0.8462,123256,32834,32834,33253
/ccb/salz3/kh.chao/PR_Wheeler_Graph/PR_Wheeler_Graph/data/graph/SMT_vs_RHSMT/RevDetG_DNA/Human_FHIP1B_orthologues_DNA_l_500_a_4.dot,RevDetG_DNA,699,830,4,700,254080,89955,1667,89955,1667,89955,0,0.0000,0.8476,344035,91622,91622,92322
/ccb/salz3/kh.chao/PR_Wheeler_Graph/PR_Wheeler_Graph/data/graph/SMT_vs_RHSMT/RevDetG_DNA/Human_FHIP1B_orthologues_DNA_l_500_a_5.dot,RevDetG_DNA,708,852,4,709,270405,92121,1711,92121,1711,92121,0,0.0000,0.8343,362526,93832,93832,94541
/ccb/salz3/kh.chao/PR_Wheeler_Graph/PR_Wheeler_Graph/data/graph/SMT_vs_RHSMT/RevDetG_DNA/Human_FHIP1B_orthologues_DNA_l_500_a_6.dot,RevDetG_DNA,708,852,4,709,270405,92121,1711,92121,1711,92121,0,0.0000,0.8343,362526,93832,93832,94541
/ccb/salz3/kh.chao/PR_Wheeler_Graph/PR_Wheeler_Graph/data/graph/SMT_vs_RHSMT/RevDetG_DNA/Human_GGT6_orthologues_DNA_l_100_a_4.dot,RevDetG_DNA,159,198,4,160,14583,4920,403,4920,403,4920,0,0.0000,0.8017,19503,5323,5323,5483
/ccb/salz3/kh.chao/PR_Wheeler_Graph/PR_Wheeler_Graph/data/graph/SMT_vs_RHSMT/RevDetG_DNA/Human_GGT6_orthologues_DNA_l_100_a_5.dot,RevDetG_DNA,163,205,4,164,15614,5296,417,5296,417,5296,0,0.0000,0.7963,20910,5713,5713,5877
/ccb/salz3/kh.chao/PR_Wheeler_Graph/PR_Wheeler_Graph/data/graph/SMT_vs_RHSMT/RevDetG_DNA/Human_GGT6_orthologues_DNA_l_100_a_6.dot,RevDetG_DNA,163,205,4,164,15614,5296,417,5296,417,5296,0,0.0000,0.7963,20910,5713,5713,5877
/ccb/salz3/kh.chao/PR_Wheeler_Graph/PR_Wheeler_Graph/data/graph/SMT_vs_RHSMT/RevDetG_DNA/Human_GGT6_orthologues_DNA_l_300_a_4.dot,RevDetG_DNA,520,631,4,521,149019,49746,1269,49746,1269,49746,0,0.0000,0.8229,198765,51015,51015,51536
/ccb/salz3/kh.chao/PR_Wheeler_Graph/PR_Wheeler_Graph/data/graph/SMT_vs_RHSMT/RevDetG_DNA/Human_GGT6_orthologues_DNA_l_300_a_5.dot,RevDetG_DNA,581,747,4,582,208772,69859,1501,69859,1501,69859,0,0.0000,0.7777,278631,71360,71360,71942
/ccb/salz3/kh.chao/PR_Wheeler_Graph/PR_Wheeler_Graph/data/graph/SMT_vs_RHSMT/RevDetG_DNA/Human_GGT6_orthologues_DNA_l_300_a_6.dot,RevDetG_DNA,581,747,4,582,208772,69859,1501,69859,1501,69859,0,0.0000,0.7777,278631,71360,71360,71942
/ccb/salz3/kh.chao/PR_Wheeler_Graph/PR_Wheeler_Graph/data/graph/SMT_vs_RHSMT/RevDetG_DNA/Human_GGT6_orthologues_DNA_l_500_a_4.dot,RevDetG_DNA,842,1035,4,843,401218,133877,2077,133877,2077,133877,0,0.0000,0.8136,535095,135954,135954,136797
/ccb/salz3/kh.chao/PR_Wheeler_Graph/PR_Wheeler_Graph/data/graph/SMT_vs_RHSMT/RevDetG_DNA/Human_GGT6_orthologues_DNA_l_500_a_5.dot,RevDetG_DNA,953,1241,4,954,576881,192539,2489,192539,2489,192539,0,0.0000,0.7681,769420,195028,195028,195982
/ccb/salz3/kh.chao/PR_Wheeler_Graph/PR_Wheeler_Graph/data/graph/SMT_vs_RHSMT/RevDetG_DNA/Human_GGT6_orthologues_DNA_l_500_a_6.dot,RevDetG_DNA,953,1241,4,954,576881,192539,2489,192539,2489,192539,0,0.0000,0.7681,769420,195028,195028,195982
/ccb/salz3/kh.chao/PR_Wheeler_Graph/PR_Wheeler_Graph/data/graph/SMT_vs_RHSMT/RevDetG_DNA/Human_LCP1_orthologues_DNA_l_100_a_4.dot,RevDetG_DNA,152,194,4,153,13884,4837,395,4837,395,4837,0,0.0000,0.7789,18721,5232,5232,5385
/ccb/salz3/kh.chao/PR_Wheeler_Graph/PR_Wheeler_Graph/data/graph/SMT_vs_RHSMT/RevDetG_DNA/Human_LCP1_orthologues_DNA_l_100_a_5.dot,RevDetG_DNA,158,206,4,159,15637,5478,419,5478,419,5478,0,0.0000,0.7660,21115,5897,5897,6056
/ccb/salz3/kh.chao/PR_Wheeler_Graph/PR_Wheeler_Graph/data/graph/SMT_vs_RHSMT/RevDetG_DNA/Human_LCP1_orthologues_DNA_l_100_a_6.dot,RevDetG_DNA,161,215,4,162,17058,5947,437,5947,437,5947,0,0.0000,0.7486,23005,6384,6384,6546
/ccb/salz3/kh.chao/PR_Wheeler_Graph/PR_Wheeler_Graph/data/graph/SMT_vs_RHSMT/RevDetG_DNA/Human_LCP1_orthologues_DNA_l_300_a_4.dot,RevDetG_DNA,516,677,4,517,170822,58004,1361,58004,1361,58004,0,0.0000,0.7636,228826,59365,59365,59882
/ccb/salz3/kh.chao/PR_Wheeler_Graph/PR_Wheeler_Graph/data/graph/SMT_vs_RHSMT/RevDetG_DNA/Human_LCP1_orthologues_DNA_l_300_a_5.dot,RevDetG_DNA,533,721,4,534,193695,65865,1449,65865,1449,65865,0,0.0000,0.7418,259560,67314,67314,67848
/ccb/salz3/kh.chao/PR_Wheeler_Graph/PR_Wheeler_Graph/data/graph/SMT_vs_RHSMT/RevDetG_DNA/Human_LCP1_orthologues_DNA_l_300_a_6.dot,RevDetG_DNA,552,766,4,553,219013,73982,1539,73982,1539,73982,0,0.0000,0.7224,292995,75521,75521,76074
/ccb/salz3/kh.chao/PR_Wheeler_Graph/PR_Wheeler_Graph/data/graph/SMT_vs_RHSMT/RevDetG_DNA/Human_LCP1_orthologues_DNA_l_500_a_4.dot,RevDetG_DNA,865,1143,4,866,487242,165411,2293,165411,2293,165411,0,0.0000,0.7577,652653,167704,167704,168570
/ccb/salz3/kh.chao/PR_Wheeler_Graph/PR_Wheeler_Graph/data/graph/SMT_vs_RHSMT/RevDetG_DNA/Human_LCP1_orthologues_DNA_l_500_a_5.dot,RevDetG_DNA,901,1233,4,902,567023,192505,2473,192505,2473,192505,0,0.0000,0.7321,759528,194978,194978,195880
/ccb/salz3/kh.chao/PR_Wheeler_Graph/PR_Wheeler_Graph/data/graph/SMT_vs_RHSMT/RevDetG_DNA/Human_LCP1_orthologues_DNA_l_500_a_6.dot,RevDetG_DNA,932,1312,4,933,642225,217791,2631,217791,2631,217791,0,0.0000,0.7123,860016,220422,220422,221355
/ccb/salz3/kh.chao/PR_Wheeler_Graph/PR_Wheeler_Graph/data/graph/SMT_vs_RHSMT/RevDetG_DNA/Human_LEAP2_orthologues_DNA_l_100_a_4.dot,RevDetG_DNA,140,164,4,141,10071,3295,335,3295,335,3295,0,0.0000,0.8508,13366,3630,3630,3771
/ccb/salz3/kh.chao/PR_Wheeler_Graph/PR_Wheeler_Graph/data/graph/SMT_vs_RHSMT/RevDetG_DNA/Human_LEAP2_orthologues_DNA_l_100_a_5.dot,RevDetG_DNA,142,170,4,143,10816,3549,347,3549,347,3549,0,0.0000,0.8333,14365,3896,3896,4039
/ccb/salz3/kh.chao/PR_Wheeler_Graph/PR_Wheeler_Graph/data/graph/SMT_vs_RHSMT/RevDetG_DNA/Human_LEAP2_orthologues_DNA_l_100_a_6.dot,RevDetG_DNA,142,171,4,143,10938,3597,349,3597,349,3597,0,0.0000,0.8295,14535,3946,3946,4089
/ccb/salz3/kh.chao/PR_Wheeler_Graph/PR_Wheeler_Graph/data/graph/SMT_vs_RHSMT/RevDetG_DNA/Human_LEAP2_orthologues_DNA_l_300_a_4.dot,RevDetG_DNA,316,373,4,317,52147,17231,753,17231,753,17231,0,0.0000,0.8455,69378,17984,17984,18301
/ccb/salz3/kh.chao/PR_Wheeler_Graph/PR_Wheeler_Graph/data/graph/SMT_vs_RHSMT/RevDetG_DNA/Human_LEAP2_orthologues_DNA_l_300_a_5.dot,RevDetG_DNA,324,391,4,325,57302,18943,789,18943,789,18943,0,0.0000,0.8274,76245,19732,19732,20057
/ccb/salz3/kh.chao/PR_Wheeler_Graph/PR_Wheeler_Graph/data/graph/SMT_vs_RHSMT/RevDetG_DNA/Human_LEAP2_orthologues_DNA_l_300_a_6.dot,RevDetG_DNA,329,403,4,330,60837,20166,813,20166,813,20166,0,0.0000,0.8164,81003,20979,20979,21309
/ccb/salz3/kh.chao/PR_Wheeler_Graph/PR_Wheeler_Graph/data/graph/SMT_vs_RHSMT/RevDetG_DNA/Human_LEAP2_orthologues_DNA_l_500_a_4.dot,RevDetG_DNA,316,373,4,317,52147,17231,753,17231,753,17231,0,0.0000,0.8455,69378,17984,17984,18301
/ccb/salz3/kh.chao/PR_Wheeler_Graph/PR_Wheeler_Graph/data/graph/SMT_vs_RHSMT/RevDetG_DNA/Human_LEAP2_orthologues_DNA_l_500_a_5.dot,RevDetG_DNA,324,391,4,325,57302,18943,789,18943,789,18943,0,0.0000,0.8274,76245,19732,19732,20057
/ccb/salz3/kh.chao/PR_Wheeler_Graph/PR_Wheeler_Graph/data/graph/SMT_vs_RHSMT/RevDetG_DNA/Human_LEAP2_orthologues_DNA_l_500_a_6.dot,RevDetG_DNA,329,403,4,330,60837,20166,813,20166,813,20166,0,0.0000,0.8164,81003,20979,20979,21309
/ccb/salz3/kh.chao/PR_Wheeler_Graph/PR_Wheeler_Graph/data/graph/SMT_vs_RHSMT/RevDetG_DNA/Human_OR10G8_orthologues_DNA_l_100_a_4.dot,RevDetG_DNA,127,148,4,128,8087,2791,303,2791,303,2791,0,0.0000,0.8590,10878,3094,3094,3222
/ccb/salz3/kh.chao/PR_Wheeler_Graph/PR_Wheeler_Graph/data/graph/SMT_vs_RHSMT/RevDetG_DNA/Human_OR10G8_orthologues_DNA_l_100_a_5.dot,RevDetG_DNA,134,165,4,135,10019,3511,337,3511,337,3511,0,0.0000,0.8202,13530,3848,3848,3983
/ccb/salz3/kh.chao/PR_Wheeler_Graph/PR_Wheeler_Graph/data/graph/SMT_vs_RHSMT/RevDetG_DNA/Human_OR10G8_orthologues_DNA_l_100_a_6.dot,RevDetG_DNA,136,168,4,137,10418,3610,343,3610,343,3610,0,0.0000,0.8155,14028,3953,3953,4090
/ccb/salz3/kh.chao/PR_Wheeler_Graph/PR_Wheeler_Graph/data/graph/SMT_vs_RHSMT/RevDetG_DNA/Human_OR10G8_orthologues_DNA_l_300_a_4.dot,RevDetG_DNA,361,412,4,362,63471,21195,831,21195,831,21195,0,0.0000,0.8735,84666,22026,22026,22388
/ccb/salz3/kh.chao/PR_Wheeler_Graph/PR_Wheeler_Graph/data/graph/SMT_vs_RHSMT/RevDetG_DNA/Human_OR10G8_orthologues_DNA_l_300_a_5.dot,RevDetG_DNA,381,457,4,382,78141,26055,921,26055,921,26055,0,0.0000,0.8305,104196,26976,26976,27358
/ccb/salz3/kh.chao/PR_Wheeler_Graph/PR_Wheeler_Graph/data/graph/SMT_vs_RHSMT/RevDetG_DNA/Human_OR10G8_orthologues_DNA_l_300_a_6.dot,RevDetG_DNA,390,473,4,391,83648,27980,953,27980,953,27980,0,0.0000,0.8219,111628,28933,28933,29324
/ccb/salz3/kh.chao/PR_Wheeler_Graph/PR_Wheeler_Graph/data/graph/SMT_vs_RHSMT/RevDetG_DNA/Human_OR10G8_orthologues_DNA_l_500_a_4.dot,RevDetG_DNA,597,677,4,598,171041,57785,1361,57785,1361,57785,0,0.0000,0.8799,228826,59146,59146,59744
/ccb/salz3/kh.chao/PR_Wheeler_Graph/PR_Wheeler_Graph/data/graph/SMT_vs_RHSMT/RevDetG_DNA/Human_OR10G8_orthologues_DNA_l_500_a_5.dot,RevDetG_DNA,630,748,4,631,209011,70367,1503,70367,1503,70367,0,0.0000,0.8406,279378,71870,71870,72501
/ccb/salz3/kh.chao/PR_Wheeler_Graph/PR_Wheeler_Graph/data/graph/SMT_vs_RHSMT/RevDetG_DNA/Human_OR10G8_orthologues_DNA_l_500_a_6.dot,RevDetG_DNA,648,782,4,649,228416,76955,1571,76955,1571,76955,0,0.0000,0.8271,305371,78526,78526,79175
/ccb/salz3/kh.chao/PR_Wheeler_Graph/PR_Wheeler_Graph/data/graph/SMT_vs_RHSMT/RevDetG_DNA/Human_RPS27A_orthologues_DNA_l_100_a_4.dot,RevDetG_DNA,118,123,4,119,5624,1879,253,1879,253,1879,0,0.0000,0.9469,7503,2132,2132,2251
/ccb/salz3/kh.chao/PR_Wheeler_Graph/PR_Wheeler_Graph/data/graph/SMT_vs_RHSMT/RevDetG_DNA/Human_RPS27A_orthologues_DNA_l_100_a_5.dot,RevDetG_DNA,120,128,4,121,6097,2031,263,2031,263,2031,0,0.0000,0.9274,8128,2294,2294,2415
/ccb/salz3/kh.chao/PR_Wheeler_Graph/PR_Wheeler_Graph/data/graph/SMT_vs_RHSMT/RevDetG_DNA/Human_RPS27A_orthologues_DNA_l_100_a_6.dot,RevDetG_DNA,121,131,4,122,6383,2132,269,2132,269,2132,0,0.0000,0.9153,8515,2401,2401,2523
/ccb/salz3/kh.chao/PR_Wheeler_Graph/PR_Wheeler_Graph/data/graph/SMT_vs_RHSMT/RevDetG_DNA/Human_RPS27A_orthologues_DNA_l_300_a_4.dot,RevDetG_DNA,365,398,4,366,58907,20096,803,20096,803,20096,0,0.0000,0.9153,79003,20899,20899,21265
/ccb/salz3/kh.chao/PR_Wheeler_Graph/PR_Wheeler_Graph/data/graph/SMT_vs_RHSMT/RevDetG_DNA/Human_RPS27A_orthologues_DNA_l_300_a_5.dot,RevDetG_DNA,370,411,4,371,62846,21409,829,21409,829,21409,0,0.0000,0.8991,84255,22238,22238,22609
/ccb/salz3/kh.chao/PR_Wheeler_Graph/PR_Wheeler_Graph/data/graph/SMT_vs_RHSMT/RevDetG_DNA/Human_RPS27A_orthologues_DNA_l_300_a_6.dot,RevDetG_DNA,378,428,4,379,68070,23308,863,23308,863,23308,0,0.0000,0.8837,91378,24171,24171,24550
/ccb/salz3/kh.chao/PR_Wheeler_Graph/PR_Wheeler_Graph/data/graph/SMT_vs_RHSMT/RevDetG_DNA/Human_RPS27A_orthologues_DNA_l_500_a_4.dot,RevDetG_DNA,604,650,4,605,156895,54030,1307,54030,1307,54030,0,0.0000,0.9271,210925,55337,55337,55942
/ccb/salz3/kh.chao/PR_Wheeler_Graph/PR_Wheeler_Graph/data/graph/SMT_vs_RHSMT/RevDetG_DNA/Human_RPS27A_orthologues_DNA_l_500_a_5.dot,RevDetG_DNA,610,665,4,611,164198,56582,1337,56582,1337,56582,0,0.0000,0.9160,220780,57919,57919,58530
/ccb/salz3/kh.chao/PR_Wheeler_Graph/PR_Wheeler_Graph/data/graph/SMT_vs_RHSMT/RevDetG_DNA/Human_RPS27A_orthologues_DNA_l_500_a_6.dot,RevDetG_DNA,618,682,4,619,172565,59656,1371,59656,1371,59656,0,0.0000,0.9058,232221,61027,61027,61646
/ccb/salz3/kh.chao/PR_Wheeler_Graph/PR_Wheeler_Graph/data/graph/SMT_vs_RHSMT/RevDetG_DNA/Human_SHLD2_orthologues_DNA_l_100_a_4.dot,RevDetG_DNA,166,203,4,167,15123,5380,413,5380,413,5380,0,0.0000,0.8215,20503,5793,5793,5960
/ccb/salz3/kh.chao/PR_Wheeler_Graph/PR_Wheeler_Graph/data/graph/SMT_vs_RHSMT/RevDetG_DNA/Human_SHLD2_orthologues_DNA_l_100_a_5.dot,RevDetG_DNA,166,203,4,167,15123,5380,413,5380,413,5380,0,0.0000,0.8215,20503,5793,5793,5960
/ccb/salz3/kh.chao/PR_Wheeler_Graph/PR_Wheeler_Graph/data/graph/SMT_vs_RHSMT/RevDetG_DNA/Human_SHLD2_orthologues_DNA_l_100_a_6.dot,RevDetG_DNA,85,84,4,86,2549,937,175,937,175,937,0,0.0000,1.0000,3486,1112,1112,1198
/ccb/salz3/kh.chao/PR_Wheeler_Graph/PR_Wheeler_Graph/data/graph/SMT_vs_RHSMT/RevDetG_DNA/Human_SHLD2_orthologues_DNA_l_300_a_4.dot,RevDetG_DNA,493,606,4,494,136244,47071,1219,47071,1219,47071,0,0.0000,0.8155,183315,48290,48290,48784
/ccb/salz3/kh.chao/PR_Wheeler_Graph/PR_Wheeler_Graph/data/graph/SMT_vs_RHSMT/RevDetG_DNA/Human_SHLD2_orthologues_DNA_l_300_a_5.dot,RevDetG_DNA,493,606,4,494,136244,47071,1219,47071,1219,47071,0,0.0000,0.8155,183315,48290,48290,48784
/ccb/salz3/kh.chao/PR_Wheeler_Graph/PR_Wheeler_Graph/data/graph/SMT_vs_RHSMT/RevDetG_DNA/Human_SHLD2_orthologues_DNA_l_300_a_6.dot,RevDetG_DNA,453,548,4,454,111846,38032,1103,38032,1103,38032,0,0.0000,0.8303,149878,39135,39135,39589
/ccb/salz3/kh.chao/PR_Wheeler_Graph/PR_Wheeler_Graph/data/graph/SMT_vs_RHSMT/RevDetG_DNA/Human_SHLD2_orthologues_DNA_l_500_a_4.dot,RevDetG_DNA,832,1028,4,833,393887,133991,2063,133991,2063,133991,0,0.0000,0.8099,527878,136054,136054,136887
/ccb/salz3/kh.chao/PR_Wheeler_Graph/PR_Wheeler_Graph/data/graph/SMT_vs_RHSMT/RevDetG_DNA/Human_SHLD2_orthologues_DNA_l_500_a_5.dot,RevDetG_DNA,832,1028,4,833,393887,133991,2063,133991,2063,133991,0,0.0000,0.8099,527878,136054,136054,136887
/ccb/salz3/kh.chao/PR_Wheeler_Graph/PR_Wheeler_Graph/data/graph/SMT_vs_RHSMT/RevDetG_DNA/Human_SHLD2_orthologues_DNA_l_500_a_6.dot,RevDetG_DNA,808,1005,4,809,377289,127221,2017,127221,2017,127221,0,0.0000,0.8058,504510,129238,129238,130047
/ccb/salz3/kh.chao/PR_Wheeler_Graph/PR_Wheeler_Graph/data/graph/SMT_vs_RHSMT/RevDetG_DNA/Human_SLC22A2_orthologues_DNA_l_100_a_4.dot,RevDetG_DNA,145,159,4,146,9275,3286,325,3286,325,3286,0,0.0000,0.9109,12561,3611,3611,3757
/ccb/salz3/kh.chao/PR_Wheeler_Graph/PR_Wheeler_Graph/data/graph/SMT_vs_RHSMT/RevDetG_DNA/Human_SLC22A2_orthologues_DNA_l_100_a_5.dot,RevDetG_DNA,145,159,4,146,9275,3286,325,3286,325,3286,0,0.0000,0.9109,12561,3611,3611,3757
/ccb/salz3/kh.chao/PR_Wheeler_Graph/PR_Wheeler_Graph/data/graph/SMT_vs_RHSMT/RevDetG_DNA/Human_SLC22A2_orthologues_DNA_l_100_a_6.dot,RevDetG_DNA,145,159,4,146,9275,3286,325,3286,325,3286,0,0.0000,0.9109,12561,3611,3611,3757
/ccb/salz3/kh.chao/PR_Wheeler_Graph/PR_Wheeler_Graph/data/graph/SMT_vs_RHSMT/RevDetG_DNA/Human_SLC22A2_orthologues_DNA_l_300_a_4.dot,RevDetG_DNA,424,484,4,425,87455,29431,975,29431,975,29431,0,0.0000,0.8739,116886,30406,30406,30831
/ccb/salz3/kh.chao/PR_Wheeler_Graph/PR_Wheeler_Graph/data/graph/SMT_vs_RHSMT/RevDetG_DNA/Human_SLC22A2_orthologues_DNA_l_300_a_5.dot,RevDetG_DNA,425,486,4,426,88189,29666,979,29666,979,29666,0,0.0000,0.8720,117855,30645,30645,31071
/ccb/salz3/kh.chao/PR_Wheeler_Graph/PR_Wheeler_Graph/data/graph/SMT_vs_RHSMT/RevDetG_DNA/Human_SLC22A2_orthologues_DNA_l_300_a_6.dot,RevDetG_DNA,425,486,4,426,88189,29666,979,29666,979,29666,0,0.0000,0.8720,117855,30645,30645,31071
/ccb/salz3/kh.chao/PR_Wheeler_Graph/PR_Wheeler_Graph/data/graph/SMT_vs_RHSMT/RevDetG_DNA/Human_SLC22A2_orthologues_DNA_l_500_a_4.dot,RevDetG_DNA,771,922,4,772,317001,107580,1851,107580,1851,107580,0,0.0000,0.8411,424581,109431,109431,110203
/ccb/salz3/kh.chao/PR_Wheeler_Graph/PR_Wheeler_Graph/data/graph/SMT_vs_RHSMT/RevDetG_DNA/Human_SLC22A2_orthologues_DNA_l_500_a_5.dot,RevDetG_DNA,773,926,4,774,319837,108438,1859,108438,1859,108438,0,0.0000,0.8393,428275,110297,110297,111071
/ccb/salz3/kh.chao/PR_Wheeler_Graph/PR_Wheeler_Graph/data/graph/SMT_vs_RHSMT/RevDetG_DNA/Human_SLC22A2_orthologues_DNA_l_500_a_6.dot,RevDetG_DNA,774,929,4,775,321968,109088,1865,109088,1865,109088,0,0.0000,0.8375,431056,110953,110953,111728
/ccb/salz3/kh.chao/PR_Wheeler_Graph/PR_Wheeler_Graph/data/graph/SMT_vs_RHSMT/RevDetG_DNA/Human_SLC38A9_orthologues_DNA_l_100_a_4.dot,RevDetG_DNA,193,254,4,194,23819,8312,515,8312,515,8312,0,0.0000,0.7580,32131,8827,8827,9021
/ccb/salz3/kh.chao/PR_Wheeler_Graph/PR_Wheeler_Graph/data/graph/SMT_vs_RHSMT/RevDetG_DNA/Human_SLC38A9_orthologues_DNA_l_100_a_5.dot,RevDetG_DNA,201,278,4,202,28484,10019,563,10019,563,10019,0,0.0000,0.7258,38503,10582,10582,10784
/ccb/salz3/kh.chao/PR_Wheeler_Graph/PR_Wheeler_Graph/data/graph/SMT_vs_RHSMT/RevDetG_DNA/Human_SLC38A9_orthologues_DNA_l_100_a_6.dot,RevDetG_DNA,214,310,4,215,35672,12223,627,12223,627,12223,0,0.0000,0.6905,47895,12850,12850,13065
/ccb/salz3/kh.chao/PR_Wheeler_Graph/PR_Wheeler_Graph/data/graph/SMT_vs_RHSMT/RevDetG_DNA/Human_SLC38A9_orthologues_DNA_l_300_a_4.dot,RevDetG_DNA,579,780,4,580,226431,77379,1567,77379,1567,77379,0,0.0000,0.7434,303810,78946,78946,79526
/ccb/salz3/kh.chao/PR_Wheeler_Graph/PR_Wheeler_Graph/data/graph/SMT_vs_RHSMT/RevDetG_DNA/Human_SLC38A9_orthologues_DNA_l_300_a_5.dot,RevDetG_DNA,606,854,4,607,271268,92963,1715,92963,1715,92963,0,0.0000,0.7108,364231,94678,94678,95285
/ccb/salz3/kh.chao/PR_Wheeler_Graph/PR_Wheeler_Graph/data/graph/SMT_vs_RHSMT/RevDetG_DNA/Human_SLC38A9_orthologues_DNA_l_300_a_6.dot,RevDetG_DNA,633,920,4,634,315277,107463,1847,107463,1847,107463,0,0.0000,0.6899,422740,109310,109310,109944
/ccb/salz3/kh.chao/PR_Wheeler_Graph/PR_Wheeler_Graph/data/graph/SMT_vs_RHSMT/RevDetG_DNA/Human_SLC38A9_orthologues_DNA_l_500_a_4.dot,RevDetG_DNA,923,1234,4,924,565748,195013,2475,195013,2475,195013,0,0.0000,0.7511,760761,197488,197488,198412
/ccb/salz3/kh.chao/PR_Wheeler_Graph/PR_Wheeler_Graph/data/graph/SMT_vs_RHSMT/RevDetG_DNA/Human_SLC38A9_orthologues_DNA_l_500_a_5.dot,RevDetG_DNA,963,1339,4,964,665741,230050,2685,230050,2685,230050,0,0.0000,0.7218,895791,232735,232735,233699
/ccb/salz3/kh.chao/PR_Wheeler_Graph/PR_Wheeler_Graph/data/graph/SMT_vs_RHSMT/RevDetG_DNA/Human_SLC38A9_orthologues_DNA_l_500_a_6.dot,RevDetG_DNA,1006,1442,4,1007,773156,265805,2891,265805,2891,265805,0,0.0000,0.7014,1038961,268696,268696,269703
/ccb/salz3/kh.chao/PR_Wheeler_Graph/PR_Wheeler_Graph/data/graph/SMT_vs_RHSMT/RevDetG_DNA/Human_SPA17_orthologues_DNA_l_100_a_4.dot,RevDetG_DNA,109,110,4,110,4461,1534,227,1534,227,1534,0,0.0000,0.9834,5995,1761,1761,1871
/ccb/salz3/kh.chao/PR_Wheeler_Graph/PR_Wheeler_Graph/data/graph/SMT_vs_RHSMT/RevDetG_DNA/Human_SPA17_orthologues_DNA_l_100_a_5.dot,RevDetG_DNA,100,99,4,101,3352,1499,205,1499,205,1499,0,0.0000,1.0000,4851,1704,1704,1805
/ccb/salz3/kh.chao/PR_Wheeler_Graph/PR_Wheeler_Graph/data/graph/SMT_vs_RHSMT/RevDetG_DNA/Human_SPA17_orthologues_DNA_l_100_a_6.dot,RevDetG_DNA,100,99,4,101,3352,1499,205,1499,205,1499,0,0.0000,1.0000,4851,1704,1704,1805
/ccb/salz3/kh.chao/PR_Wheeler_Graph/PR_Wheeler_Graph/data/graph/SMT_vs_RHSMT/RevDetG_DNA/Human_SPA17_orthologues_DNA_l_300_a_4.dot,RevDetG_DNA,446,501,4,447,91008,34242,1009,34242,1009,34242,0,0.0000,0.8974,125250,35251,35251,35698
/ccb/salz3/kh.chao/PR_Wheeler_Graph/PR_Wheeler_Graph/data/graph/SMT_vs_RHSMT/RevDetG_DNA/Human_SPA17_orthologues_DNA_l_300_a_5.dot,RevDetG_DNA,356,390,4,357,54969,20886,787,20886,787,20886,0,0.0000,0.9168,75855,21673,21673,22030
/ccb/salz3/kh.chao/PR_Wheeler_Graph/PR_Wheeler_Graph/data/graph/SMT_vs_RHSMT/RevDetG_DNA/Human_SPA17_orthologues_DNA_l_300_a_6.dot,RevDetG_DNA,359,398,4,360,57201,21802,803,21802,803,21802,0,0.0000,0.9083,79003,22605,22605,22965
/ccb/salz3/kh.chao/PR_Wheeler_Graph/PR_Wheeler_Graph/data/graph/SMT_vs_RHSMT/RevDetG_DNA/Human_SPA17_orthologues_DNA_l_500_a_4.dot,RevDetG_DNA,711,809,4,712,238645,88191,1625,88191,1625,88191,0,0.0000,0.8863,326836,89816,89816,90528
/ccb/salz3/kh.chao/PR_Wheeler_Graph/PR_Wheeler_Graph/data/graph/SMT_vs_RHSMT/RevDetG_DNA/Human_SPA17_orthologues_DNA_l_500_a_5.dot,RevDetG_DNA,741,858,4,742,268267,99386,1723,99386,1723,99386,0,0.0000,0.8725,367653,101109,101109,101851
/ccb/salz3/kh.chao/PR_Wheeler_Graph/PR_Wheeler_Graph/data/graph/SMT_vs_RHSMT/RevDetG_DNA/Human_SPA17_orthologues_DNA_l_500_a_6.dot,RevDetG_DNA,744,870,4,745,275780,102235,1747,102235,1747,102235,0,0.0000,0.8643,378015,103982,103982,104727
/ccb/salz3/kh.chao/PR_Wheeler_Graph/PR_Wheeler_Graph/data/graph/SMT_vs_RHSMT/RevDetG_DNA/Human_STAU2_orthologues_DNA_l_100_a_4.dot,RevDetG_DNA,107,109,4,108,4268,1618,225,1618,225,1618,0,0.0000,0.9686,5886,1843,1843,1951
/ccb/salz3/kh.chao/PR_Wheeler_Graph/PR_Wheeler_Graph/data/graph/SMT_vs_RHSMT/RevDetG_DNA/Human_STAU2_orthologues_DNA_l_100_a_5.dot,RevDetG_DNA,107,109,4,108,4268,1618,225,1618,225,1618,0,0.0000,0.9686,5886,1843,1843,1951
/ccb/salz3/kh.chao/PR_Wheeler_Graph/PR_Wheeler_Graph/data/graph/SMT_vs_RHSMT/RevDetG_DNA/Human_STAU2_orthologues_DNA_l_100_a_6.dot,RevDetG_DNA,100,99,4,101,3455,1396,205,1396,205,1396,0,0.0000,1.0000,4851,1601,1601,1702
/ccb/salz3/kh.chao/PR_Wheeler_Graph/PR_Wheeler_Graph/data/graph/SMT_vs_RHSMT/RevDetG_DNA/Human_STAU2_orthologues_DNA_l_300_a_4.dot,RevDetG_DNA,323,333,4,324,41045,14233,673,14233,673,14233,0,0.0000,0.9670,55278,14906,14906,15230
/ccb/salz3/kh.chao/PR_Wheeler_Graph/PR_Wheeler_Graph/data/graph/SMT_vs_RHSMT/RevDetG_DNA/Human_STAU2_orthologues_DNA_l_300_a_5.dot,RevDetG_DNA,371,408,4,372,61953,21075,823,21075,823,21075,0,0.0000,0.9071,83028,21898,21898,22270
/ccb/salz3/kh.chao/PR_Wheeler_Graph/PR_Wheeler_Graph/data/graph/SMT_vs_RHSMT/RevDetG_DNA/Human_STAU2_orthologues_DNA_l_300_a_6.dot,RevDetG_DNA,323,332,4,324,40239,14707,671,14707,671,14707,0,0.0000,0.9726,54946,15378,15378,15702
/ccb/salz3/kh.chao/PR_Wheeler_Graph/PR_Wheeler_Graph/data/graph/SMT_vs_RHSMT/RevDetG_DNA/Human_STAU2_orthologues_DNA_l_500_a_4.dot,RevDetG_DNA,651,732,4,652,198989,68557,1471,68557,1471,68557,0,0.0000,0.8903,267546,70028,70028,70680
/ccb/salz3/kh.chao/PR_Wheeler_Graph/PR_Wheeler_Graph/data/graph/SMT_vs_RHSMT/RevDetG_DNA/Human_STAU2_orthologues_DNA_l_500_a_5.dot,RevDetG_DNA,714,855,4,715,271859,93226,1717,93226,1717,93226,0,0.0000,0.8374,365085,94943,94943,95658
/ccb/salz3/kh.chao/PR_Wheeler_Graph/PR_Wheeler_Graph/data/graph/SMT_vs_RHSMT/RevDetG_DNA/Human_STAU2_orthologues_DNA_l_500_a_6.dot,RevDetG_DNA,543,575,4,544,121604,43421,1157,43421,1157,43421,0,0.0000,0.9427,165025,44578,44578,45122
/ccb/salz3/kh.chao/PR_Wheeler_Graph/PR_Wheeler_Graph/data/graph/SMT_vs_RHSMT/RevDetG_DNA/Human_TRAM1_orthologues_DNA_l_100_a_4.dot,RevDetG_DNA,155,196,4,156,13987,5123,399,5123,399,5123,0,0.0000,0.7939,19110,5522,5522,5678
/ccb/salz3/kh.chao/PR_Wheeler_Graph/PR_Wheeler_Graph/data/graph/SMT_vs_RHSMT/RevDetG_DNA/Human_TRAM1_orthologues_DNA_l_100_a_5.dot,RevDetG_DNA,157,200,4,158,14609,5291,407,5291,407,5291,0,0.0000,0.7886,19900,5698,5698,5856
/ccb/salz3/kh.chao/PR_Wheeler_Graph/PR_Wheeler_Graph/data/graph/SMT_vs_RHSMT/RevDetG_DNA/Human_TRAM1_orthologues_DNA_l_100_a_6.dot,RevDetG_DNA,157,200,4,158,14609,5291,407,5291,407,5291,0,0.0000,0.7886,19900,5698,5698,5856
/ccb/salz3/kh.chao/PR_Wheeler_Graph/PR_Wheeler_Graph/data/graph/SMT_vs_RHSMT/RevDetG_DNA/Human_TRAM1_orthologues_DNA_l_300_a_4.dot,RevDetG_DNA,489,630,4,490,148289,49846,1267,49846,1267,49846,0,0.0000,0.7760,198135,51113,51113,51603
/ccb/salz3/kh.chao/PR_Wheeler_Graph/PR_Wheeler_Graph/data/graph/SMT_vs_RHSMT/RevDetG_DNA/Human_TRAM1_orthologues_DNA_l_300_a_5.dot,RevDetG_DNA,497,650,4,498,157919,53006,1307,53006,1307,53006,0,0.0000,0.7644,210925,54313,54313,54811
/ccb/salz3/kh.chao/PR_Wheeler_Graph/PR_Wheeler_Graph/data/graph/SMT_vs_RHSMT/RevDetG_DNA/Human_TRAM1_orthologues_DNA_l_300_a_6.dot,RevDetG_DNA,500,659,4,501,162389,54422,1325,54422,1325,54422,0,0.0000,0.7584,216811,55747,55747,56248
/ccb/salz3/kh.chao/PR_Wheeler_Graph/PR_Wheeler_Graph/data/graph/SMT_vs_RHSMT/RevDetG_DNA/Human_TRAM1_orthologues_DNA_l_500_a_4.dot,RevDetG_DNA,859,1134,4,860,482103,160308,2275,160308,2275,160308,0,0.0000,0.7569,642411,162583,162583,163443
/ccb/salz3/kh.chao/PR_Wheeler_Graph/PR_Wheeler_Graph/data/graph/SMT_vs_RHSMT/RevDetG_DNA/Human_TRAM1_orthologues_DNA_l_500_a_5.dot,RevDetG_DNA,869,1162,4,870,506103,168438,2331,168438,2331,168438,0,0.0000,0.7474,674541,170769,170769,171639
/ccb/salz3/kh.chao/PR_Wheeler_Graph/PR_Wheeler_Graph/data/graph/SMT_vs_RHSMT/RevDetG_DNA/Human_TRAM1_orthologues_DNA_l_500_a_6.dot,RevDetG_DNA,874,1176,4,875,518289,172611,2359,172611,2359,172611,0,0.0000,0.7430,690900,174970,174970,175845
/ccb/salz3/kh.chao/PR_Wheeler_Graph/PR_Wheeler_Graph/data/graph/SMT_vs_RHSMT/RevDetG_DNA/Human_TRPC1_orthologues_DNA_l_100_a_4.dot,RevDetG_DNA,140,175,4,141,11448,3777,357,3777,357,3777,0,0.0000,0.7939,15225,4134,4134,4275
/ccb/salz3/kh.chao/PR_Wheeler_Graph/PR_Wheeler_Graph/data/graph/SMT_vs_RHSMT/RevDetG_DNA/Human_TRPC1_orthologues_DNA_l_100_a_5.dot,RevDetG_DNA,140,175,4,141,11448,3777,357,3777,357,3777,0,0.0000,0.7939,15225,4134,4134,4275
/ccb/salz3/kh.chao/PR_Wheeler_Graph/PR_Wheeler_Graph/data/graph/SMT_vs_RHSMT/RevDetG_DNA/Human_TRPC1_orthologues_DNA_l_100_a_6.dot,RevDetG_DNA,140,175,4,141,11448,3777,357,3777,357,3777,0,0.0000,0.7939,15225,4134,4134,4275
/ccb/salz3/kh.chao/PR_Wheeler_Graph/PR_Wheeler_Graph/data/graph/SMT_vs_RHSMT/RevDetG_DNA/Human_TRPC1_orthologues_DNA_l_300_a_4.dot,RevDetG_DNA,422,525,4,423,102767,34783,1057,34783,1057,34783,0,0.0000,0.8018,137550,35840,35840,36263
/ccb/salz3/kh.chao/PR_Wheeler_Graph/PR_Wheeler_Graph/data/graph/SMT_vs_RHSMT/RevDetG_DNA/Human_TRPC1_orthologues_DNA_l_300_a_5.dot,RevDetG_DNA,422,525,4,423,102767,34783,1057,34783,1057,34783,0,0.0000,0.8018,137550,35840,35840,36263
/ccb/salz3/kh.chao/PR_Wheeler_Graph/PR_Wheeler_Graph/data/graph/SMT_vs_RHSMT/RevDetG_DNA/Human_TRPC1_orthologues_DNA_l_300_a_6.dot,RevDetG_DNA,440,552,4,441,113422,38654,1111,38654,1111,38654,0,0.0000,0.7958,152076,39765,39765,40206
/ccb/salz3/kh.chao/PR_Wheeler_Graph/PR_Wheeler_Graph/data/graph/SMT_vs_RHSMT/RevDetG_DNA/Human_TRPC1_orthologues_DNA_l_500_a_4.dot,RevDetG_DNA,716,892,4,717,297311,100075,1791,100075,1791,100075,0,0.0000,0.8025,397386,101866,101866,102583
/ccb/salz3/kh.chao/PR_Wheeler_Graph/PR_Wheeler_Graph/data/graph/SMT_vs_RHSMT/RevDetG_DNA/Human_TRPC1_orthologues_DNA_l_500_a_5.dot,RevDetG_DNA,721,901,4,722,303262,102188,1809,102188,1809,102188,0,0.0000,0.8002,405450,103997,103997,104719
/ccb/salz3/kh.chao/PR_Wheeler_Graph/PR_Wheeler_Graph/data/graph/SMT_vs_RHSMT/RevDetG_DNA/Human_TRPC1_orthologues_DNA_l_500_a_6.dot,RevDetG_DNA,757,965,4,758,347651,117479,1937,117479,1937,117479,0,0.0000,0.7849,465130,119416,119416,120174
/ccb/salz3/kh.chao/PR_Wheeler_Graph/PR_Wheeler_Graph/data/graph/SMT_vs_RHSMT/RevDetG_DNA/Human_TUNAR_orthologues_DNA_l_100_a_4.dot,RevDetG_DNA,118,134,4,119,6703,2208,275,2208,275,2208,0,0.0000,0.8773,8911,2483,2483,2602
/ccb/salz3/kh.chao/PR_Wheeler_Graph/PR_Wheeler_Graph/data/graph/SMT_vs_RHSMT/RevDetG_DNA/Human_TUNAR_orthologues_DNA_l_100_a_5.dot,RevDetG_DNA,123,144,4,124,7731,2565,295,2565,295,2565,0,0.0000,0.8533,10296,2860,2860,2984
/ccb/salz3/kh.chao/PR_Wheeler_Graph/PR_Wheeler_Graph/data/graph/SMT_vs_RHSMT/RevDetG_DNA/Human_TUNAR_orthologues_DNA_l_100_a_6.dot,RevDetG_DNA,126,151,4,127,8514,2811,309,2811,309,2811,0,0.0000,0.8309,11325,3120,3120,3247
/ccb/salz3/kh.chao/PR_Wheeler_Graph/PR_Wheeler_Graph/data/graph/SMT_vs_RHSMT/RevDetG_DNA/Human_TUNAR_orthologues_DNA_l_300_a_4.dot,RevDetG_DNA,224,251,4,225,23384,7991,509,7991,509,7991,0,0.0000,0.8946,31375,8500,8500,8725
/ccb/salz3/kh.chao/PR_Wheeler_Graph/PR_Wheeler_Graph/data/graph/SMT_vs_RHSMT/RevDetG_DNA/Human_TUNAR_orthologues_DNA_l_300_a_5.dot,RevDetG_DNA,234,271,4,235,27262,9323,549,9323,549,9323,0,0.0000,0.8668,36585,9872,9872,10107
/ccb/salz3/kh.chao/PR_Wheeler_Graph/PR_Wheeler_Graph/data/graph/SMT_vs_RHSMT/RevDetG_DNA/Human_TUNAR_orthologues_DNA_l_300_a_6.dot,RevDetG_DNA,240,284,4,241,29975,10211,575,10211,575,10211,0,0.0000,0.8475,40186,10786,10786,11027
/ccb/salz3/kh.chao/PR_Wheeler_Graph/PR_Wheeler_Graph/data/graph/SMT_vs_RHSMT/RevDetG_DNA/Human_TUNAR_orthologues_DNA_l_500_a_4.dot,RevDetG_DNA,224,251,4,225,23384,7991,509,7991,509,7991,0,0.0000,0.8946,31375,8500,8500,8725
/ccb/salz3/kh.chao/PR_Wheeler_Graph/PR_Wheeler_Graph/data/graph/SMT_vs_RHSMT/RevDetG_DNA/Human_TUNAR_orthologues_DNA_l_500_a_5.dot,RevDetG_DNA,234,271,4,235,27262,9323,549,9323,549,9323,0,0.0000,0.8668,36585,9872,9872,10107
/ccb/salz3/kh.chao/PR_Wheeler_Graph/PR_Wheeler_Graph/data/graph/SMT_vs_RHSMT/RevDetG_DNA/Human_TUNAR_orthologues_DNA_l_500_a_6.dot,RevDetG_DNA,240,284,4,241,29975,10211,575,10211,575,10211,0,0.0000,0.8475,40186,10786,10786,11027
/ccb/salz3/kh.chao/PR_Wheeler_Graph/PR_Wheeler_Graph/data/graph/SMT_vs_RHSMT/RevDetG_DNA/Human_UBE2L5_orthologues_DNA_l_100_a_4.dot,RevDetG_DNA,124,146,4,125,7733,2852,299,2852,299,2852,0,0.0000,0.8518,10585,3151,3151,3276
/ccb/salz3/kh.chao/PR_Wheeler_Graph/PR_Wheeler_Graph/data/graph/SMT_vs_RHSMT/RevDetG_DNA/Human_UBE2L5_orthologues_DNA_l_100_a_5.dot,RevDetG_DNA,132,162,4,133,9535,3506,331,3506,331,3506,0,0.0000,0.8180,13041,3837,3837,3970
/ccb/salz3/kh.chao/PR_Wheeler_Graph/PR_Wheeler_Graph/data/graph/SMT_vs_RHSMT/RevDetG_DNA/Human_UBE2L5_orthologues_DNA_l_100_a_6.dot,RevDetG_DNA,134,166,4,135,10027,3668,339,3668,339,3668,0,0.0000,0.8105,13695,4007,4007,4142
/ccb/salz3/kh.chao/PR_Wheeler_Graph/PR_Wheeler_Graph/data/graph/SMT_vs_RHSMT/RevDetG_DNA/Human_UBE2L5_orthologues_DNA_l_300_a_4.dot,RevDetG_DNA,389,473,4,390,82889,28739,953,28739,953,28739,0,0.0000,0.8194,111628,29692,29692,30082
/ccb/salz3/kh.chao/PR_Wheeler_Graph/PR_Wheeler_Graph/data/graph/SMT_vs_RHSMT/RevDetG_DNA/Human_UBE2L5_orthologues_DNA_l_300_a_5.dot,RevDetG_DNA,411,518,4,412,99764,34139,1043,34139,1043,34139,0,0.0000,0.7888,133903,35182,35182,35594
/ccb/salz3/kh.chao/PR_Wheeler_Graph/PR_Wheeler_Graph/data/graph/SMT_vs_RHSMT/RevDetG_DNA/Human_UBE2L5_orthologues_DNA_l_300_a_6.dot,RevDetG_DNA,423,542,4,424,109219,37392,1091,37392,1091,37392,0,0.0000,0.7777,146611,38483,38483,38907
/ccb/salz3/kh.chao/PR_Wheeler_Graph/PR_Wheeler_Graph/data/graph/SMT_vs_RHSMT/RevDetG_DNA/Human_UBE2L5_orthologues_DNA_l_500_a_4.dot,RevDetG_DNA,663,803,4,664,240699,81304,1613,81304,1613,81304,0,0.0000,0.8250,322003,82917,82917,83581
/ccb/salz3/kh.chao/PR_Wheeler_Graph/PR_Wheeler_Graph/data/graph/SMT_vs_RHSMT/RevDetG_DNA/Human_UBE2L5_orthologues_DNA_l_500_a_5.dot,RevDetG_DNA,703,884,4,704,292221,98065,1775,98065,1775,98065,0,0.0000,0.7934,390286,99840,99840,100544
/ccb/salz3/kh.chao/PR_Wheeler_Graph/PR_Wheeler_Graph/data/graph/SMT_vs_RHSMT/RevDetG_DNA/Human_UBE2L5_orthologues_DNA_l_500_a_6.dot,RevDetG_DNA,715,908,4,716,308252,103526,1823,103526,1823,103526,0,0.0000,0.7862,411778,105349,105349,106065
/ccb/salz3/kh.chao/PR_Wheeler_Graph/PR_Wheeler_Graph/data/graph/SMT_vs_RHSMT/RevDetG_DNA/Human_ZRANB3_orthologues_DNA_l_100_a_4.dot,RevDetG_DNA,149,179,4,150,11863,4068,365,4068,365,4068,0,0.0000,0.8244,15931,4433,4433,4583
/ccb/salz3/kh.chao/PR_Wheeler_Graph/PR_Wheeler_Graph/data/graph/SMT_vs_RHSMT/RevDetG_DNA/Human_ZRANB3_orthologues_DNA_l_100_a_5.dot,RevDetG_DNA,159,204,4,160,15415,5291,415,5291,415,5291,0,0.0000,0.7753,20706,5706,5706,5866
/ccb/salz3/kh.chao/PR_Wheeler_Graph/PR_Wheeler_Graph/data/graph/SMT_vs_RHSMT/RevDetG_DNA/Human_ZRANB3_orthologues_DNA_l_100_a_6.dot,RevDetG_DNA,169,224,4,170,18590,6386,455,6386,455,6386,0,0.0000,0.7497,24976,6841,6841,7011
/ccb/salz3/kh.chao/PR_Wheeler_Graph/PR_Wheeler_Graph/data/graph/SMT_vs_RHSMT/RevDetG_DNA/Human_ZRANB3_orthologues_DNA_l_300_a_4.dot,RevDetG_DNA,469,588,4,470,128883,43695,1183,43695,1183,43695,0,0.0000,0.7937,172578,44878,44878,45348
/ccb/salz3/kh.chao/PR_Wheeler_Graph/PR_Wheeler_Graph/data/graph/SMT_vs_RHSMT/RevDetG_DNA/Human_ZRANB3_orthologues_DNA_l_300_a_5.dot,RevDetG_DNA,496,658,4,497,161545,54608,1323,54608,1323,54608,0,0.0000,0.7512,216153,55931,55931,56428
/ccb/salz3/kh.chao/PR_Wheeler_Graph/PR_Wheeler_Graph/data/graph/SMT_vs_RHSMT/RevDetG_DNA/Human_ZRANB3_orthologues_DNA_l_300_a_6.dot,RevDetG_DNA,514,701,4,515,183434,61916,1409,61916,1409,61916,0,0.0000,0.7308,245350,63325,63325,63840
/ccb/salz3/kh.chao/PR_Wheeler_Graph/PR_Wheeler_Graph/data/graph/SMT_vs_RHSMT/RevDetG_DNA/Human_ZRANB3_orthologues_DNA_l_500_a_4.dot,RevDetG_DNA,819,1058,4,820,418089,141064,2123,141064,2123,141064,0,0.0000,0.7712,559153,143187,143187,144007
/ccb/salz3/kh.chao/PR_Wheeler_Graph/PR_Wheeler_Graph/data/graph/SMT_vs_RHSMT/RevDetG_DNA/Human_ZRANB3_orthologues_DNA_l_500_a_5.dot,RevDetG_DNA,861,1170,4,862,510543,173322,2347,173322,2347,173322,0,0.0000,0.7348,683865,175669,175669,176531
/ccb/salz3/kh.chao/PR_Wheeler_Graph/PR_Wheeler_Graph/data/graph/SMT_vs_RHSMT/RevDetG_DNA/Human_ZRANB3_orthologues_DNA_l_500_a_6.dot,RevDetG_DNA,885,1232,4,886,567123,191173,2471,191173,2471,191173,0,0.0000,0.7160,758296,193644,193644,194530
/ccb/salz3/kh.chao/PR_Wheeler_Graph/PR_Wheeler_Graph/data/graph/SMT_vs_RHSMT/RevDetG_AA/Human_ANGPTL4_orthologues_AA_l_100_a_4.dot,RevDetG_AA,188,236,20,189,26141,1589,511,1589,511,1589,0,0.0000,0.7904,27730,2100,2100,2289
/ccb/salz3/kh.chao/PR_Wheeler_Graph/PR_Wheeler_Graph/data/graph/SMT_vs_RHSMT/RevDetG_AA/Human_ANGPTL4_orthologues_AA_l_100_a_5.dot,RevDetG_AA,206,269,20,207,34006,2040,577,2040,577,2042,1,0.0186,0.7562,36046,2617,2619,2826
/ccb/salz3/kh.chao/PR_Wheeler_Graph/PR_Wheeler_Graph/data/graph/SMT_vs_RHSMT/RevDetG_AA/Human_ANGPTL4_orthologues_AA_l_100_a_6.dot,RevDetG_AA,231,307,20,232,44214,2757,653,2757,653,2759,1,0.0163,0.7473,46971,3410,3412,3644
/ccb/salz3/kh.chao/PR_Wheeler_Graph/PR_Wheeler_Graph/data/graph/SMT_vs_RHSMT/RevDetG_AA/Human_ANGPTL4_orthologues_AA_l_300_a_4.dot,RevDetG_AA,594,745,20,595,260171,16969,1529,16969,1529,16969,0,0.0000,0.8011,277140,18498,18498,19093
/ccb/salz3/kh.chao/PR_Wheeler_Graph/PR_Wheeler_Graph/data/graph/SMT_vs_RHSMT/RevDetG_AA/Human_ANGPTL4_orthologues_AA_l_300_a_5.dot,RevDetG_AA,658,868,20,659,353228,23050,1775,23050,1775,23050,0,0.0000,0.7599,376278,24825,24825,25484
/ccb/salz3/kh.chao/PR_Wheeler_Graph/PR_Wheeler_Graph/data/graph/SMT_vs_RHSMT/RevDetG_AA/Human_ANGPTL4_orthologues_AA_l_300_a_6.dot,RevDetG_AA,734,996,20,735,464918,30592,2031,30592,2031,30592,0,0.0000,0.7355,495510,32623,32623,33358
/ccb/salz3/kh.chao/PR_Wheeler_Graph/PR_Wheeler_Graph/data/graph/SMT_vs_RHSMT/RevDetG_AA/Human_ANGPTL4_orthologues_AA_l_500_a_4.dot,RevDetG_AA,954,1182,20,955,653835,44136,2403,44136,2403,44136,0,0.0000,0.8131,697971,46539,46539,47494
/ccb/salz3/kh.chao/PR_Wheeler_Graph/PR_Wheeler_Graph/data/graph/SMT_vs_RHSMT/RevDetG_AA/Human_ANGPTL4_orthologues_AA_l_500_a_5.dot,RevDetG_AA,1053,1371,20,1054,879015,60120,2781,60120,2781,60120,0,0.0000,0.7763,939135,62901,62901,63955
/ccb/salz3/kh.chao/PR_Wheeler_Graph/PR_Wheeler_Graph/data/graph/SMT_vs_RHSMT/RevDetG_AA/Human_ANGPTL4_orthologues_AA_l_500_a_6.dot,RevDetG_AA,1177,1578,20,1178,1163907,80346,3195,80346,3195,80346,0,0.0000,0.7518,1244253,83541,83541,84719
/ccb/salz3/kh.chao/PR_Wheeler_Graph/PR_Wheeler_Graph/data/graph/SMT_vs_RHSMT/RevDetG_AA/Human_BTBD17_orthologues_AA_l_100_a_4.dot,RevDetG_AA,158,198,17,159,18254,1249,429,1249,429,1249,0,0.0000,0.7982,19503,1678,1678,1837
/ccb/salz3/kh.chao/PR_Wheeler_Graph/PR_Wheeler_Graph/data/graph/SMT_vs_RHSMT/RevDetG_AA/Human_BTBD17_orthologues_AA_l_100_a_5.dot,RevDetG_AA,173,229,18,174,24473,1633,493,1633,493,1633,0,0.0000,0.7550,26106,2126,2126,2300
/ccb/salz3/kh.chao/PR_Wheeler_Graph/PR_Wheeler_Graph/data/graph/SMT_vs_RHSMT/RevDetG_AA/Human_BTBD17_orthologues_AA_l_100_a_6.dot,RevDetG_AA,176,237,18,177,26224,1742,509,1742,509,1742,0,0.0000,0.7463,27966,2251,2251,2428
/ccb/salz3/kh.chao/PR_Wheeler_Graph/PR_Wheeler_Graph/data/graph/SMT_vs_RHSMT/RevDetG_AA/Human_BTBD17_orthologues_AA_l_300_a_4.dot,RevDetG_AA,513,638,20,514,190288,12915,1315,12915,1315,12915,0,0.0000,0.8038,203203,14230,14230,14744
/ccb/salz3/kh.chao/PR_Wheeler_Graph/PR_Wheeler_Graph/data/graph/SMT_vs_RHSMT/RevDetG_AA/Human_BTBD17_orthologues_AA_l_300_a_5.dot,RevDetG_AA,564,741,20,565,256908,17262,1521,17262,1521,17262,0,0.0000,0.7654,274170,18783,18783,19348
/ccb/salz3/kh.chao/PR_Wheeler_Graph/PR_Wheeler_Graph/data/graph/SMT_vs_RHSMT/RevDetG_AA/Human_BTBD17_orthologues_AA_l_300_a_6.dot,RevDetG_AA,577,772,20,578,278928,18678,1583,18678,1583,18645,1,0.0194,0.7521,297606,20261,20228,20806
/ccb/salz3/kh.chao/PR_Wheeler_Graph/PR_Wheeler_Graph/data/graph/SMT_vs_RHSMT/RevDetG_AA/Human_BTBD17_orthologues_AA_l_500_a_4.dot,RevDetG_AA,887,1116,20,888,582566,39604,2271,39604,2271,39604,0,0.0000,0.7959,622170,41875,41875,42763
/ccb/salz3/kh.chao/PR_Wheeler_Graph/PR_Wheeler_Graph/data/graph/SMT_vs_RHSMT/RevDetG_AA/Human_BTBD17_orthologues_AA_l_500_a_5.dot,RevDetG_AA,966,1278,20,967,764288,51715,2595,51715,2595,51715,0,0.0000,0.7570,816003,54310,54310,55277
/ccb/salz3/kh.chao/PR_Wheeler_Graph/PR_Wheeler_Graph/data/graph/SMT_vs_RHSMT/RevDetG_AA/Human_BTBD17_orthologues_AA_l_500_a_6.dot,RevDetG_AA,998,1345,20,999,846157,57683,2729,57683,2729,57683,0,0.0000,0.7446,903840,60412,60412,61411
/ccb/salz3/kh.chao/PR_Wheeler_Graph/PR_Wheeler_Graph/data/graph/SMT_vs_RHSMT/RevDetG_AA/Human_C17orf67_orthologues_AA_l_100_a_4.dot,RevDetG_AA,174,208,21,175,20032,1496,457,1496,457,1496,0,0.0000,0.8648,21528,1953,1953,2128
/ccb/salz3/kh.chao/PR_Wheeler_Graph/PR_Wheeler_Graph/data/graph/SMT_vs_RHSMT/RevDetG_AA/Human_C17orf67_orthologues_AA_l_100_a_5.dot,RevDetG_AA,205,260,21,206,31510,2160,561,2160,561,2160,0,0.0000,0.7999,33670,2721,2721,2927
/ccb/salz3/kh.chao/PR_Wheeler_Graph/PR_Wheeler_Graph/data/graph/SMT_vs_RHSMT/RevDetG_AA/Human_C17orf67_orthologues_AA_l_100_a_6.dot,RevDetG_AA,211,275,21,212,35224,2451,591,2451,591,2451,0,0.0000,0.7874,37675,3042,3042,3254
/ccb/salz3/kh.chao/PR_Wheeler_Graph/PR_Wheeler_Graph/data/graph/SMT_vs_RHSMT/RevDetG_AA/Human_C17orf67_orthologues_AA_l_300_a_4.dot,RevDetG_AA,214,254,21,215,30116,2015,549,2015,549,2015,0,0.0000,0.8796,32131,2564,2564,2779
/ccb/salz3/kh.chao/PR_Wheeler_Graph/PR_Wheeler_Graph/data/graph/SMT_vs_RHSMT/RevDetG_AA/Human_C17orf67_orthologues_AA_l_300_a_5.dot,RevDetG_AA,246,308,21,247,44429,2849,657,2849,657,2849,0,0.0000,0.8239,47278,3506,3506,3753
/ccb/salz3/kh.chao/PR_Wheeler_Graph/PR_Wheeler_Graph/data/graph/SMT_vs_RHSMT/RevDetG_AA/Human_C17orf67_orthologues_AA_l_300_a_6.dot,RevDetG_AA,265,342,21,266,54789,3522,725,3522,725,3522,0,0.0000,0.8041,58311,4247,4247,4513
/ccb/salz3/kh.chao/PR_Wheeler_Graph/PR_Wheeler_Graph/data/graph/SMT_vs_RHSMT/RevDetG_AA/Human_C17orf67_orthologues_AA_l_500_a_4.dot,RevDetG_AA,214,254,21,215,30116,2015,549,2015,549,2015,0,0.0000,0.8796,32131,2564,2564,2779
/ccb/salz3/kh.chao/PR_Wheeler_Graph/PR_Wheeler_Graph/data/graph/SMT_vs_RHSMT/RevDetG_AA/Human_C17orf67_orthologues_AA_l_500_a_5.dot,RevDetG_AA,246,308,21,247,44429,2849,657,2849,657,2849,0,0.0000,0.8239,47278,3506,3506,3753
/ccb/salz3/kh.chao/PR_Wheeler_Graph/PR_Wheeler_Graph/data/graph/SMT_vs_RHSMT/RevDetG_AA/Human_C17orf67_orthologues_AA_l_500_a_6.dot,RevDetG_AA,265,342,21,266,54789,3522,725,3522,725,3522,0,0.0000,0.8041,58311,4247,4247,4513
/ccb/salz3/kh.chao/PR_Wheeler_Graph/PR_Wheeler_Graph/data/graph/SMT_vs_RHSMT/RevDetG_AA/Human_CEP57L1_orthologues_AA_l_100_a_4.dot,RevDetG_AA,184,212,20,185,20819,1547,463,1547,463,1547,0,0.0000,0.8764,22366,2010,2010,2195
/ccb/salz3/kh.chao/PR_Wheeler_Graph/PR_Wheeler_Graph/data/graph/SMT_vs_RHSMT/RevDetG_AA/Human_CEP57L1_orthologues_AA_l_100_a_5.dot,RevDetG_AA,199,242,20,200,27010,2151,523,2151,523,2151,0,0.0000,0.8415,29161,2674,2674,2874
/ccb/salz3/kh.chao/PR_Wheeler_Graph/PR_Wheeler_Graph/data/graph/SMT_vs_RHSMT/RevDetG_AA/Human_CEP57L1_orthologues_AA_l_100_a_6.dot,RevDetG_AA,229,283,20,230,37011,2892,605,2892,605,2892,0,0.0000,0.8320,39903,3497,3497,3727
/ccb/salz3/kh.chao/PR_Wheeler_Graph/PR_Wheeler_Graph/data/graph/SMT_vs_RHSMT/RevDetG_AA/Human_CEP57L1_orthologues_AA_l_300_a_4.dot,RevDetG_AA,579,690,20,580,221734,15971,1419,15971,1419,15971,0,0.0000,0.8491,237705,17390,17390,17970
/ccb/salz3/kh.chao/PR_Wheeler_Graph/PR_Wheeler_Graph/data/graph/SMT_vs_RHSMT/RevDetG_AA/Human_CEP57L1_orthologues_AA_l_300_a_5.dot,RevDetG_AA,616,764,20,617,271476,19990,1567,19990,1567,19990,0,0.0000,0.8145,291466,21557,21557,22174
/ccb/salz3/kh.chao/PR_Wheeler_Graph/PR_Wheeler_Graph/data/graph/SMT_vs_RHSMT/RevDetG_AA/Human_CEP57L1_orthologues_AA_l_300_a_6.dot,RevDetG_AA,696,887,20,697,366281,26660,1813,26660,1813,26660,0,0.0000,0.7967,392941,28473,28473,29170
/ccb/salz3/kh.chao/PR_Wheeler_Graph/PR_Wheeler_Graph/data/graph/SMT_vs_RHSMT/RevDetG_AA/Human_CEP57L1_orthologues_AA_l_500_a_4.dot,RevDetG_AA,1048,1280,20,1049,761402,57158,2599,57158,2599,57158,0,0.0000,0.8403,818560,59757,59757,60806
/ccb/salz3/kh.chao/PR_Wheeler_Graph/PR_Wheeler_Graph/data/graph/SMT_vs_RHSMT/RevDetG_AA/Human_CEP57L1_orthologues_AA_l_500_a_5.dot,RevDetG_AA,1091,1371,20,1092,873555,65580,2781,65580,2781,65580,0,0.0000,0.8154,939135,68361,68361,69453
/ccb/salz3/kh.chao/PR_Wheeler_Graph/PR_Wheeler_Graph/data/graph/SMT_vs_RHSMT/RevDetG_AA/Human_CEP57L1_orthologues_AA_l_500_a_6.dot,RevDetG_AA,1225,1597,20,1226,1186073,88333,3233,88333,3233,88333,0,0.0000,0.7938,1274406,91566,91566,92792
/ccb/salz3/kh.chao/PR_Wheeler_Graph/PR_Wheeler_Graph/data/graph/SMT_vs_RHSMT/RevDetG_AA/Human_CLPX_orthologues_AA_l_100_a_4.dot,RevDetG_AA,163,203,20,164,19033,1470,445,1470,445,1470,0,0.0000,0.8186,20503,1915,1915,2079
/ccb/salz3/kh.chao/PR_Wheeler_Graph/PR_Wheeler_Graph/data/graph/SMT_vs_RHSMT/RevDetG_AA/Human_CLPX_orthologues_AA_l_100_a_5.dot,RevDetG_AA,175,229,20,176,24233,1873,497,1873,497,1873,0,0.0000,0.7976,26106,2370,2370,2546
/ccb/salz3/kh.chao/PR_Wheeler_Graph/PR_Wheeler_Graph/data/graph/SMT_vs_RHSMT/RevDetG_AA/Human_CLPX_orthologues_AA_l_100_a_6.dot,RevDetG_AA,184,244,20,185,27531,2115,527,2115,527,2115,0,0.0000,0.7914,29646,2642,2642,2827
/ccb/salz3/kh.chao/PR_Wheeler_Graph/PR_Wheeler_Graph/data/graph/SMT_vs_RHSMT/RevDetG_AA/Human_CLPX_orthologues_AA_l_300_a_4.dot,RevDetG_AA,473,564,20,474,148358,10408,1167,10408,1167,10408,0,0.0000,0.8503,158766,11575,11575,12049
/ccb/salz3/kh.chao/PR_Wheeler_Graph/PR_Wheeler_Graph/data/graph/SMT_vs_RHSMT/RevDetG_AA/Human_CLPX_orthologues_AA_l_300_a_5.dot,RevDetG_AA,491,606,20,492,171493,11822,1251,11822,1251,11822,0,0.0000,0.8136,183315,13073,13073,13565
/ccb/salz3/kh.chao/PR_Wheeler_Graph/PR_Wheeler_Graph/data/graph/SMT_vs_RHSMT/RevDetG_AA/Human_CLPX_orthologues_AA_l_300_a_6.dot,RevDetG_AA,504,630,20,505,185349,12786,1299,12786,1299,12786,0,0.0000,0.8054,198135,14085,14085,14590
/ccb/salz3/kh.chao/PR_Wheeler_Graph/PR_Wheeler_Graph/data/graph/SMT_vs_RHSMT/RevDetG_AA/Human_CLPX_orthologues_AA_l_500_a_4.dot,RevDetG_AA,791,945,20,792,417534,28506,1929,28506,1929,28506,0,0.0000,0.8449,446040,30435,30435,31227
/ccb/salz3/kh.chao/PR_Wheeler_Graph/PR_Wheeler_Graph/data/graph/SMT_vs_RHSMT/RevDetG_AA/Human_CLPX_orthologues_AA_l_500_a_5.dot,RevDetG_AA,826,1019,20,827,486100,32571,2077,32571,2077,32571,0,0.0000,0.8090,518671,34648,34648,35475
/ccb/salz3/kh.chao/PR_Wheeler_Graph/PR_Wheeler_Graph/data/graph/SMT_vs_RHSMT/RevDetG_AA/Human_CLPX_orthologues_AA_l_500_a_6.dot,RevDetG_AA,851,1064,20,852,529893,35623,2167,35623,2167,35623,0,0.0000,0.8007,565516,37790,37790,38642
/ccb/salz3/kh.chao/PR_Wheeler_Graph/PR_Wheeler_Graph/data/graph/SMT_vs_RHSMT/RevDetG_AA/Human_DCSTAMP_orthologues_AA_l_100_a_4.dot,RevDetG_AA,179,222,20,180,22721,1810,483,1810,483,1810,0,0.0000,0.8406,24531,2293,2293,2473
/ccb/salz3/kh.chao/PR_Wheeler_Graph/PR_Wheeler_Graph/data/graph/SMT_vs_RHSMT/RevDetG_AA/Human_DCSTAMP_orthologues_AA_l_100_a_5.dot,RevDetG_AA,193,247,20,194,28225,2156,533,2156,533,2156,0,0.0000,0.8207,30381,2689,2689,2883
/ccb/salz3/kh.chao/PR_Wheeler_Graph/PR_Wheeler_Graph/data/graph/SMT_vs_RHSMT/RevDetG_AA/Human_DCSTAMP_orthologues_AA_l_100_a_6.dot,RevDetG_AA,211,271,20,212,34108,2477,581,2477,581,2477,0,0.0000,0.8112,36585,3058,3058,3270
/ccb/salz3/kh.chao/PR_Wheeler_Graph/PR_Wheeler_Graph/data/graph/SMT_vs_RHSMT/RevDetG_AA/Human_DCSTAMP_orthologues_AA_l_300_a_4.dot,RevDetG_AA,635,821,20,636,313934,22676,1681,22676,1681,22676,0,0.0000,0.7861,336610,24357,24357,24993
/ccb/salz3/kh.chao/PR_Wheeler_Graph/PR_Wheeler_Graph/data/graph/SMT_vs_RHSMT/RevDetG_AA/Human_DCSTAMP_orthologues_AA_l_300_a_5.dot,RevDetG_AA,662,883,20,663,363608,25795,1805,25795,1805,25795,0,0.0000,0.7634,389403,27600,27600,28263
/ccb/salz3/kh.chao/PR_Wheeler_Graph/PR_Wheeler_Graph/data/graph/SMT_vs_RHSMT/RevDetG_AA/Human_DCSTAMP_orthologues_AA_l_300_a_6.dot,RevDetG_AA,723,1001,20,724,468174,32326,2041,32326,2041,32326,0,0.0000,0.7382,500500,34367,34367,35091
/ccb/salz3/kh.chao/PR_Wheeler_Graph/PR_Wheeler_Graph/data/graph/SMT_vs_RHSMT/RevDetG_AA/Human_DCSTAMP_orthologues_AA_l_500_a_4.dot,RevDetG_AA,1034,1336,20,1035,830665,61115,2711,61115,2711,61115,0,0.0000,0.7790,891780,63826,63826,64861
/ccb/salz3/kh.chao/PR_Wheeler_Graph/PR_Wheeler_Graph/data/graph/SMT_vs_RHSMT/RevDetG_AA/Human_DCSTAMP_orthologues_AA_l_500_a_5.dot,RevDetG_AA,1087,1453,20,1088,983554,71324,2945,71324,2945,71324,0,0.0000,0.7523,1054878,74269,74269,75357
/ccb/salz3/kh.chao/PR_Wheeler_Graph/PR_Wheeler_Graph/data/graph/SMT_vs_RHSMT/RevDetG_AA/Human_DCSTAMP_orthologues_AA_l_500_a_6.dot,RevDetG_AA,1243,1721,20,1244,1381950,98110,3481,98110,3481,98110,0,0.0000,0.7251,1480060,101591,101591,102835
/ccb/salz3/kh.chao/PR_Wheeler_Graph/PR_Wheeler_Graph/data/graph/SMT_vs_RHSMT/RevDetG_AA/Human_DOCK4_orthologues_AA_l_100_a_4.dot,RevDetG_AA,100,99,17,101,4330,521,231,521,231,521,0,0.0000,1.0000,4851,752,752,853
/ccb/salz3/kh.chao/PR_Wheeler_Graph/PR_Wheeler_Graph/data/graph/SMT_vs_RHSMT/RevDetG_AA/Human_DOCK4_orthologues_AA_l_100_a_5.dot,RevDetG_AA,100,99,17,101,4330,521,231,521,231,521,0,0.0000,1.0000,4851,752,752,853
/ccb/salz3/kh.chao/PR_Wheeler_Graph/PR_Wheeler_Graph/data/graph/SMT_vs_RHSMT/RevDetG_AA/Human_DOCK4_orthologues_AA_l_100_a_6.dot,RevDetG_AA,120,131,17,121,7724,791,295,791,295,791,0,0.0000,0.9374,8515,1086,1086,1207
/ccb/salz3/kh.chao/PR_Wheeler_Graph/PR_Wheeler_Graph/data/graph/SMT_vs_RHSMT/RevDetG_AA/Human_DOCK4_orthologues_AA_l_300_a_4.dot,RevDetG_AA,366,407,20,367,74871,7750,853,7750,853,7750,0,0.0000,0.8997,82621,8603,8603,8970
/ccb/salz3/kh.chao/PR_Wheeler_Graph/PR_Wheeler_Graph/data/graph/SMT_vs_RHSMT/RevDetG_AA/Human_DOCK4_orthologues_AA_l_300_a_5.dot,RevDetG_AA,366,407,20,367,74871,7750,853,7750,853,7750,0,0.0000,0.8997,82621,8603,8603,8970
/ccb/salz3/kh.chao/PR_Wheeler_Graph/PR_Wheeler_Graph/data/graph/SMT_vs_RHSMT/RevDetG_AA/Human_DOCK4_orthologues_AA_l_300_a_6.dot,RevDetG_AA,414,491,20,415,109558,10737,1021,10737,1021,10737,0,0.0000,0.8450,120295,11758,11758,12173
/ccb/salz3/kh.chao/PR_Wheeler_Graph/PR_Wheeler_Graph/data/graph/SMT_vs_RHSMT/RevDetG_AA/Human_DOCK4_orthologues_AA_l_500_a_4.dot,RevDetG_AA,662,745,20,663,256938,20202,1529,20202,1529,20202,0,0.0000,0.8876,277140,21731,21731,22394
/ccb/salz3/kh.chao/PR_Wheeler_Graph/PR_Wheeler_Graph/data/graph/SMT_vs_RHSMT/RevDetG_AA/Human_DOCK4_orthologues_AA_l_500_a_5.dot,RevDetG_AA,662,745,20,663,256938,20202,1529,20202,1529,20202,0,0.0000,0.8876,277140,21731,21731,22394
/ccb/salz3/kh.chao/PR_Wheeler_Graph/PR_Wheeler_Graph/data/graph/SMT_vs_RHSMT/RevDetG_AA/Human_DOCK4_orthologues_AA_l_500_a_6.dot,RevDetG_AA,727,863,20,728,344846,27107,1765,27107,1765,27107,0,0.0000,0.8418,371953,28872,28872,29600
/ccb/salz3/kh.chao/PR_Wheeler_Graph/PR_Wheeler_Graph/data/graph/SMT_vs_RHSMT/RevDetG_AA/Human_ELSPBP1_orthologues_AA_l_100_a_4.dot,RevDetG_AA,126,145,20,127,9838,602,329,602,329,602,0,0.0000,0.8824,10440,931,931,1058
/ccb/salz3/kh.chao/PR_Wheeler_Graph/PR_Wheeler_Graph/data/graph/SMT_vs_RHSMT/RevDetG_AA/Human_ELSPBP1_orthologues_AA_l_100_a_5.dot,RevDetG_AA,137,168,20,138,13222,806,375,806,375,806,0,0.0000,0.8351,14028,1181,1181,1319
/ccb/salz3/kh.chao/PR_Wheeler_Graph/PR_Wheeler_Graph/data/graph/SMT_vs_RHSMT/RevDetG_AA/Human_ELSPBP1_orthologues_AA_l_100_a_6.dot,RevDetG_AA,158,206,20,159,19917,1198,451,1198,451,1198,0,0.0000,0.7886,21115,1649,1649,1808
/ccb/salz3/kh.chao/PR_Wheeler_Graph/PR_Wheeler_Graph/data/graph/SMT_vs_RHSMT/RevDetG_AA/Human_ELSPBP1_orthologues_AA_l_300_a_4.dot,RevDetG_AA,379,451,20,380,95755,5720,941,5720,941,5720,0,0.0000,0.8552,101475,6661,6661,7041
/ccb/salz3/kh.chao/PR_Wheeler_Graph/PR_Wheeler_Graph/data/graph/SMT_vs_RHSMT/RevDetG_AA/Human_ELSPBP1_orthologues_AA_l_300_a_5.dot,RevDetG_AA,418,526,20,419,130428,7647,1091,7647,1091,7647,0,0.0000,0.8097,138075,8738,8738,9157
/ccb/salz3/kh.chao/PR_Wheeler_Graph/PR_Wheeler_Graph/data/graph/SMT_vs_RHSMT/RevDetG_AA/Human_ELSPBP1_orthologues_AA_l_300_a_6.dot,RevDetG_AA,459,601,20,460,170183,10117,1241,10117,1241,10117,0,0.0000,0.7809,180300,11358,11358,11818
/ccb/salz3/kh.chao/PR_Wheeler_Graph/PR_Wheeler_Graph/data/graph/SMT_vs_RHSMT/RevDetG_AA/Human_ELSPBP1_orthologues_AA_l_500_a_4.dot,RevDetG_AA,379,451,20,380,95755,5720,941,5720,941,5720,0,0.0000,0.8552,101475,6661,6661,7041
/ccb/salz3/kh.chao/PR_Wheeler_Graph/PR_Wheeler_Graph/data/graph/SMT_vs_RHSMT/RevDetG_AA/Human_ELSPBP1_orthologues_AA_l_500_a_5.dot,RevDetG_AA,418,526,20,419,130428,7647,1091,7647,1091,7647,0,0.0000,0.8097,138075,8738,8738,9157
/ccb/salz3/kh.chao/PR_Wheeler_Graph/PR_Wheeler_Graph/data/graph/SMT_vs_RHSMT/RevDetG_AA/Human_ELSPBP1_orthologues_AA_l_500_a_6.dot,RevDetG_AA,459,601,20,460,170183,10117,1241,10117,1241,10117,0,0.0000,0.7809,180300,11358,11358,11818
/ccb/salz3/kh.chao/PR_Wheeler_Graph/PR_Wheeler_Graph/data/graph/SMT_vs_RHSMT/RevDetG_AA/Human_FAM53A_orthologues_AA_l_100_a_4.dot,RevDetG_AA,186,234,20,187,25445,1816,507,1816,507,1816,0,0.0000,0.7995,27261,2323,2323,2510
/ccb/salz3/kh.chao/PR_Wheeler_Graph/PR_Wheeler_Graph/data/graph/SMT_vs_RHSMT/RevDetG_AA/Human_FAM53A_orthologues_AA_l_100_a_5.dot,RevDetG_AA,140,177,20,141,14199,1377,393,1377,393,1377,0,0.0000,0.7725,15576,1770,1770,1911
/ccb/salz3/kh.chao/PR_Wheeler_Graph/PR_Wheeler_Graph/data/graph/SMT_vs_RHSMT/RevDetG_AA/Human_FAM53A_orthologues_AA_l_100_a_6.dot,RevDetG_AA,208,277,20,209,35512,2714,593,2714,593,2714,0,0.0000,0.7571,38226,3307,3307,3516
/ccb/salz3/kh.chao/PR_Wheeler_Graph/PR_Wheeler_Graph/data/graph/SMT_vs_RHSMT/RevDetG_AA/Human_FAM53A_orthologues_AA_l_300_a_4.dot,RevDetG_AA,503,621,20,504,178431,14079,1281,14079,1281,14079,0,0.0000,0.8394,192510,15360,15360,15864
/ccb/salz3/kh.chao/PR_Wheeler_Graph/PR_Wheeler_Graph/data/graph/SMT_vs_RHSMT/RevDetG_AA/Human_FAM53A_orthologues_AA_l_300_a_5.dot,RevDetG_AA,581,737,21,582,252157,19059,1515,19059,1515,19059,0,0.0000,0.8261,271216,20574,20574,21156
/ccb/salz3/kh.chao/PR_Wheeler_Graph/PR_Wheeler_Graph/data/graph/SMT_vs_RHSMT/RevDetG_AA/Human_FAM53A_orthologues_AA_l_300_a_6.dot,RevDetG_AA,631,824,21,632,314570,24506,1689,24506,1689,24506,0,0.0000,0.8048,339076,26195,26195,26827
/ccb/salz3/kh.chao/PR_Wheeler_Graph/PR_Wheeler_Graph/data/graph/SMT_vs_RHSMT/RevDetG_AA/Human_FAM53A_orthologues_AA_l_500_a_4.dot,RevDetG_AA,808,992,20,809,457132,34404,2023,34404,2023,34404,0,0.0000,0.8318,491536,36427,36427,37236
/ccb/salz3/kh.chao/PR_Wheeler_Graph/PR_Wheeler_Graph/data/graph/SMT_vs_RHSMT/RevDetG_AA/Human_FAM53A_orthologues_AA_l_500_a_5.dot,RevDetG_AA,904,1149,21,905,615022,44504,2339,44504,2339,44504,0,0.0000,0.8134,659526,46843,46843,47748
/ccb/salz3/kh.chao/PR_Wheeler_Graph/PR_Wheeler_Graph/data/graph/SMT_vs_RHSMT/RevDetG_AA/Human_FAM53A_orthologues_AA_l_500_a_6.dot,RevDetG_AA,1034,1325,21,1035,816876,60274,2691,60274,2691,60274,0,0.0000,0.7964,877150,62965,62965,64000
/ccb/salz3/kh.chao/PR_Wheeler_Graph/PR_Wheeler_Graph/data/graph/SMT_vs_RHSMT/RevDetG_AA/Human_FHIP1B_orthologues_AA_l_100_a_4.dot,RevDetG_AA,132,151,19,133,10508,817,339,817,339,817,0,0.0000,0.8711,11325,1156,1156,1289
/ccb/salz3/kh.chao/PR_Wheeler_Graph/PR_Wheeler_Graph/data/graph/SMT_vs_RHSMT/RevDetG_AA/Human_FHIP1B_orthologues_AA_l_100_a_5.dot,RevDetG_AA,136,160,19,137,11874,846,357,846,357,846,0,0.0000,0.8556,12720,1203,1203,1340
/ccb/salz3/kh.chao/PR_Wheeler_Graph/PR_Wheeler_Graph/data/graph/SMT_vs_RHSMT/RevDetG_AA/Human_FHIP1B_orthologues_AA_l_100_a_6.dot,RevDetG_AA,136,160,19,137,11874,846,357,846,357,846,0,0.0000,0.8556,12720,1203,1203,1340
/ccb/salz3/kh.chao/PR_Wheeler_Graph/PR_Wheeler_Graph/data/graph/SMT_vs_RHSMT/RevDetG_AA/Human_FHIP1B_orthologues_AA_l_300_a_4.dot,RevDetG_AA,429,511,20,430,121417,8888,1061,8888,1061,8888,0,0.0000,0.8325,130305,9949,9949,10379
/ccb/salz3/kh.chao/PR_Wheeler_Graph/PR_Wheeler_Graph/data/graph/SMT_vs_RHSMT/RevDetG_AA/Human_FHIP1B_orthologues_AA_l_300_a_5.dot,RevDetG_AA,478,598,20,479,166707,11796,1235,11796,1235,11796,0,0.0000,0.8013,178503,13031,13031,13510
/ccb/salz3/kh.chao/PR_Wheeler_Graph/PR_Wheeler_Graph/data/graph/SMT_vs_RHSMT/RevDetG_AA/Human_FHIP1B_orthologues_AA_l_300_a_6.dot,RevDetG_AA,469,588,20,470,161281,11297,1215,11297,1215,11297,0,0.0000,0.8003,172578,12512,12512,12982
/ccb/salz3/kh.chao/PR_Wheeler_Graph/PR_Wheeler_Graph/data/graph/SMT_vs_RHSMT/RevDetG_AA/Human_FHIP1B_orthologues_AA_l_500_a_4.dot,RevDetG_AA,743,859,20,744,343983,24528,1757,24528,1757,24528,0,0.0000,0.8663,368511,26285,26285,27029
/ccb/salz3/kh.chao/PR_Wheeler_Graph/PR_Wheeler_Graph/data/graph/SMT_vs_RHSMT/RevDetG_AA/Human_FHIP1B_orthologues_AA_l_500_a_5.dot,RevDetG_AA,802,959,20,803,429025,30336,1957,30336,1957,30336,0,0.0000,0.8448,459361,32293,32293,33096
/ccb/salz3/kh.chao/PR_Wheeler_Graph/PR_Wheeler_Graph/data/graph/SMT_vs_RHSMT/RevDetG_AA/Human_FHIP1B_orthologues_AA_l_500_a_6.dot,RevDetG_AA,825,1003,20,826,468837,33666,2045,33666,2045,33666,0,0.0000,0.8385,502503,35711,35711,36537
/ccb/salz3/kh.chao/PR_Wheeler_Graph/PR_Wheeler_Graph/data/graph/SMT_vs_RHSMT/RevDetG_AA/Human_GGT6_orthologues_AA_l_100_a_4.dot,RevDetG_AA,184,221,20,185,22830,1480,481,1480,481,1480,0,0.0000,0.8498,24310,1961,1961,2146
/ccb/salz3/kh.chao/PR_Wheeler_Graph/PR_Wheeler_Graph/data/graph/SMT_vs_RHSMT/RevDetG_AA/Human_GGT6_orthologues_AA_l_100_a_5.dot,RevDetG_AA,213,267,20,214,33379,2132,573,2132,573,2131,1,0.0262,0.8150,35511,2705,2704,2918
/ccb/salz3/kh.chao/PR_Wheeler_Graph/PR_Wheeler_Graph/data/graph/SMT_vs_RHSMT/RevDetG_AA/Human_GGT6_orthologues_AA_l_100_a_6.dot,RevDetG_AA,213,267,20,214,33379,2132,573,2132,573,2131,1,0.0262,0.8150,35511,2705,2704,2918
/ccb/salz3/kh.chao/PR_Wheeler_Graph/PR_Wheeler_Graph/data/graph/SMT_vs_RHSMT/RevDetG_AA/Human_GGT6_orthologues_AA_l_300_a_4.dot,RevDetG_AA,525,644,20,526,195121,11925,1327,11925,1327,11925,0,0.0000,0.8353,207046,13252,13252,13778
/ccb/salz3/kh.chao/PR_Wheeler_Graph/PR_Wheeler_Graph/data/graph/SMT_vs_RHSMT/RevDetG_AA/Human_GGT6_orthologues_AA_l_300_a_5.dot,RevDetG_AA,630,808,20,631,306922,19106,1655,19106,1655,19106,0,0.0000,0.8041,326028,20761,20761,21392
/ccb/salz3/kh.chao/PR_Wheeler_Graph/PR_Wheeler_Graph/data/graph/SMT_vs_RHSMT/RevDetG_AA/Human_GGT6_orthologues_AA_l_300_a_6.dot,RevDetG_AA,630,808,20,631,306922,19106,1655,19106,1655,19106,0,0.0000,0.8041,326028,20761,20761,21392
/ccb/salz3/kh.chao/PR_Wheeler_Graph/PR_Wheeler_Graph/data/graph/SMT_vs_RHSMT/RevDetG_AA/Human_GGT6_orthologues_AA_l_500_a_4.dot,RevDetG_AA,891,1073,20,892,541447,33681,2185,33681,2185,33681,0,0.0000,0.8409,575128,35866,35866,36758
/ccb/salz3/kh.chao/PR_Wheeler_Graph/PR_Wheeler_Graph/data/graph/SMT_vs_RHSMT/RevDetG_AA/Human_GGT6_orthologues_AA_l_500_a_5.dot,RevDetG_AA,1083,1377,20,1084,891212,56164,2793,56164,2793,56164,0,0.0000,0.7980,947376,58957,58957,60041
/ccb/salz3/kh.chao/PR_Wheeler_Graph/PR_Wheeler_Graph/data/graph/SMT_vs_RHSMT/RevDetG_AA/Human_GGT6_orthologues_AA_l_500_a_6.dot,RevDetG_AA,1083,1377,20,1084,891212,56164,2793,56164,2793,56164,0,0.0000,0.7980,947376,58957,58957,60041
/ccb/salz3/kh.chao/PR_Wheeler_Graph/PR_Wheeler_Graph/data/graph/SMT_vs_RHSMT/RevDetG_AA/Human_LCP1_orthologues_AA_l_100_a_4.dot,RevDetG_AA,174,223,19,175,23187,1566,483,1566,483,1566,0,0.0000,0.7876,24753,2049,2049,2224
/ccb/salz3/kh.chao/PR_Wheeler_Graph/PR_Wheeler_Graph/data/graph/SMT_vs_RHSMT/RevDetG_AA/Human_LCP1_orthologues_AA_l_100_a_5.dot,RevDetG_AA,181,237,19,182,26191,1775,511,1775,511,1775,0,0.0000,0.7660,27966,2286,2286,2468
/ccb/salz3/kh.chao/PR_Wheeler_Graph/PR_Wheeler_Graph/data/graph/SMT_vs_RHSMT/RevDetG_AA/Human_LCP1_orthologues_AA_l_100_a_6.dot,RevDetG_AA,183,242,19,184,27292,1869,521,1869,521,1869,0,0.0000,0.7606,29161,2390,2390,2574
/ccb/salz3/kh.chao/PR_Wheeler_Graph/PR_Wheeler_Graph/data/graph/SMT_vs_RHSMT/RevDetG_AA/Human_LCP1_orthologues_AA_l_300_a_4.dot,RevDetG_AA,499,642,20,500,193543,12218,1323,12218,1323,12218,0,0.0000,0.7788,205761,13541,13541,14041
/ccb/salz3/kh.chao/PR_Wheeler_Graph/PR_Wheeler_Graph/data/graph/SMT_vs_RHSMT/RevDetG_AA/Human_LCP1_orthologues_AA_l_300_a_5.dot,RevDetG_AA,520,683,20,521,219103,13800,1405,13800,1405,13800,0,0.0000,0.7623,232903,15205,15205,15726
/ccb/salz3/kh.chao/PR_Wheeler_Graph/PR_Wheeler_Graph/data/graph/SMT_vs_RHSMT/RevDetG_AA/Human_LCP1_orthologues_AA_l_300_a_6.dot,RevDetG_AA,535,715,20,536,240054,15201,1469,15201,1469,15201,0,0.0000,0.7516,255255,16670,16670,17206
/ccb/salz3/kh.chao/PR_Wheeler_Graph/PR_Wheeler_Graph/data/graph/SMT_vs_RHSMT/RevDetG_AA/Human_LCP1_orthologues_AA_l_500_a_4.dot,RevDetG_AA,798,1006,20,799,474356,31159,2051,31159,2051,31159,0,0.0000,0.7947,505515,33210,33210,34009
/ccb/salz3/kh.chao/PR_Wheeler_Graph/PR_Wheeler_Graph/data/graph/SMT_vs_RHSMT/RevDetG_AA/Human_LCP1_orthologues_AA_l_500_a_5.dot,RevDetG_AA,832,1074,20,833,540949,35252,2187,35252,2187,35252,0,0.0000,0.7719,576201,37439,37439,38272
/ccb/salz3/kh.chao/PR_Wheeler_Graph/PR_Wheeler_Graph/data/graph/SMT_vs_RHSMT/RevDetG_AA/Human_LCP1_orthologues_AA_l_500_a_6.dot,RevDetG_AA,867,1131,20,868,600064,38951,2301,38951,2301,38951,0,0.0000,0.7673,639015,41252,41252,42120
/ccb/salz3/kh.chao/PR_Wheeler_Graph/PR_Wheeler_Graph/data/graph/SMT_vs_RHSMT/RevDetG_AA/Human_LEAP2_orthologues_AA_l_100_a_4.dot,RevDetG_AA,109,131,20,110,7933,582,301,582,301,582,0,0.0000,0.8454,8515,883,883,993
/ccb/salz3/kh.chao/PR_Wheeler_Graph/PR_Wheeler_Graph/data/graph/SMT_vs_RHSMT/RevDetG_AA/Human_LEAP2_orthologues_AA_l_100_a_5.dot,RevDetG_AA,113,139,20,114,8946,645,317,645,317,645,0,0.0000,0.8263,9591,962,962,1076
/ccb/salz3/kh.chao/PR_Wheeler_Graph/PR_Wheeler_Graph/data/graph/SMT_vs_RHSMT/RevDetG_AA/Human_LEAP2_orthologues_AA_l_100_a_6.dot,RevDetG_AA,117,147,20,118,10001,730,333,730,333,730,0,0.0000,0.8098,10731,1063,1063,1181
/ccb/salz3/kh.chao/PR_Wheeler_Graph/PR_Wheeler_Graph/data/graph/SMT_vs_RHSMT/RevDetG_AA/Human_LEAP2_orthologues_AA_l_300_a_4.dot,RevDetG_AA,109,131,20,110,7933,582,301,582,301,582,0,0.0000,0.8454,8515,883,883,993
/ccb/salz3/kh.chao/PR_Wheeler_Graph/PR_Wheeler_Graph/data/graph/SMT_vs_RHSMT/RevDetG_AA/Human_LEAP2_orthologues_AA_l_300_a_5.dot,RevDetG_AA,113,139,20,114,8946,645,317,645,317,645,0,0.0000,0.8263,9591,962,962,1076
/ccb/salz3/kh.chao/PR_Wheeler_Graph/PR_Wheeler_Graph/data/graph/SMT_vs_RHSMT/RevDetG_AA/Human_LEAP2_orthologues_AA_l_300_a_6.dot,RevDetG_AA,117,147,20,118,10001,730,333,730,333,730,0,0.0000,0.8098,10731,1063,1063,1181
/ccb/salz3/kh.chao/PR_Wheeler_Graph/PR_Wheeler_Graph/data/graph/SMT_vs_RHSMT/RevDetG_AA/Human_LEAP2_orthologues_AA_l_500_a_4.dot,RevDetG_AA,109,131,20,110,7933,582,301,582,301,582,0,0.0000,0.8454,8515,883,883,993
/ccb/salz3/kh.chao/PR_Wheeler_Graph/PR_Wheeler_Graph/data/graph/SMT_vs_RHSMT/RevDetG_AA/Human_LEAP2_orthologues_AA_l_500_a_5.dot,RevDetG_AA,113,139,20,114,8946,645,317,645,317,645,0,0.0000,0.8263,9591,962,962,1076
/ccb/salz3/kh.chao/PR_Wheeler_Graph/PR_Wheeler_Graph/data/graph/SMT_vs_RHSMT/RevDetG_AA/Human_LEAP2_orthologues_AA_l_500_a_6.dot,RevDetG_AA,117,147,20,118,10001,730,333,730,333,730,0,0.0000,0.8098,10731,1063,1063,1181
/ccb/salz3/kh.chao/PR_Wheeler_Graph/PR_Wheeler_Graph/data/graph/SMT_vs_RHSMT/RevDetG_AA/Human_OR10G8_orthologues_AA_l_100_a_4.dot,RevDetG_AA,126,144,18,127,9606,690,323,690,323,690,0,0.0000,0.8942,10296,1013,1013,1140
/ccb/salz3/kh.chao/PR_Wheeler_Graph/PR_Wheeler_Graph/data/graph/SMT_vs_RHSMT/RevDetG_AA/Human_OR10G8_orthologues_AA_l_100_a_5.dot,RevDetG_AA,134,160,18,135,11879,841,355,841,355,841,0,0.0000,0.8727,12720,1196,1196,1331
/ccb/salz3/kh.chao/PR_Wheeler_Graph/PR_Wheeler_Graph/data/graph/SMT_vs_RHSMT/RevDetG_AA/Human_OR10G8_orthologues_AA_l_100_a_6.dot,RevDetG_AA,140,175,18,141,14208,1017,385,1017,385,1017,0,0.0000,0.8238,15225,1402,1402,1543
/ccb/salz3/kh.chao/PR_Wheeler_Graph/PR_Wheeler_Graph/data/graph/SMT_vs_RHSMT/RevDetG_AA/Human_OR10G8_orthologues_AA_l_300_a_4.dot,RevDetG_AA,367,417,20,368,81031,5705,873,5705,873,5705,0,0.0000,0.8895,86736,6578,6578,6946
/ccb/salz3/kh.chao/PR_Wheeler_Graph/PR_Wheeler_Graph/data/graph/SMT_vs_RHSMT/RevDetG_AA/Human_OR10G8_orthologues_AA_l_300_a_5.dot,RevDetG_AA,394,471,20,395,103437,7248,981,7248,981,7248,0,0.0000,0.8477,110685,8229,8229,8624
/ccb/salz3/kh.chao/PR_Wheeler_Graph/PR_Wheeler_Graph/data/graph/SMT_vs_RHSMT/RevDetG_AA/Human_OR10G8_orthologues_AA_l_300_a_6.dot,RevDetG_AA,415,516,20,416,124222,8648,1071,8648,1071,8648,0,0.0000,0.8134,132870,9719,9719,10135
/ccb/salz3/kh.chao/PR_Wheeler_Graph/PR_Wheeler_Graph/data/graph/SMT_vs_RHSMT/RevDetG_AA/Human_OR10G8_orthologues_AA_l_500_a_4.dot,RevDetG_AA,386,440,20,387,90180,6400,919,6400,919,6400,0,0.0000,0.8888,96580,7319,7319,7706
/ccb/salz3/kh.chao/PR_Wheeler_Graph/PR_Wheeler_Graph/data/graph/SMT_vs_RHSMT/RevDetG_AA/Human_OR10G8_orthologues_AA_l_500_a_5.dot,RevDetG_AA,414,496,20,415,114617,8143,1031,8143,1031,8143,0,0.0000,0.8477,122760,9174,9174,9589
/ccb/salz3/kh.chao/PR_Wheeler_Graph/PR_Wheeler_Graph/data/graph/SMT_vs_RHSMT/RevDetG_AA/Human_OR10G8_orthologues_AA_l_500_a_6.dot,RevDetG_AA,435,541,20,436,136456,9614,1121,9614,1121,9614,0,0.0000,0.8147,146070,10735,10735,11171
/ccb/salz3/kh.chao/PR_Wheeler_Graph/PR_Wheeler_Graph/data/graph/SMT_vs_RHSMT/RevDetG_AA/Human_RPS27A_orthologues_AA_l_100_a_4.dot,RevDetG_AA,110,113,20,111,5988,340,265,340,265,340,0,0.0000,0.9730,6328,605,605,716
/ccb/salz3/kh.chao/PR_Wheeler_Graph/PR_Wheeler_Graph/data/graph/SMT_vs_RHSMT/RevDetG_AA/Human_RPS27A_orthologues_AA_l_100_a_5.dot,RevDetG_AA,110,113,20,111,5988,340,265,340,265,340,0,0.0000,0.9730,6328,605,605,716
/ccb/salz3/kh.chao/PR_Wheeler_Graph/PR_Wheeler_Graph/data/graph/SMT_vs_RHSMT/RevDetG_AA/Human_RPS27A_orthologues_AA_l_100_a_6.dot,RevDetG_AA,111,115,20,112,6205,350,269,350,269,350,0,0.0000,0.9672,6555,619,619,731
/ccb/salz3/kh.chao/PR_Wheeler_Graph/PR_Wheeler_Graph/data/graph/SMT_vs_RHSMT/RevDetG_AA/Human_RPS27A_orthologues_AA_l_300_a_4.dot,RevDetG_AA,371,405,20,372,76983,4827,849,4827,849,4827,0,0.0000,0.9330,81810,5676,5676,6048
/ccb/salz3/kh.chao/PR_Wheeler_Graph/PR_Wheeler_Graph/data/graph/SMT_vs_RHSMT/RevDetG_AA/Human_RPS27A_orthologues_AA_l_300_a_5.dot,RevDetG_AA,371,405,20,372,76983,4827,849,4827,849,4827,0,0.0000,0.9330,81810,5676,5676,6048
/ccb/salz3/kh.chao/PR_Wheeler_Graph/PR_Wheeler_Graph/data/graph/SMT_vs_RHSMT/RevDetG_AA/Human_RPS27A_orthologues_AA_l_300_a_6.dot,RevDetG_AA,372,407,20,373,77752,4869,853,4869,853,4869,0,0.0000,0.9308,82621,5722,5722,6095
/ccb/salz3/kh.chao/PR_Wheeler_Graph/PR_Wheeler_Graph/data/graph/SMT_vs_RHSMT/RevDetG_AA/Human_RPS27A_orthologues_AA_l_500_a_4.dot,RevDetG_AA,458,506,20,459,120107,7658,1051,7658,1051,7658,0,0.0000,0.9252,127765,8709,8709,9168
/ccb/salz3/kh.chao/PR_Wheeler_Graph/PR_Wheeler_Graph/data/graph/SMT_vs_RHSMT/RevDetG_AA/Human_RPS27A_orthologues_AA_l_500_a_5.dot,RevDetG_AA,474,522,20,475,127844,8137,1083,8137,1083,8137,0,0.0000,0.9277,135981,9220,9220,9695
/ccb/salz3/kh.chao/PR_Wheeler_Graph/PR_Wheeler_Graph/data/graph/SMT_vs_RHSMT/RevDetG_AA/Human_RPS27A_orthologues_AA_l_500_a_6.dot,RevDetG_AA,476,526,20,477,129824,8251,1091,8251,1091,8251,0,0.0000,0.9238,138075,9342,9342,9819
/ccb/salz3/kh.chao/PR_Wheeler_Graph/PR_Wheeler_Graph/data/graph/SMT_vs_RHSMT/RevDetG_AA/Human_SHLD2_orthologues_AA_l_100_a_4.dot,RevDetG_AA,177,214,20,178,21137,1654,467,1654,467,1654,0,0.0000,0.8560,22791,2121,2121,2299
/ccb/salz3/kh.chao/PR_Wheeler_Graph/PR_Wheeler_Graph/data/graph/SMT_vs_RHSMT/RevDetG_AA/Human_SHLD2_orthologues_AA_l_100_a_5.dot,RevDetG_AA,177,214,20,178,21137,1654,467,1654,467,1654,0,0.0000,0.8560,22791,2121,2121,2299
/ccb/salz3/kh.chao/PR_Wheeler_Graph/PR_Wheeler_Graph/data/graph/SMT_vs_RHSMT/RevDetG_AA/Human_SHLD2_orthologues_AA_l_100_a_6.dot,RevDetG_AA,161,196,19,162,17639,1471,429,1471,429,1471,0,0.0000,0.8422,19110,1900,1900,2062
/ccb/salz3/kh.chao/PR_Wheeler_Graph/PR_Wheeler_Graph/data/graph/SMT_vs_RHSMT/RevDetG_AA/Human_SHLD2_orthologues_AA_l_300_a_4.dot,RevDetG_AA,607,743,20,608,258084,17569,1525,17569,1525,17569,0,0.0000,0.8301,275653,19094,19094,19702
/ccb/salz3/kh.chao/PR_Wheeler_Graph/PR_Wheeler_Graph/data/graph/SMT_vs_RHSMT/RevDetG_AA/Human_SHLD2_orthologues_AA_l_300_a_5.dot,RevDetG_AA,607,743,20,608,258084,17569,1525,17569,1525,17569,0,0.0000,0.8301,275653,19094,19094,19702
/ccb/salz3/kh.chao/PR_Wheeler_Graph/PR_Wheeler_Graph/data/graph/SMT_vs_RHSMT/RevDetG_AA/Human_SHLD2_orthologues_AA_l_300_a_6.dot,RevDetG_AA,628,799,20,629,298887,19914,1637,19914,1637,19914,0,0.0000,0.7961,318801,21551,21551,22180
/ccb/salz3/kh.chao/PR_Wheeler_Graph/PR_Wheeler_Graph/data/graph/SMT_vs_RHSMT/RevDetG_AA/Human_SHLD2_orthologues_AA_l_500_a_4.dot,RevDetG_AA,986,1216,20,987,690169,48551,2471,48551,2471,48551,0,0.0000,0.8187,738720,51022,51022,52009
/ccb/salz3/kh.chao/PR_Wheeler_Graph/PR_Wheeler_Graph/data/graph/SMT_vs_RHSMT/RevDetG_AA/Human_SHLD2_orthologues_AA_l_500_a_5.dot,RevDetG_AA,990,1224,20,991,699382,49094,2487,49094,2487,49094,0,0.0000,0.8173,748476,51581,51581,52572
/ccb/salz3/kh.chao/PR_Wheeler_Graph/PR_Wheeler_Graph/data/graph/SMT_vs_RHSMT/RevDetG_AA/Human_SHLD2_orthologues_AA_l_500_a_6.dot,RevDetG_AA,1053,1357,20,1054,860598,59448,2753,59448,2753,59448,0,0.0000,0.7838,920046,62201,62201,63255
/ccb/salz3/kh.chao/PR_Wheeler_Graph/PR_Wheeler_Graph/data/graph/SMT_vs_RHSMT/RevDetG_AA/Human_SLC22A2_orthologues_AA_l_100_a_4.dot,RevDetG_AA,149,159,20,150,11795,766,357,766,357,766,0,0.0000,0.9483,12561,1123,1123,1273
/ccb/salz3/kh.chao/PR_Wheeler_Graph/PR_Wheeler_Graph/data/graph/SMT_vs_RHSMT/RevDetG_AA/Human_SLC22A2_orthologues_AA_l_100_a_5.dot,RevDetG_AA,150,161,20,151,12097,783,361,783,361,783,0,0.0000,0.9433,12880,1144,1144,1295
/ccb/salz3/kh.chao/PR_Wheeler_Graph/PR_Wheeler_Graph/data/graph/SMT_vs_RHSMT/RevDetG_AA/Human_SLC22A2_orthologues_AA_l_100_a_6.dot,RevDetG_AA,150,161,20,151,12097,783,361,783,361,783,0,0.0000,0.9433,12880,1144,1144,1295
/ccb/salz3/kh.chao/PR_Wheeler_Graph/PR_Wheeler_Graph/data/graph/SMT_vs_RHSMT/RevDetG_AA/Human_SLC22A2_orthologues_AA_l_300_a_4.dot,RevDetG_AA,520,616,20,521,177519,11901,1271,11901,1271,11901,0,0.0000,0.8385,189420,13172,13172,13693
/ccb/salz3/kh.chao/PR_Wheeler_Graph/PR_Wheeler_Graph/data/graph/SMT_vs_RHSMT/RevDetG_AA/Human_SLC22A2_orthologues_AA_l_300_a_5.dot,RevDetG_AA,521,618,20,522,178685,11968,1275,11968,1275,11968,0,0.0000,0.8377,190653,13243,13243,13765
/ccb/salz3/kh.chao/PR_Wheeler_Graph/PR_Wheeler_Graph/data/graph/SMT_vs_RHSMT/RevDetG_AA/Human_SLC22A2_orthologues_AA_l_300_a_6.dot,RevDetG_AA,522,621,20,523,180416,12094,1281,12094,1281,12094,0,0.0000,0.8361,192510,13375,13375,13898
/ccb/salz3/kh.chao/PR_Wheeler_Graph/PR_Wheeler_Graph/data/graph/SMT_vs_RHSMT/RevDetG_AA/Human_SLC22A2_orthologues_AA_l_500_a_4.dot,RevDetG_AA,784,918,20,785,394260,26643,1875,26643,1875,26643,0,0.0000,0.8451,420903,28518,28518,29303
/ccb/salz3/kh.chao/PR_Wheeler_Graph/PR_Wheeler_Graph/data/graph/SMT_vs_RHSMT/RevDetG_AA/Human_SLC22A2_orthologues_AA_l_500_a_5.dot,RevDetG_AA,792,930,20,793,404695,27290,1899,27290,1899,27290,0,0.0000,0.8415,431985,29189,29189,29982
/ccb/salz3/kh.chao/PR_Wheeler_Graph/PR_Wheeler_Graph/data/graph/SMT_vs_RHSMT/RevDetG_AA/Human_SLC22A2_orthologues_AA_l_500_a_6.dot,RevDetG_AA,802,951,20,803,423275,28450,1941,28450,1941,28450,0,0.0000,0.8358,451725,30391,30391,31194
/ccb/salz3/kh.chao/PR_Wheeler_Graph/PR_Wheeler_Graph/data/graph/SMT_vs_RHSMT/RevDetG_AA/Human_SLC38A9_orthologues_AA_l_100_a_4.dot,RevDetG_AA,220,289,20,221,38508,3108,617,3108,617,3108,0,0.0000,0.7877,41616,3725,3725,3946
/ccb/salz3/kh.chao/PR_Wheeler_Graph/PR_Wheeler_Graph/data/graph/SMT_vs_RHSMT/RevDetG_AA/Human_SLC38A9_orthologues_AA_l_100_a_5.dot,RevDetG_AA,238,322,20,239,47673,4008,683,4008,683,4008,0,0.0000,0.7762,51681,4691,4691,4930
/ccb/salz3/kh.chao/PR_Wheeler_Graph/PR_Wheeler_Graph/data/graph/SMT_vs_RHSMT/RevDetG_AA/Human_SLC38A9_orthologues_AA_l_100_a_6.dot,RevDetG_AA,245,345,20,246,54770,4570,729,4570,729,4570,0,0.0000,0.7504,59340,5299,5299,5545
/ccb/salz3/kh.chao/PR_Wheeler_Graph/PR_Wheeler_Graph/data/graph/SMT_vs_RHSMT/RevDetG_AA/Human_SLC38A9_orthologues_AA_l_300_a_4.dot,RevDetG_AA,609,797,20,610,295048,22158,1633,22158,1633,22158,0,0.0000,0.7558,317206,23791,23791,24401
/ccb/salz3/kh.chao/PR_Wheeler_Graph/PR_Wheeler_Graph/data/graph/SMT_vs_RHSMT/RevDetG_AA/Human_SLC38A9_orthologues_AA_l_300_a_5.dot,RevDetG_AA,651,874,20,652,354708,26793,1787,26793,1787,26793,0,0.0000,0.7425,381501,28580,28580,29232
/ccb/salz3/kh.chao/PR_Wheeler_Graph/PR_Wheeler_Graph/data/graph/SMT_vs_RHSMT/RevDetG_AA/Human_SLC38A9_orthologues_AA_l_300_a_6.dot,RevDetG_AA,670,924,20,671,396525,29901,1887,29901,1887,29901,0,0.0000,0.7265,426426,31788,31788,32459
/ccb/salz3/kh.chao/PR_Wheeler_Graph/PR_Wheeler_Graph/data/graph/SMT_vs_RHSMT/RevDetG_AA/Human_SLC38A9_orthologues_AA_l_500_a_4.dot,RevDetG_AA,1012,1308,20,1013,800550,54228,2655,54228,2655,54228,0,0.0000,0.7685,854778,56883,56883,57896
/ccb/salz3/kh.chao/PR_Wheeler_Graph/PR_Wheeler_Graph/data/graph/SMT_vs_RHSMT/RevDetG_AA/Human_SLC38A9_orthologues_AA_l_500_a_5.dot,RevDetG_AA,1099,1465,20,1100,1003679,68701,2969,68701,2969,68701,0,0.0000,0.7462,1072380,71670,71670,72770
/ccb/salz3/kh.chao/PR_Wheeler_Graph/PR_Wheeler_Graph/data/graph/SMT_vs_RHSMT/RevDetG_AA/Human_SLC38A9_orthologues_AA_l_500_a_6.dot,RevDetG_AA,1141,1561,20,1142,1139916,77664,3161,77664,3161,77664,0,0.0000,0.7277,1217580,80825,80825,81967
/ccb/salz3/kh.chao/PR_Wheeler_Graph/PR_Wheeler_Graph/data/graph/SMT_vs_RHSMT/RevDetG_AA/Human_SPA17_orthologues_AA_l_100_a_4.dot,RevDetG_AA,161,177,18,162,14375,1201,389,1201,389,1201,0,0.0000,0.9104,15576,1590,1590,1752
/ccb/salz3/kh.chao/PR_Wheeler_Graph/PR_Wheeler_Graph/data/graph/SMT_vs_RHSMT/RevDetG_AA/Human_SPA17_orthologues_AA_l_100_a_5.dot,RevDetG_AA,121,134,18,122,8249,662,303,662,303,662,0,0.0000,0.9139,8911,965,965,1087
/ccb/salz3/kh.chao/PR_Wheeler_Graph/PR_Wheeler_Graph/data/graph/SMT_vs_RHSMT/RevDetG_AA/Human_SPA17_orthologues_AA_l_100_a_6.dot,RevDetG_AA,122,137,18,123,8618,698,309,698,309,698,0,0.0000,0.9080,9316,1007,1007,1130
/ccb/salz3/kh.chao/PR_Wheeler_Graph/PR_Wheeler_Graph/data/graph/SMT_vs_RHSMT/RevDetG_AA/Human_SPA17_orthologues_AA_l_300_a_4.dot,RevDetG_AA,504,583,19,505,157820,11833,1203,11833,1203,11833,0,0.0000,0.8679,169653,13036,13036,13541
/ccb/salz3/kh.chao/PR_Wheeler_Graph/PR_Wheeler_Graph/data/graph/SMT_vs_RHSMT/RevDetG_AA/Human_SPA17_orthologues_AA_l_300_a_5.dot,RevDetG_AA,390,421,20,391,81276,7134,881,7134,881,7134,0,0.0000,0.9396,88410,8015,8015,8406
/ccb/salz3/kh.chao/PR_Wheeler_Graph/PR_Wheeler_Graph/data/graph/SMT_vs_RHSMT/RevDetG_AA/Human_SPA17_orthologues_AA_l_300_a_6.dot,RevDetG_AA,393,427,20,394,83636,7315,893,7315,893,7315,0,0.0000,0.9362,90951,8208,8208,8602
/ccb/salz3/kh.chao/PR_Wheeler_Graph/PR_Wheeler_Graph/data/graph/SMT_vs_RHSMT/RevDetG_AA/Human_SPA17_orthologues_AA_l_500_a_4.dot,RevDetG_AA,582,676,19,583,212664,15486,1389,15486,1389,15486,0,0.0000,0.8648,228150,16875,16875,17458
/ccb/salz3/kh.chao/PR_Wheeler_Graph/PR_Wheeler_Graph/data/graph/SMT_vs_RHSMT/RevDetG_AA/Human_SPA17_orthologues_AA_l_500_a_5.dot,RevDetG_AA,657,709,20,658,231689,19297,1457,19297,1457,19297,0,0.0000,0.9398,250986,20754,20754,21412
/ccb/salz3/kh.chao/PR_Wheeler_Graph/PR_Wheeler_Graph/data/graph/SMT_vs_RHSMT/RevDetG_AA/Human_SPA17_orthologues_AA_l_500_a_6.dot,RevDetG_AA,665,726,20,666,242906,20269,1491,20269,1491,20269,0,0.0000,0.9317,263175,21760,21760,22426
/ccb/salz3/kh.chao/PR_Wheeler_Graph/PR_Wheeler_Graph/data/graph/SMT_vs_RHSMT/RevDetG_AA/Human_STAU2_orthologues_AA_l_100_a_4.dot,RevDetG_AA,110,113,18,111,5931,397,261,397,261,397,0,0.0000,0.9757,6328,658,658,769
/ccb/salz3/kh.chao/PR_Wheeler_Graph/PR_Wheeler_Graph/data/graph/SMT_vs_RHSMT/RevDetG_AA/Human_STAU2_orthologues_AA_l_100_a_5.dot,RevDetG_AA,128,141,19,129,9274,596,319,596,319,596,0,0.0000,0.9135,9870,915,915,1044
/ccb/salz3/kh.chao/PR_Wheeler_Graph/PR_Wheeler_Graph/data/graph/SMT_vs_RHSMT/RevDetG_AA/Human_STAU2_orthologues_AA_l_100_a_6.dot,RevDetG_AA,109,109,15,110,5422,464,247,464,247,464,0,0.0000,0.9955,5886,711,711,821
/ccb/salz3/kh.chao/PR_Wheeler_Graph/PR_Wheeler_Graph/data/graph/SMT_vs_RHSMT/RevDetG_AA/Human_STAU2_orthologues_AA_l_300_a_4.dot,RevDetG_AA,435,494,20,436,114127,7644,1027,7644,1027,7644,0,0.0000,0.8856,121771,8671,8671,9107
/ccb/salz3/kh.chao/PR_Wheeler_Graph/PR_Wheeler_Graph/data/graph/SMT_vs_RHSMT/RevDetG_AA/Human_STAU2_orthologues_AA_l_300_a_5.dot,RevDetG_AA,476,574,20,477,153944,10507,1187,10507,1187,10507,0,0.0000,0.8226,164451,11694,11694,12171
/ccb/salz3/kh.chao/PR_Wheeler_Graph/PR_Wheeler_Graph/data/graph/SMT_vs_RHSMT/RevDetG_AA/Human_STAU2_orthologues_AA_l_300_a_6.dot,RevDetG_AA,436,495,20,437,114824,7441,1029,7441,1029,7441,0,0.0000,0.8803,122265,8470,8470,8907
/ccb/salz3/kh.chao/PR_Wheeler_Graph/PR_Wheeler_Graph/data/graph/SMT_vs_RHSMT/RevDetG_AA/Human_STAU2_orthologues_AA_l_500_a_4.dot,RevDetG_AA,730,839,20,731,329589,21952,1717,21952,1717,21952,0,0.0000,0.8760,351541,23669,23669,24400
/ccb/salz3/kh.chao/PR_Wheeler_Graph/PR_Wheeler_Graph/data/graph/SMT_vs_RHSMT/RevDetG_AA/Human_STAU2_orthologues_AA_l_500_a_5.dot,RevDetG_AA,825,1002,20,826,470199,31302,2043,31302,2043,31302,0,0.0000,0.8222,501501,33345,33345,34171
/ccb/salz3/kh.chao/PR_Wheeler_Graph/PR_Wheeler_Graph/data/graph/SMT_vs_RHSMT/RevDetG_AA/Human_STAU2_orthologues_AA_l_500_a_6.dot,RevDetG_AA,778,915,20,779,392616,25539,1869,25539,1869,25539,0,0.0000,0.8419,418155,27408,27408,28187
/ccb/salz3/kh.chao/PR_Wheeler_Graph/PR_Wheeler_Graph/data/graph/SMT_vs_RHSMT/RevDetG_AA/Human_TRAM1_orthologues_AA_l_100_a_4.dot,RevDetG_AA,170,216,20,171,21639,1581,471,1581,471,1581,0,0.0000,0.8162,23220,2052,2052,2223
/ccb/salz3/kh.chao/PR_Wheeler_Graph/PR_Wheeler_Graph/data/graph/SMT_vs_RHSMT/RevDetG_AA/Human_TRAM1_orthologues_AA_l_100_a_5.dot,RevDetG_AA,172,220,20,173,22449,1641,479,1641,479,1641,0,0.0000,0.8136,24090,2120,2120,2293
/ccb/salz3/kh.chao/PR_Wheeler_Graph/PR_Wheeler_Graph/data/graph/SMT_vs_RHSMT/RevDetG_AA/Human_TRAM1_orthologues_AA_l_100_a_6.dot,RevDetG_AA,173,222,20,174,22855,1676,483,1676,483,1676,0,0.0000,0.8108,24531,2159,2159,2333
/ccb/salz3/kh.chao/PR_Wheeler_Graph/PR_Wheeler_Graph/data/graph/SMT_vs_RHSMT/RevDetG_AA/Human_TRAM1_orthologues_AA_l_300_a_4.dot,RevDetG_AA,533,681,20,534,216827,14713,1401,14713,1401,14713,0,0.0000,0.7858,231540,16114,16114,16648
/ccb/salz3/kh.chao/PR_Wheeler_Graph/PR_Wheeler_Graph/data/graph/SMT_vs_RHSMT/RevDetG_AA/Human_TRAM1_orthologues_AA_l_300_a_5.dot,RevDetG_AA,537,693,20,538,224558,15220,1425,15220,1425,15220,0,0.0000,0.7764,239778,16645,16645,17183
/ccb/salz3/kh.chao/PR_Wheeler_Graph/PR_Wheeler_Graph/data/graph/SMT_vs_RHSMT/RevDetG_AA/Human_TRAM1_orthologues_AA_l_300_a_6.dot,RevDetG_AA,539,697,20,540,227118,15438,1433,15438,1433,15438,0,0.0000,0.7753,242556,16871,16871,17411
/ccb/salz3/kh.chao/PR_Wheeler_Graph/PR_Wheeler_Graph/data/graph/SMT_vs_RHSMT/RevDetG_AA/Human_TRAM1_orthologues_AA_l_500_a_4.dot,RevDetG_AA,713,909,20,714,386593,26093,1857,26093,1857,26093,0,0.0000,0.7799,412686,27950,27950,28664
/ccb/salz3/kh.chao/PR_Wheeler_Graph/PR_Wheeler_Graph/data/graph/SMT_vs_RHSMT/RevDetG_AA/Human_TRAM1_orthologues_AA_l_500_a_5.dot,RevDetG_AA,721,929,20,722,403810,27246,1897,27246,1897,27246,0,0.0000,0.7696,431056,29143,29143,29865
/ccb/salz3/kh.chao/PR_Wheeler_Graph/PR_Wheeler_Graph/data/graph/SMT_vs_RHSMT/RevDetG_AA/Human_TRAM1_orthologues_AA_l_500_a_6.dot,RevDetG_AA,723,936,20,724,409791,27789,1911,27789,1911,27789,0,0.0000,0.7674,437580,29700,29700,30424
/ccb/salz3/kh.chao/PR_Wheeler_Graph/PR_Wheeler_Graph/data/graph/SMT_vs_RHSMT/RevDetG_AA/Human_TRPC1_orthologues_AA_l_100_a_4.dot,RevDetG_AA,126,140,20,127,9111,619,319,619,319,619,0,0.0000,0.9284,9730,938,938,1065
/ccb/salz3/kh.chao/PR_Wheeler_Graph/PR_Wheeler_Graph/data/graph/SMT_vs_RHSMT/RevDetG_AA/Human_TRPC1_orthologues_AA_l_100_a_5.dot,RevDetG_AA,126,140,20,127,9111,619,319,619,319,619,0,0.0000,0.9284,9730,938,938,1065
/ccb/salz3/kh.chao/PR_Wheeler_Graph/PR_Wheeler_Graph/data/graph/SMT_vs_RHSMT/RevDetG_AA/Human_TRPC1_orthologues_AA_l_100_a_6.dot,RevDetG_AA,135,150,20,136,10443,732,339,732,339,732,0,0.0000,0.9296,11175,1071,1071,1207
/ccb/salz3/kh.chao/PR_Wheeler_Graph/PR_Wheeler_Graph/data/graph/SMT_vs_RHSMT/RevDetG_AA/Human_TRPC1_orthologues_AA_l_300_a_4.dot,RevDetG_AA,406,467,20,407,102628,6183,973,6183,973,6183,0,0.0000,0.8751,108811,7156,7156,7563
/ccb/salz3/kh.chao/PR_Wheeler_Graph/PR_Wheeler_Graph/data/graph/SMT_vs_RHSMT/RevDetG_AA/Human_TRPC1_orthologues_AA_l_300_a_5.dot,RevDetG_AA,486,566,20,487,150803,9092,1171,9092,1171,9092,0,0.0000,0.8664,159895,10263,10263,10750
/ccb/salz3/kh.chao/PR_Wheeler_Graph/PR_Wheeler_Graph/data/graph/SMT_vs_RHSMT/RevDetG_AA/Human_TRPC1_orthologues_AA_l_300_a_6.dot,RevDetG_AA,561,671,20,562,211821,12964,1381,12964,1381,12964,0,0.0000,0.8391,224785,14345,14345,14907
/ccb/salz3/kh.chao/PR_Wheeler_Graph/PR_Wheeler_Graph/data/graph/SMT_vs_RHSMT/RevDetG_AA/Human_TRPC1_orthologues_AA_l_500_a_4.dot,RevDetG_AA,656,759,20,657,270788,16873,1557,16873,1557,16873,0,0.0000,0.8653,287661,18430,18430,19087
/ccb/salz3/kh.chao/PR_Wheeler_Graph/PR_Wheeler_Graph/data/graph/SMT_vs_RHSMT/RevDetG_AA/Human_TRPC1_orthologues_AA_l_500_a_5.dot,RevDetG_AA,756,887,20,757,369752,23189,1813,23189,1813,23189,0,0.0000,0.8548,392941,25002,25002,25759
/ccb/salz3/kh.chao/PR_Wheeler_Graph/PR_Wheeler_Graph/data/graph/SMT_vs_RHSMT/RevDetG_AA/Human_TRPC1_orthologues_AA_l_500_a_6.dot,RevDetG_AA,922,1098,20,923,566408,35845,2235,35845,2235,35845,0,0.0000,0.8426,602253,38080,38080,39003
/ccb/salz3/kh.chao/PR_Wheeler_Graph/PR_Wheeler_Graph/data/graph/SMT_vs_RHSMT/RevDetG_AA/Human_TUNAR_orthologues_AA_l_100_a_4.dot,RevDetG_AA,69,72,16,70,2381,175,175,175,175,175,0,0.0000,0.9488,2556,350,350,420
/ccb/salz3/kh.chao/PR_Wheeler_Graph/PR_Wheeler_Graph/data/graph/SMT_vs_RHSMT/RevDetG_AA/Human_TUNAR_orthologues_AA_l_100_a_5.dot,RevDetG_AA,71,76,16,72,2653,197,183,197,183,199,1,0.0658,0.9350,2850,380,382,454
/ccb/salz3/kh.chao/PR_Wheeler_Graph/PR_Wheeler_Graph/data/graph/SMT_vs_RHSMT/RevDetG_AA/Human_TUNAR_orthologues_AA_l_100_a_6.dot,RevDetG_AA,74,82,17,75,3100,221,197,221,197,220,1,0.0732,0.9115,3321,418,417,492
/ccb/salz3/kh.chao/PR_Wheeler_Graph/PR_Wheeler_Graph/data/graph/SMT_vs_RHSMT/RevDetG_AA/Human_TUNAR_orthologues_AA_l_300_a_4.dot,RevDetG_AA,69,72,16,70,2381,175,175,175,175,175,0,0.0000,0.9488,2556,350,350,420
/ccb/salz3/kh.chao/PR_Wheeler_Graph/PR_Wheeler_Graph/data/graph/SMT_vs_RHSMT/RevDetG_AA/Human_TUNAR_orthologues_AA_l_300_a_5.dot,RevDetG_AA,71,76,16,72,2653,197,183,197,183,199,1,0.0658,0.9350,2850,380,382,454
/ccb/salz3/kh.chao/PR_Wheeler_Graph/PR_Wheeler_Graph/data/graph/SMT_vs_RHSMT/RevDetG_AA/Human_TUNAR_orthologues_AA_l_300_a_6.dot,RevDetG_AA,74,82,17,75,3100,221,197,221,197,220,1,0.0732,0.9115,3321,418,417,492
/ccb/salz3/kh.chao/PR_Wheeler_Graph/PR_Wheeler_Graph/data/graph/SMT_vs_RHSMT/RevDetG_AA/Human_TUNAR_orthologues_AA_l_500_a_4.dot,RevDetG_AA,69,72,16,70,2381,175,175,175,175,175,0,0.0000,0.9488,2556,350,350,420
/ccb/salz3/kh.chao/PR_Wheeler_Graph/PR_Wheeler_Graph/data/graph/SMT_vs_RHSMT/RevDetG_AA/Human_TUNAR_orthologues_AA_l_500_a_5.dot,RevDetG_AA,71,76,16,72,2653,197,183,197,183,199,1,0.0658,0.9350,2850,380,382,454
/ccb/salz3/kh.chao/PR_Wheeler_Graph/PR_Wheeler_Graph/data/graph/SMT_vs_RHSMT/RevDetG_AA/Human_TUNAR_orthologues_AA_l_500_a_6.dot,RevDetG_AA,74,82,17,75,3100,221,197,221,197,220,1,0.0732,0.9115,3321,418,417,492
/ccb/salz3/kh.chao/PR_Wheeler_Graph/PR_Wheeler_Graph/data/graph/SMT_vs_RHSMT/RevDetG_AA/Human_UBE2L5_orthologues_AA_l_100_a_4.dot,RevDetG_AA,113,125,19,114,7245,505,287,505,287,505,0,0.0000,0.9209,7750,792,792,906
/ccb/salz3/kh.chao/PR_Wheeler_Graph/PR_Wheeler_Graph/data/graph/SMT_vs_RHSMT/RevDetG_AA/Human_UBE2L5_orthologues_AA_l_100_a_5.dot,RevDetG_AA,115,129,20,116,7725,531,297,531,297,531,0,0.0000,0.9097,8256,828,828,944
/ccb/salz3/kh.chao/PR_Wheeler_Graph/PR_Wheeler_Graph/data/graph/SMT_vs_RHSMT/RevDetG_AA/Human_UBE2L5_orthologues_AA_l_100_a_6.dot,RevDetG_AA,123,145,20,124,9783,657,329,657,329,657,0,0.0000,0.8707,10440,986,986,1110
/ccb/salz3/kh.chao/PR_Wheeler_Graph/PR_Wheeler_Graph/data/graph/SMT_vs_RHSMT/RevDetG_AA/Human_UBE2L5_orthologues_AA_l_300_a_4.dot,RevDetG_AA,209,235,20,210,25891,1604,509,1604,509,1604,0,0.0000,0.8924,27495,2113,2113,2323
/ccb/salz3/kh.chao/PR_Wheeler_Graph/PR_Wheeler_Graph/data/graph/SMT_vs_RHSMT/RevDetG_AA/Human_UBE2L5_orthologues_AA_l_300_a_5.dot,RevDetG_AA,214,248,20,215,28829,1799,535,1799,535,1799,0,0.0000,0.8689,30628,2334,2334,2549
/ccb/salz3/kh.chao/PR_Wheeler_Graph/PR_Wheeler_Graph/data/graph/SMT_vs_RHSMT/RevDetG_AA/Human_UBE2L5_orthologues_AA_l_300_a_6.dot,RevDetG_AA,222,264,20,223,32696,2020,567,2020,567,2020,0,0.0000,0.8525,34716,2587,2587,2810
/ccb/salz3/kh.chao/PR_Wheeler_Graph/PR_Wheeler_Graph/data/graph/SMT_vs_RHSMT/RevDetG_AA/Human_UBE2L5_orthologues_AA_l_500_a_4.dot,RevDetG_AA,209,235,20,210,25891,1604,509,1604,509,1604,0,0.0000,0.8924,27495,2113,2113,2323
/ccb/salz3/kh.chao/PR_Wheeler_Graph/PR_Wheeler_Graph/data/graph/SMT_vs_RHSMT/RevDetG_AA/Human_UBE2L5_orthologues_AA_l_500_a_5.dot,RevDetG_AA,214,248,20,215,28829,1799,535,1799,535,1799,0,0.0000,0.8689,30628,2334,2334,2549
/ccb/salz3/kh.chao/PR_Wheeler_Graph/PR_Wheeler_Graph/data/graph/SMT_vs_RHSMT/RevDetG_AA/Human_UBE2L5_orthologues_AA_l_500_a_6.dot,RevDetG_AA,222,264,20,223,32696,2020,567,2020,567,2020,0,0.0000,0.8525,34716,2587,2587,2810
/ccb/salz3/kh.chao/PR_Wheeler_Graph/PR_Wheeler_Graph/data/graph/SMT_vs_RHSMT/RevDetG_AA/Human_ZRANB3_orthologues_AA_l_100_a_4.dot,RevDetG_AA,163,206,20,164,19848,1267,451,1267,451,1267,0,0.0000,0.7954,21115,1718,1718,1882
/ccb/salz3/kh.chao/PR_Wheeler_Graph/PR_Wheeler_Graph/data/graph/SMT_vs_RHSMT/RevDetG_AA/Human_ZRANB3_orthologues_AA_l_100_a_5.dot,RevDetG_AA,176,235,20,177,25827,1668,509,1668,509,1668,0,0.0000,0.7604,27495,2177,2177,2354
/ccb/salz3/kh.chao/PR_Wheeler_Graph/PR_Wheeler_Graph/data/graph/SMT_vs_RHSMT/RevDetG_AA/Human_ZRANB3_orthologues_AA_l_100_a_6.dot,RevDetG_AA,186,259,20,187,31347,2064,557,2064,557,2064,0,0.0000,0.7351,33411,2621,2621,2808
/ccb/salz3/kh.chao/PR_Wheeler_Graph/PR_Wheeler_Graph/data/graph/SMT_vs_RHSMT/RevDetG_AA/Human_ZRANB3_orthologues_AA_l_300_a_4.dot,RevDetG_AA,539,685,20,540,219629,14641,1409,14641,1409,14641,0,0.0000,0.7884,234270,16050,16050,16590
/ccb/salz3/kh.chao/PR_Wheeler_Graph/PR_Wheeler_Graph/data/graph/SMT_vs_RHSMT/RevDetG_AA/Human_ZRANB3_orthologues_AA_l_300_a_5.dot,RevDetG_AA,567,738,20,568,254925,17028,1515,17028,1515,17028,0,0.0000,0.7717,271953,18543,18543,19111
/ccb/salz3/kh.chao/PR_Wheeler_Graph/PR_Wheeler_Graph/data/graph/SMT_vs_RHSMT/RevDetG_AA/Human_ZRANB3_orthologues_AA_l_300_a_6.dot,RevDetG_AA,606,817,20,607,312679,20657,1673,20657,1673,20657,0,0.0000,0.7495,333336,22330,22330,22937
/ccb/salz3/kh.chao/PR_Wheeler_Graph/PR_Wheeler_Graph/data/graph/SMT_vs_RHSMT/RevDetG_AA/Human_ZRANB3_orthologues_AA_l_500_a_4.dot,RevDetG_AA,952,1190,20,953,664911,42544,2419,42544,2419,42544,0,0.0000,0.7951,707455,44963,44963,45916
/ccb/salz3/kh.chao/PR_Wheeler_Graph/PR_Wheeler_Graph/data/graph/SMT_vs_RHSMT/RevDetG_AA/Human_ZRANB3_orthologues_AA_l_500_a_5.dot,RevDetG_AA,1002,1303,20,1003,797007,51246,2645,51246,2645,51246,0,0.0000,0.7661,848253,53891,53891,54894
/ccb/salz3/kh.chao/PR_Wheeler_Graph/PR_Wheeler_Graph/data/graph/SMT_vs_RHSMT/RevDetG_AA/Human_ZRANB3_orthologues_AA_l_500_a_6.dot,RevDetG_AA,1024,1383,20,1025,898212,57441,2805,57441,2805,57441,0,0.0000,0.7406,955653,60246,60246,61271
