name,edges,pre41_wall,pre42_wall,new_wall,pre41_cpu,pre42_cpu,new_cpu,pre41_status,pre42_status,new_status,pre41_verdict,pre42_verdict,new_verdict
Human_TUNAR_orthologues_DNA_k_3_l_2000_a_6.dot,66,0.0358,0.0353,0.0341,30680,30250,28644,DECISIVE,DECISIVE,DECISIVE,1,1,1
Human_TUNAR_orthologues_DNA_k_3_l_2000_a_7.dot,66,0.0353,0.0354,0.0342,30302,30366,28896,DECISIVE,DECISIVE,DECISIVE,1,1,1
Human_TUNAR_orthologues_DNA_k_3_l_2000_a_8.dot,66,0.0356,0.0355,0.0342,30327,30180,28634,DECISIVE,DECISIVE,DECISIVE,1,1,1
Human_UBE2L5_orthologues_DNA_k_3_l_2000_a_6.dot,66,0.0362,0.0359,0.0353,30784,30587,29393,DECISIVE,DECISIVE,DECISIVE,1,1,1
Human_UBE2L5_orthologues_DNA_k_3_l_2000_a_7.dot,66,0.0357,0.0360,0.0363,30549,30688,29988,DECISIVE,DECISIVE,DECISIVE,1,1,1
Human_LEAP2_orthologues_DNA_k_3_l_2000_a_6.dot,68,0.0383,0.0374,0.0364,32268,32137,30845,DECISIVE,DECISIVE,DECISIVE,1,1,1
Human_LEAP2_orthologues_DNA_k_3_l_2000_a_7.dot,68,0.0381,0.0366,0.0365,32606,31566,30899,DECISIVE,DECISIVE,DECISIVE,1,1,1
Human_LEAP2_orthologues_DNA_k_3_l_2000_a_8.dot,68,0.0384,0.0384,0.0371,32391,32439,30604,DECISIVE,DECISIVE,DECISIVE,1,1,1
Human_SLC38A9_orthologues_DNA_k_3_l_2000_a_6.dot,68,0.0382,0.0373,0.0361,31809,32067,30127,DECISIVE,DECISIVE,DECISIVE,1,1,1
Human_SLC38A9_orthologues_DNA_k_3_l_2000_a_7.dot,68,0.0371,0.0378,0.0363,31830,32130,30235,DECISIVE,DECISIVE,DECISIVE,1,1,1
Human_LCP1_orthologues_DNA_k_3_l_2000_a_6.dot,69,0.0383,0.0384,0.0328,32494,32245,27575,DECISIVE,DECISIVE,DECISIVE,1,1,1
Human_LCP1_orthologues_DNA_k_3_l_2000_a_7.dot,69,0.0379,0.0369,0.0346,32578,32069,28487,DECISIVE,DECISIVE,DECISIVE,1,1,1
Human_LCP1_orthologues_DNA_k_3_l_2000_a_8.dot,69,0.0378,0.0377,0.0343,32240,31902,28330,DECISIVE,DECISIVE,DECISIVE,1,1,1
Human_RPS27A_orthologues_DNA_k_3_l_2000_a_6.dot,70,0.0405,0.0395,0.0368,33693,33365,29888,DECISIVE,DECISIVE,DECISIVE,1,1,1
Human_RPS27A_orthologues_DNA_k_3_l_2000_a_7.dot,70,0.0397,0.0386,0.0356,33634,33385,29737,DECISIVE,DECISIVE,DECISIVE,1,1,1
Human_SLC38A9_orthologues_DNA_k_3_l_2000_a_8.dot,70,0.0394,0.0384,0.0355,33653,33178,29293,DECISIVE,DECISIVE,DECISIVE,1,1,1
Human_TRAM1_orthologues_DNA_k_3_l_2000_a_6.dot,70,0.0394,0.0392,0.0364,33651,33468,30450,DECISIVE,DECISIVE,DECISIVE,1,1,1
Human_TRAM1_orthologues_DNA_k_3_l_2000_a_7.dot,70,0.0405,0.0393,0.0368,34069,33524,29547,DECISIVE,DECISIVE,DECISIVE,1,1,1
Human_TRAM1_orthologues_DNA_k_3_l_2000_a_8.dot,70,0.0401,0.0396,0.0369,34054,33401,29786,DECISIVE,DECISIVE,DECISIVE,1,1,1
Human_BTBD17_orthologues_DNA_k_3_l_2000_a_6.dot,71,0.0398,0.0406,0.0357,33874,34020,30284,DECISIVE,DECISIVE,DECISIVE,1,1,1
Human_BTBD17_orthologues_DNA_k_3_l_2000_a_7.dot,71,0.0399,0.0397,0.0361,34047,33735,30038,DECISIVE,DECISIVE,DECISIVE,1,1,1
Human_CEP57L1_orthologues_DNA_k_3_l_2000_a_6.dot,71,0.0397,0.0397,0.0382,33912,33627,32585,DECISIVE,DECISIVE,DECISIVE,1,1,1
Human_CLPX_orthologues_DNA_k_3_l_2000_a_6.dot,71,0.0389,0.0386,0.0367,33752,33536,30807,DECISIVE,DECISIVE,DECISIVE,1,1,1
Human_CLPX_orthologues_DNA_k_3_l_2000_a_7.dot,71,0.0398,0.0394,0.0370,33926,33900,30803,DECISIVE,DECISIVE,DECISIVE,1,1,1
Human_CLPX_orthologues_DNA_k_3_l_2000_a_8.dot,71,0.0402,0.0404,0.0364,34070,34124,30690,DECISIVE,DECISIVE,DECISIVE,1,1,1
Human_DCSTAMP_orthologues_DNA_k_3_l_2000_a_6.dot,71,0.0395,0.0395,0.0364,33717,33795,30305,DECISIVE,DECISIVE,DECISIVE,1,1,1
Human_DOCK4_orthologues_DNA_k_3_l_2000_a_6.dot,71,0.0406,0.0397,0.0369,34184,33844,30591,DECISIVE,DECISIVE,DECISIVE,1,1,1
Human_DOCK4_orthologues_DNA_k_3_l_2000_a_7.dot,71,0.0403,0.0392,0.0362,33949,33364,30086,DECISIVE,DECISIVE,DECISIVE,1,1,1
Human_ELSPBP1_orthologues_DNA_k_3_l_2000_a_6.dot,71,0.0390,0.0389,0.0362,33394,33400,30147,DECISIVE,DECISIVE,DECISIVE,1,1,1
Human_ELSPBP1_orthologues_DNA_k_3_l_2000_a_7.dot,71,0.0396,0.0386,0.0368,33624,33220,30303,DECISIVE,DECISIVE,DECISIVE,1,1,1
Human_ELSPBP1_orthologues_DNA_k_3_l_2000_a_8.dot,71,0.0393,0.0388,0.0348,33680,33463,29454,DECISIVE,DECISIVE,DECISIVE,1,1,1
Human_GGT6_orthologues_DNA_k_3_l_2000_a_6.dot,71,0.0386,0.0395,0.0359,33561,33453,29070,DECISIVE,DECISIVE,DECISIVE,1,1,1
Human_SLC22A2_orthologues_DNA_k_3_l_2000_a_6.dot,71,0.0397,0.0385,0.0381,33793,33295,29955,DECISIVE,DECISIVE,DECISIVE,1,1,1
Human_STAU2_orthologues_DNA_k_3_l_2000_a_6.dot,71,0.0393,0.0390,0.0375,33961,33640,29480,DECISIVE,DECISIVE,DECISIVE,1,1,1
Human_STAU2_orthologues_DNA_k_3_l_2000_a_7.dot,71,0.0403,0.0390,0.0363,34051,33699,29701,DECISIVE,DECISIVE,DECISIVE,1,1,1
Human_STAU2_orthologues_DNA_k_3_l_2000_a_8.dot,71,0.0390,0.0390,0.0349,33645,33462,29787,DECISIVE,DECISIVE,DECISIVE,1,1,1
Human_UBE2L5_orthologues_DNA_k_3_l_2000_a_8.dot,71,0.0383,0.0389,0.0372,33688,33177,30991,DECISIVE,DECISIVE,DECISIVE,1,1,1
Human_BTBD17_orthologues_DNA_k_3_l_2000_a_8.dot,72,0.0389,0.0392,0.0348,33687,33732,29627,DECISIVE,DECISIVE,DECISIVE,1,1,1
Human_C17orf67_orthologues_DNA_k_3_l_2000_a_6.dot,72,0.0404,0.0399,0.0373,34839,34242,31260,DECISIVE,DECISIVE,DECISIVE,1,1,1
Human_C17orf67_orthologues_DNA_k_3_l_2000_a_7.dot,72,0.0412,0.0394,0.0365,34992,34202,31123,DECISIVE,DECISIVE,DECISIVE,1,1,1
Human_CEP57L1_orthologues_DNA_k_3_l_2000_a_7.dot,72,0.0405,0.0406,0.0376,34440,34038,31554,DECISIVE,DECISIVE,DECISIVE,1,1,1
Human_CEP57L1_orthologues_DNA_k_3_l_2000_a_8.dot,72,0.0396,0.0395,0.0378,34324,33932,31666,DECISIVE,DECISIVE,DECISIVE,1,1,1
Human_DCSTAMP_orthologues_DNA_k_3_l_2000_a_7.dot,72,0.0389,0.0396,0.0354,33890,33978,29944,DECISIVE,DECISIVE,DECISIVE,1,1,1
Human_DCSTAMP_orthologues_DNA_k_3_l_2000_a_8.dot,72,0.0396,0.0394,0.0352,34110,33981,29851,DECISIVE,DECISIVE,DECISIVE,1,1,1
Human_OR10G8_orthologues_DNA_k_3_l_2000_a_6.dot,72,0.0413,0.0416,0.0366,35479,35018,30234,DECISIVE,DECISIVE,DECISIVE,1,1,1
Human_OR10G8_orthologues_DNA_k_3_l_2000_a_7.dot,72,0.0402,0.0406,0.0364,35043,34787,30510,DECISIVE,DECISIVE,DECISIVE,1,1,1
Human_OR10G8_orthologues_DNA_k_3_l_2000_a_8.dot,72,0.0408,0.0412,0.0353,35076,34992,30022,DECISIVE,DECISIVE,DECISIVE,1,1,1
Human_SHLD2_orthologues_DNA_k_3_l_2000_a_6.dot,72,0.0402,0.0397,0.0346,34271,34050,29339,DECISIVE,DECISIVE,DECISIVE,1,1,1
Human_SHLD2_orthologues_DNA_k_3_l_2000_a_7.dot,72,0.0395,0.0397,0.0346,34172,34143,29487,DECISIVE,DECISIVE,DECISIVE,1,1,1
Human_SLC22A2_orthologues_DNA_k_3_l_2000_a_7.dot,72,0.0396,0.0395,0.0358,34350,34178,30567,DECISIVE,DECISIVE,DECISIVE,1,1,1
Human_SPA17_orthologues_DNA_k_3_l_2000_a_6.dot,72,0.0406,0.0406,0.0351,35378,34874,29722,DECISIVE,DECISIVE,DECISIVE,1,1,1
Human_TUNAR_orthologues_AA_l_100_a_4.dot,72,0.1151,0.0799,0.0781,108033,73603,72356,DECISIVE,DECISIVE,DECISIVE,-1,-1,-1
Human_TUNAR_orthologues_AA_l_300_a_4.dot,72,0.1143,0.0790,0.0789,108335,73069,72642,DECISIVE,DECISIVE,DECISIVE,-1,-1,-1
Human_TUNAR_orthologues_AA_l_500_a_4.dot,72,0.1140,0.0789,0.0771,107648,73273,71511,DECISIVE,DECISIVE,DECISIVE,-1,-1,-1
Human_C17orf67_orthologues_DNA_k_3_l_2000_a_8.dot,73,0.0414,0.0401,0.0363,35549,34969,31424,DECISIVE,DECISIVE,DECISIVE,1,1,1
Human_DOCK4_orthologues_DNA_k_3_l_2000_a_8.dot,73,0.0402,0.0398,0.0369,35106,34687,31730,DECISIVE,DECISIVE,DECISIVE,1,1,1
Human_FHIP1B_orthologues_DNA_k_3_l_2000_a_6.dot,73,0.0392,0.0395,0.0346,34115,34189,29126,DECISIVE,DECISIVE,DECISIVE,1,1,1
Human_FHIP1B_orthologues_DNA_k_3_l_2000_a_7.dot,73,0.0395,0.0397,0.0340,34161,34101,28979,DECISIVE,DECISIVE,DECISIVE,1,1,1
Human_GGT6_orthologues_DNA_k_3_l_2000_a_7.dot,73,0.0406,0.0402,0.0349,35457,34785,29770,DECISIVE,DECISIVE,DECISIVE,1,1,1
Human_SHLD2_orthologues_DNA_k_3_l_2000_a_8.dot,73,0.0394,0.0388,0.0344,34161,33785,29121,DECISIVE,DECISIVE,DECISIVE,1,1,1
Human_SPA17_orthologues_DNA_k_3_l_2000_a_7.dot,73,0.0403,0.0414,0.0347,35137,35009,29573,DECISIVE,DECISIVE,DECISIVE,1,1,1
Human_SPA17_orthologues_DNA_k_3_l_2000_a_8.dot,73,0.0405,0.0410,0.0353,35279,35184,29597,DECISIVE,DECISIVE,DECISIVE,1,1,1
Human_ZRANB3_orthologues_DNA_k_3_l_2000_a_6.dot,73,0.0411,0.0403,0.0353,35364,35035,30082,DECISIVE,DECISIVE,DECISIVE,1,1,1
Human_ZRANB3_orthologues_DNA_k_3_l_2000_a_7.dot,73,0.0404,0.0402,0.0368,35155,35124,30422,DECISIVE,DECISIVE,DECISIVE,1,1,1
Human_ANGPTL4_orthologues_DNA_k_3_l_2000_a_6.dot,74,0.0407,0.0416,0.0372,35398,35224,30779,DECISIVE,DECISIVE,DECISIVE,1,1,1
Human_GGT6_orthologues_DNA_k_3_l_2000_a_8.dot,74,0.0416,0.0415,0.0366,35831,35388,30322,DECISIVE,DECISIVE,DECISIVE,1,1,1
Human_SLC22A2_orthologues_DNA_k_3_l_2000_a_8.dot,74,0.0413,0.0400,0.0360,35425,34969,30590,DECISIVE,DECISIVE,DECISIVE,1,1,1
Human_TRPC1_orthologues_DNA_k_3_l_2000_a_6.dot,74,0.0413,0.0413,0.0363,35778,35203,30295,DECISIVE,DECISIVE,DECISIVE,1,1,1
Human_ZRANB3_orthologues_DNA_k_3_l_2000_a_8.dot,74,0.0414,0.0411,0.0354,35714,35376,30282,DECISIVE,DECISIVE,DECISIVE,1,1,1
Human_ANGPTL4_orthologues_DNA_k_3_l_2000_a_7.dot,75,0.0414,0.0413,0.0359,35829,35443,30825,DECISIVE,DECISIVE,DECISIVE,1,1,1
Human_ANGPTL4_orthologues_DNA_k_3_l_2000_a_8.dot,75,0.0407,0.0406,0.0377,35609,35354,30936,DECISIVE,DECISIVE,DECISIVE,1,1,1
Human_FHIP1B_orthologues_DNA_k_3_l_2000_a_8.dot,75,0.0418,0.0412,0.0369,36191,35912,30985,DECISIVE,DECISIVE,DECISIVE,1,1,1
Human_RPS27A_orthologues_DNA_k_3_l_2000_a_8.dot,75,0.0429,0.0418,0.0393,37295,36131,34074,DECISIVE,DECISIVE,DECISIVE,1,1,1
Human_TRPC1_orthologues_DNA_k_3_l_2000_a_7.dot,75,0.0410,0.0410,0.0383,35752,35541,31500,DECISIVE,DECISIVE,DECISIVE,1,1,1
Human_TRPC1_orthologues_DNA_k_3_l_2000_a_8.dot,75,0.0414,0.0417,0.0374,35935,35591,31851,DECISIVE,DECISIVE,DECISIVE,1,1,1
Human_FAM53A_orthologues_DNA_k_3_l_2000_a_6.dot,76,0.0424,0.0416,0.0341,36628,35710,27512,DECISIVE,DECISIVE,DECISIVE,1,1,1
Human_FAM53A_orthologues_DNA_k_3_l_2000_a_7.dot,76,0.0426,0.0410,0.0327,36953,35654,27393,DECISIVE,DECISIVE,DECISIVE,1,1,1
Human_TUNAR_orthologues_AA_l_100_a_5.dot,76,0.1204,0.0838,0.0839,108280,77469,75576,DECISIVE,DECISIVE,DECISIVE,-1,-1,-1
Human_TUNAR_orthologues_AA_l_300_a_5.dot,76,0.1158,0.0872,0.0810,109890,76300,75059,DECISIVE,DECISIVE,DECISIVE,-1,-1,-1
Human_TUNAR_orthologues_AA_l_500_a_5.dot,76,0.1181,0.0838,0.0836,111899,76487,77311,DECISIVE,DECISIVE,DECISIVE,-1,-1,-1
Human_FAM53A_orthologues_DNA_k_3_l_2000_a_8.dot,78,0.0438,0.0428,0.0336,38510,37462,28461,DECISIVE,DECISIVE,DECISIVE,1,1,1
Human_TUNAR_orthologues_AA_l_100_a_6.dot,82,0.1300,0.0906,0.0897,123157,84173,83810,DECISIVE,DECISIVE,DECISIVE,-1,-1,-1
Human_TUNAR_orthologues_AA_l_300_a_6.dot,82,0.1313,0.0901,0.0909,123714,84441,84907,DECISIVE,DECISIVE,DECISIVE,-1,-1,-1
Human_TUNAR_orthologues_AA_l_500_a_6.dot,82,0.1322,0.0903,0.0908,124648,84188,83520,DECISIVE,DECISIVE,DECISIVE,-1,-1,-1
Human_SHLD2_orthologues_DNA_l_100_a_6.dot,84,0.2110,0.1593,0.1579,204066,152084,151548,DECISIVE,DECISIVE,DECISIVE,1,1,1
Human_TUNAR_orthologues_AA_k_3_l_2000_a_6.dot,92,0.1541,0.1059,0.1055,146496,99715,98908,DECISIVE,DECISIVE,DECISIVE,1,1,1
Human_TUNAR_orthologues_AA_k_3_l_2000_a_7.dot,92,0.1508,0.1029,0.1052,143752,96829,96377,DECISIVE,DECISIVE,DECISIVE,1,1,1
Human_TUNAR_orthologues_AA_k_3_l_2000_a_8.dot,95,0.1602,0.1099,0.1106,153840,102541,101513,DECISIVE,DECISIVE,DECISIVE,1,1,1
Human_DOCK4_orthologues_DNA_l_100_a_4.dot,99,0.3236,0.2298,0.2205,304454,215867,213553,DECISIVE,DECISIVE,DECISIVE,1,1,1
Human_DOCK4_orthologues_DNA_l_100_a_5.dot,99,0.3103,0.2238,0.2196,301749,216167,212402,DECISIVE,DECISIVE,DECISIVE,1,1,1
Human_SPA17_orthologues_DNA_l_100_a_5.dot,99,0.3157,0.2541,0.2569,306214,244939,244015,DECISIVE,DECISIVE,DECISIVE,1,1,1
Human_SPA17_orthologues_DNA_l_100_a_6.dot,99,0.3185,0.2529,0.2586,309867,244422,244918,DECISIVE,DECISIVE,DECISIVE,1,1,1
Human_STAU2_orthologues_DNA_l_100_a_6.dot,99,0.3214,0.2307,0.2271,311944,220541,219850,DECISIVE,DECISIVE,DECISIVE,1,1,1
Human_DOCK4_orthologues_AA_l_100_a_4.dot,99,0.3030,0.1825,0.1797,292084,174519,172724,DECISIVE,DECISIVE,DECISIVE,1,1,1
Human_DOCK4_orthologues_AA_l_100_a_5.dot,99,0.3060,0.1807,0.1812,296017,173339,172726,DECISIVE,DECISIVE,DECISIVE,1,1,1
Human_TUNAR_orthologues_AA_k_4_l_2000_a_6.dot,101,0.2410,0.1531,0.1521,233702,145570,145275,DECISIVE,DECISIVE,DECISIVE,1,1,1
Human_TUNAR_orthologues_AA_k_4_l_2000_a_7.dot,101,0.2454,0.1529,0.1531,236518,146225,145680,DECISIVE,DECISIVE,DECISIVE,1,1,1
Human_TUNAR_orthologues_AA_k_4_l_2000_a_8.dot,105,0.2757,0.1633,0.1617,264093,155544,155137,DECISIVE,DECISIVE,DECISIVE,1,1,1
Human_TUNAR_orthologues_AA_k_5_l_2000_a_6.dot,108,0.3079,0.1805,0.1798,299429,173637,172065,DECISIVE,DECISIVE,DECISIVE,1,1,1
Human_TUNAR_orthologues_AA_k_5_l_2000_a_7.dot,108,0.3074,0.1821,0.1819,298001,174664,174636,DECISIVE,DECISIVE,DECISIVE,1,1,1
Human_STAU2_orthologues_DNA_l_100_a_4.dot,109,0.3670,0.2568,0.2456,343585,248098,238160,DECISIVE,DECISIVE,DECISIVE,-1,-1,-1
Human_STAU2_orthologues_DNA_l_100_a_5.dot,109,0.3502,0.2529,0.2540,339560,244394,242179,DECISIVE,DECISIVE,DECISIVE,-1,-1,-1
Human_STAU2_orthologues_AA_l_100_a_6.dot,109,0.3016,0.1749,0.1816,291105,167880,165428,DECISIVE,DECISIVE,DECISIVE,-1,-1,-1
Human_SPA17_orthologues_DNA_l_100_a_4.dot,110,0.3433,0.2486,0.2477,334424,237745,237113,DECISIVE,DECISIVE,DECISIVE,-1,-1,-1
Human_TUNAR_orthologues_AA_k_5_l_2000_a_8.dot,113,0.3214,0.1932,0.1925,310709,183738,183426,DECISIVE,DECISIVE,DECISIVE,1,1,1
Human_RPS27A_orthologues_AA_l_100_a_4.dot,113,0.3165,0.1781,0.1800,305236,170088,171207,DECISIVE,DECISIVE,DECISIVE,-1,-1,-1
Human_RPS27A_orthologues_AA_l_100_a_5.dot,113,0.3154,0.1798,0.1780,307216,172378,171136,DECISIVE,DECISIVE,DECISIVE,-1,-1,-1
Human_STAU2_orthologues_AA_l_100_a_4.dot,113,0.3174,0.1779,0.1785,309546,170369,171759,DECISIVE,DECISIVE,DECISIVE,-1,-1,-1
Human_RPS27A_orthologues_AA_l_100_a_6.dot,115,0.3235,0.1770,0.1791,304747,170459,172817,DECISIVE,DECISIVE,DECISIVE,-1,-1,-1
Human_FHIP1B_orthologues_DNA_l_100_a_5.dot,117,0.3780,0.2816,0.2810,369002,270941,262927,DECISIVE,DECISIVE,DECISIVE,-1,-1,-1
Human_FHIP1B_orthologues_DNA_l_100_a_6.dot,117,0.3781,0.2806,0.2788,369875,272062,267730,DECISIVE,DECISIVE,DECISIVE,-1,-1,-1
Human_RPS27A_orthologues_DNA_l_100_a_4.dot,123,0.4044,0.2943,0.2927,396038,286261,283718,DECISIVE,DECISIVE,DECISIVE,-1,-1,-1
Human_ELSPBP1_orthologues_DNA_l_100_a_4.dot,124,0.3727,0.2779,0.2785,364605,269876,269893,DECISIVE,DECISIVE,DECISIVE,-1,-1,-1
Human_FHIP1B_orthologues_DNA_l_100_a_4.dot,124,0.4231,0.3057,0.3070,400838,297221,288288,DECISIVE,DECISIVE,DECISIVE,-1,-1,-1
Human_UBE2L5_orthologues_AA_l_100_a_4.dot,125,0.3475,0.1945,0.1931,333733,187714,185246,DECISIVE,DECISIVE,DECISIVE,-1,-1,-1
Human_RPS27A_orthologues_DNA_l_100_a_5.dot,128,0.4452,0.3192,0.3211,436337,311111,312407,DECISIVE,DECISIVE,DECISIVE,-1,-1,-1
Human_UBE2L5_orthologues_AA_l_100_a_5.dot,129,0.3535,0.2179,0.2155,343724,207165,207223,DECISIVE,DECISIVE,DECISIVE,-1,-1,-1
Human_DOCK4_orthologues_DNA_l_100_a_6.dot,130,0.4423,0.3226,0.3246,433639,314874,315844,DECISIVE,DECISIVE,DECISIVE,-1,-1,-1
Human_RPS27A_orthologues_DNA_l_100_a_6.dot,131,0.4555,0.3269,0.3269,441925,318458,313714,DECISIVE,DECISIVE,DECISIVE,-1,-1,-1
Human_DOCK4_orthologues_AA_l_100_a_6.dot,131,0.3940,0.2442,0.2410,384803,234775,232814,DECISIVE,DECISIVE,DECISIVE,-1,-1,-1
Human_LEAP2_orthologues_AA_l_100_a_4.dot,131,0.3090,0.1834,0.1860,292539,176637,179687,DECISIVE,DECISIVE,DECISIVE,-1,-1,-1
Human_LEAP2_orthologues_AA_l_300_a_4.dot,131,0.3088,0.1874,0.1866,301064,180757,179344,DECISIVE,DECISIVE,DECISIVE,-1,-1,-1
Human_LEAP2_orthologues_AA_l_500_a_4.dot,131,0.3096,0.1883,0.1912,299673,180863,177720,DECISIVE,DECISIVE,DECISIVE,-1,-1,-1
Human_TUNAR_orthologues_DNA_l_100_a_4.dot,134,0.4173,0.3247,0.3165,408348,301323,304995,DECISIVE,DECISIVE,DECISIVE,-1,-1,-1
Human_SPA17_orthologues_AA_l_100_a_5.dot,134,0.3866,0.2420,0.2440,378434,232953,233647,DECISIVE,DECISIVE,DECISIVE,-1,-1,-1
Human_SPA17_orthologues_AA_l_100_a_6.dot,137,0.3948,0.2477,0.2464,386943,237221,238217,DECISIVE,DECISIVE,DECISIVE,-1,-1,-1
Human_LEAP2_orthologues_AA_l_100_a_5.dot,139,0.3403,0.2038,0.2044,329968,196162,195834,DECISIVE,DECISIVE,DECISIVE,-1,-1,-1
Human_LEAP2_orthologues_AA_l_300_a_5.dot,139,0.3391,0.2030,0.2033,330758,195689,189170,DECISIVE,DECISIVE,DECISIVE,-1,-1,-1
Human_LEAP2_orthologues_AA_l_500_a_5.dot,139,0.3381,0.2012,0.2023,330338,194393,195394,DECISIVE,DECISIVE,DECISIVE,-1,-1,-1
Human_TRPC1_orthologues_AA_l_100_a_4.dot,140,0.4201,0.2452,0.2531,409241,237009,244533,DECISIVE,DECISIVE,DECISIVE,-1,-1,-1
Human_TRPC1_orthologues_AA_l_100_a_5.dot,140,0.4257,0.2500,0.2526,399020,242122,242178,DECISIVE,DECISIVE,DECISIVE,-1,-1,-1
Human_STAU2_orthologues_AA_l_100_a_5.dot,141,0.4433,0.2639,0.2582,434035,250207,249140,DECISIVE,DECISIVE,DECISIVE,-1,-1,-1
Human_TUNAR_orthologues_DNA_l_100_a_5.dot,144,0.4791,0.3592,0.3640,467999,350476,352368,DECISIVE,DECISIVE,DECISIVE,-1,-1,-1
Human_OR10G8_orthologues_AA_l_100_a_4.dot,144,0.4208,0.2581,0.2685,410707,249058,249263,DECISIVE,DECISIVE,DECISIVE,-1,-1,-1
Human_ELSPBP1_orthologues_AA_l_100_a_4.dot,145,0.4460,0.2524,0.2531,413845,244016,243198,DECISIVE,DECISIVE,DECISIVE,-1,-1,-1
Human_UBE2L5_orthologues_AA_l_100_a_6.dot,145,0.4020,0.2476,0.2475,392218,237514,238621,DECISIVE,DECISIVE,DECISIVE,-1,-1,-1
Human_ELSPBP1_orthologues_DNA_l_100_a_5.dot,146,0.5028,0.3802,0.3736,490932,368998,353208,DECISIVE,DECISIVE,DECISIVE,-1,-1,-1
Human_UBE2L5_orthologues_DNA_l_100_a_4.dot,146,0.5022,0.3739,0.3793,466928,365530,370318,DECISIVE,DECISIVE,DECISIVE,-1,-1,-1
Human_LEAP2_orthologues_AA_l_100_a_6.dot,147,0.3480,0.2269,0.2277,339547,217895,219660,DECISIVE,DECISIVE,DECISIVE,-1,-1,-1
Human_LEAP2_orthologues_AA_l_300_a_6.dot,147,0.3553,0.2284,0.2302,344693,218088,219724,DECISIVE,DECISIVE,DECISIVE,-1,-1,-1
Human_LEAP2_orthologues_AA_l_500_a_6.dot,147,0.3628,0.2314,0.2330,348211,221003,223674,DECISIVE,DECISIVE,DECISIVE,-1,-1,-1
Human_OR10G8_orthologues_DNA_l_100_a_4.dot,148,0.5568,0.3871,0.3880,545291,377468,376210,DECISIVE,DECISIVE,DECISIVE,-1,-1,-1
Human_TRPC1_orthologues_AA_l_100_a_6.dot,150,0.4999,0.2862,0.2881,490422,276344,278041,DECISIVE,DECISIVE,DECISIVE,-1,-1,-1
Human_TUNAR_orthologues_DNA_l_100_a_6.dot,151,0.5094,0.3810,0.3848,498308,371584,354286,DECISIVE,DECISIVE,DECISIVE,-1,-1,-1
Human_FHIP1B_orthologues_AA_l_100_a_4.dot,151,0.4776,0.2713,0.2695,444977,263284,261713,DECISIVE,DECISIVE,DECISIVE,-1,-1,-1
Human_SLC22A2_orthologues_DNA_l_100_a_4.dot,159,0.6839,0.4778,0.4758,664808,460350,461736,DECISIVE,DECISIVE,DECISIVE,-1,-1,-1
Human_SLC22A2_orthologues_DNA_l_100_a_5.dot,159,0.6784,0.4715,0.4651,667197,462792,454473,DECISIVE,DECISIVE,DECISIVE,-1,-1,-1
Human_SLC22A2_orthologues_DNA_l_100_a_6.dot,159,0.6935,0.4813,0.4972,678258,472336,484218,DECISIVE,DECISIVE,DECISIVE,-1,-1,-1
Human_SLC22A2_orthologues_AA_l_100_a_4.dot,159,0.6553,0.3384,0.3371,643938,328472,328069,DECISIVE,DECISIVE,DECISIVE,-1,-1,-1
Human_FHIP1B_orthologues_AA_l_100_a_5.dot,160,0.5263,0.3363,0.3004,493156,291041,289192,DECISIVE,DECISIVE,DECISIVE,-1,-1,-1
Human_FHIP1B_orthologues_AA_l_100_a_6.dot,160,0.5143,0.3017,0.2986,502571,292806,288820,DECISIVE,DECISIVE,DECISIVE,-1,-1,-1
Human_OR10G8_orthologues_AA_l_100_a_5.dot,160,0.4957,0.2899,0.2899,477498,280440,277876,DECISIVE,DECISIVE,DECISIVE,-1,-1,-1
Human_DCSTAMP_orthologues_DNA_l_100_a_4.dot,161,0.7422,0.4865,0.4857,703174,476980,476499,DECISIVE,DECISIVE,DECISIVE,-1,-1,-1
Human_SLC22A2_orthologues_AA_l_100_a_5.dot,161,0.6667,0.3549,0.3499,654884,343419,341224,DECISIVE,DECISIVE,DECISIVE,-1,-1,-1
Human_SLC22A2_orthologues_AA_l_100_a_6.dot,161,0.6639,0.3528,0.3521,652436,343649,343505,DECISIVE,DECISIVE,DECISIVE,-1,-1,-1
Human_UBE2L5_orthologues_DNA_l_100_a_5.dot,162,0.5980,0.4406,0.4381,586193,431272,426945,DECISIVE,DECISIVE,DECISIVE,-1,-1,-1
Human_LEAP2_orthologues_DNA_l_100_a_4.dot,164,0.6423,0.4480,0.4472,630390,435754,437102,DECISIVE,DECISIVE,DECISIVE,-1,-1,-1
Human_C17orf67_orthologues_DNA_l_100_a_4.dot,165,0.6727,0.5651,0.5402,649931,529837,525649,DECISIVE,DECISIVE,DECISIVE,-1,-1,-1
Human_OR10G8_orthologues_DNA_l_100_a_5.dot,165,0.6395,0.4647,0.4605,625296,455791,452157,DECISIVE,DECISIVE,DECISIVE,-1,-1,-1
Human_UBE2L5_orthologues_DNA_l_100_a_6.dot,166,0.6535,0.4755,0.4773,638573,466675,467048,DECISIVE,DECISIVE,DECISIVE,-1,-1,-1
Human_DCSTAMP_orthologues_DNA_l_100_a_6.dot,168,0.7038,0.4874,0.4833,692463,476552,474606,DECISIVE,DECISIVE,DECISIVE,-1,-1,-1
Human_OR10G8_orthologues_DNA_l_100_a_6.dot,168,0.6633,0.4777,0.4746,642326,468491,465802,DECISIVE,DECISIVE,DECISIVE,-1,-1,-1
Human_ELSPBP1_orthologues_AA_l_100_a_5.dot,168,0.5076,0.3109,0.2859,498513,289321,277708,DECISIVE,DECISIVE,DECISIVE,-1,-1,-1
Human_LEAP2_orthologues_DNA_l_100_a_5.dot,170,0.6640,0.4671,0.4667,651652,457832,458011,DECISIVE,DECISIVE,DECISIVE,-1,-1,-1
Human_LEAP2_orthologues_DNA_l_100_a_6.dot,171,0.6692,0.4778,0.4839,653462,467232,475191,DECISIVE,DECISIVE,DECISIVE,-1,-1,-1
Human_LEAP2_orthologues_AA_k_3_l_2000_a_6.dot,172,0.4711,0.2957,0.2862,448456,286572,278050,DECISIVE,DECISIVE,DECISIVE,1,1,1
Human_ELSPBP1_orthologues_DNA_l_100_a_6.dot,174,0.7026,0.5521,0.5535,689199,541741,542439,DECISIVE,DECISIVE,DECISIVE,-1,-1,-1
Human_TRPC1_orthologues_DNA_l_100_a_4.dot,175,0.7076,0.4850,0.4736,690943,475312,464328,DECISIVE,DECISIVE,DECISIVE,-1,-1,-1
Human_TRPC1_orthologues_DNA_l_100_a_5.dot,175,0.6533,0.4784,0.4734,641475,456802,464568,DECISIVE,DECISIVE,DECISIVE,-1,-1,-1
Human_TRPC1_orthologues_DNA_l_100_a_6.dot,175,0.6767,0.4941,0.4933,661775,483640,472545,DECISIVE,DECISIVE,DECISIVE,-1,-1,-1
Human_OR10G8_orthologues_AA_l_100_a_6.dot,175,0.5269,0.3211,0.3203,517538,307382,302609,DECISIVE,DECISIVE,DECISIVE,-1,-1,-1
Human_FAM53A_orthologues_AA_l_100_a_5.dot,177,0.5406,0.3424,0.3476,531455,330018,334637,DECISIVE,DECISIVE,DECISIVE,-1,-1,-1
Human_SPA17_orthologues_AA_l_100_a_4.dot,177,0.7894,0.4278,0.4309,770671,418882,421283,DECISIVE,DECISIVE,DECISIVE,-1,-1,-1
Human_ZRANB3_orthologues_DNA_l_100_a_4.dot,179,0.7994,0.5947,0.5931,778119,567864,582138,DECISIVE,DECISIVE,DECISIVE,-1,-1,-1
Human_DCSTAMP_orthologues_DNA_l_100_a_5.dot,186,0.8689,0.6511,0.6424,848511,609828,625053,DECISIVE,DECISIVE,DECISIVE,-1,-1,-1
Human_C17orf67_orthologues_DNA_l_100_a_5.dot,190,0.8629,0.6751,0.6586,849005,634520,646877,DECISIVE,DECISIVE,DECISIVE,-1,-1,-1
Human_LEAP2_orthologues_AA_k_3_l_2000_a_7.dot,191,0.5369,0.3341,0.3330,527421,314010,322690,DECISIVE,DECISIVE,DECISIVE,1,1,1
Human_TUNAR_orthologues_DNA_k_4_l_2000_a_6.dot,193,0.2503,0.2655,0.1524,241569,257363,145586,DECISIVE,DECISIVE,DECISIVE,1,1,1
Human_LCP1_orthologues_DNA_l_100_a_4.dot,194,0.8520,0.6695,0.6718,836397,653669,660043,DECISIVE,DECISIVE,DECISIVE,-1,-1,-1
Human_TRAM1_orthologues_DNA_l_100_a_4.dot,196,0.9086,0.6988,0.7098,883526,685991,689229,DECISIVE,DECISIVE,DECISIVE,-1,-1,-1
Human_SHLD2_orthologues_AA_l_100_a_6.dot,196,0.8500,0.4479,0.4732,780917,435692,434018,DECISIVE,DECISIVE,DECISIVE,-1,-1,-1
Human_C17orf67_orthologues_DNA_l_100_a_6.dot,198,0.9353,0.7317,0.7063,922743,717529,695478,DECISIVE,DECISIVE,DECISIVE,-1,-1,-1
Human_GGT6_orthologues_DNA_l_100_a_4.dot,198,0.9007,0.6958,0.6783,888505,658180,664649,DECISIVE,DECISIVE,DECISIVE,-1,-1,-1
Human_BTBD17_orthologues_AA_l_100_a_4.dot,198,0.7318,0.4146,0.4159,714922,399679,402503,DECISIVE,DECISIVE,DECISIVE,-1,-1,-1
Human_TUNAR_orthologues_DNA_k_4_l_2000_a_7.dot,199,0.2642,0.2828,0.1520,256426,270245,145724,DECISIVE,DECISIVE,DECISIVE,1,1,1
Human_TUNAR_orthologues_DNA_k_4_l_2000_a_8.dot,200,0.2592,0.2708,0.1520,250120,263055,145258,DECISIVE,DECISIVE,DECISIVE,1,1,1
Human_BTBD17_orthologues_DNA_l_100_a_4.dot,200,0.8609,0.6714,0.6738,848809,660375,662611,DECISIVE,DECISIVE,DECISIVE,-1,-1,-1
Human_TRAM1_orthologues_DNA_l_100_a_5.dot,200,0.8978,0.6983,0.7061,881548,687007,690239,DECISIVE,DECISIVE,DECISIVE,-1,-1,-1
Human_TRAM1_orthologues_DNA_l_100_a_6.dot,200,0.8978,0.7090,0.6913,885312,693249,680214,DECISIVE,DECISIVE,DECISIVE,-1,-1,-1
Human_FAM53A_orthologues_DNA_l_100_a_4.dot,201,0.8714,0.7324,0.7089,844864,697733,697761,DECISIVE,DECISIVE,DECISIVE,-1,-1,-1
Human_LEAP2_orthologues_AA_k_4_l_2000_a_6.dot,203,1.1530,0.6463,0.6386,1132080,626045,620085,DECISIVE,DECISIVE,DECISIVE,1,1,1
Human_SHLD2_orthologues_DNA_l_100_a_4.dot,203,1.0376,0.7895,0.7814,1022130,769446,769052,DECISIVE,DECISIVE,DECISIVE,-1,-1,-1
Human_SHLD2_orthologues_DNA_l_100_a_5.dot,203,1.0451,0.7987,0.7909,1031190,778660,775686,DECISIVE,DECISIVE,DECISIVE,-1,-1,-1
Human_CLPX_orthologues_AA_l_100_a_4.dot,203,0.8263,0.4535,0.4502,803296,442922,440383,DECISIVE,DECISIVE,DECISIVE,-1,-1,-1
Human_CEP57L1_orthologues_DNA_l_100_a_4.dot,204,1.0690,0.7602,0.7774,984245,736120,738512,DECISIVE,DECISIVE,DECISIVE,-1,-1,-1
Human_ZRANB3_orthologues_DNA_l_100_a_5.dot,204,0.9560,0.7510,0.7832,939963,738536,747908,DECISIVE,DECISIVE,DECISIVE,-1,-1,-1
Human_GGT6_orthologues_DNA_l_100_a_5.dot,205,1.0107,0.7766,0.7817,996340,761916,762982,DECISIVE,DECISIVE,DECISIVE,-1,-1,-1
Human_GGT6_orthologues_DNA_l_100_a_6.dot,205,1.0018,0.7576,0.7504,987469,736944,732849,DECISIVE,DECISIVE,DECISIVE,-1,-1,-1
Human_LCP1_orthologues_DNA_l_100_a_5.dot,206,0.9390,0.7365,0.7542,925989,723973,735731,DECISIVE,DECISIVE,DECISIVE,-1,-1,-1
Human_ELSPBP1_orthologues_AA_l_100_a_6.dot,206,0.7535,0.4196,0.4167,740749,405982,402183,DECISIVE,DECISIVE,DECISIVE,-1,-1,-1
Human_ZRANB3_orthologues_AA_l_100_a_4.dot,206,0.8221,0.4478,0.4703,795524,435457,437308,DECISIVE,DECISIVE,DECISIVE,-1,-1,-1
Human_CLPX_orthologues_DNA_l_100_a_4.dot,207,1.2000,0.9222,0.8875,1183220,881123,874444,DECISIVE,DECISIVE,DECISIVE,-1,-1,-1
Human_C17orf67_orthologues_AA_l_100_a_4.dot,208,0.9095,0.5397,0.5429,893584,526986,526514,DECISIVE,DECISIVE,DECISIVE,-1,-1,-1
Human_LEAP2_orthologues_AA_k_3_l_2000_a_8.dot,211,0.6480,0.3924,0.3898,637429,379744,373825,DECISIVE,DECISIVE,DECISIVE,1,1,1
Human_CEP57L1_orthologues_AA_l_100_a_4.dot,212,1.0622,0.6352,0.6017,1041430,587562,589298,DECISIVE,DECISIVE,DECISIVE,-1,-1,-1
Human_CEP57L1_orthologues_DNA_l_100_a_5.dot,213,1.0783,0.8268,0.8299,1044690,814724,817727,DECISIVE,DECISIVE,DECISIVE,-1,-1,-1
Human_FAM53A_orthologues_DNA_l_100_a_5.dot,213,0.9694,0.7998,0.7985,955480,785194,781832,DECISIVE,DECISIVE,DECISIVE,-1,-1,-1
Human_SHLD2_orthologues_AA_l_100_a_4.dot,214,0.9914,0.5803,0.5801,975448,564201,565978,DECISIVE,DECISIVE,DECISIVE,-1,-1,-1
Human_SHLD2_orthologues_AA_l_100_a_5.dot,214,0.9615,0.5658,0.5652,943356,551655,550736,DECISIVE,DECISIVE,DECISIVE,-1,-1,-1
Human_LCP1_orthologues_DNA_l_100_a_6.dot,215,1.0128,0.8561,0.8133,994809,798212,787301,DECISIVE,DECISIVE,DECISIVE,-1,-1,-1
Human_FAM53A_orthologues_DNA_l_100_a_6.dot,216,0.9801,0.8290,0.8047,966182,770755,791613,DECISIVE,DECISIVE,DECISIVE,-1,-1,-1
Human_TRAM1_orthologues_AA_l_100_a_4.dot,216,0.9142,0.5368,0.5355,896939,523656,523634,DECISIVE,DECISIVE,DECISIVE,-1,-1,-1
Human_TRAM1_orthologues_AA_l_100_a_5.dot,220,0.9348,0.5586,0.5586,920867,546188,545445,DECISIVE,DECISIVE,DECISIVE,-1,-1,-1
Human_GGT6_orthologues_AA_l_100_a_4.dot,221,1.0640,0.6056,0.6033,1050960,591097,590863,DECISIVE,DECISIVE,DECISIVE,-1,-1,-1
Human_DCSTAMP_orthologues_AA_l_100_a_4.dot,222,1.0962,0.5964,0.5941,1072710,584669,582549,DECISIVE,DECISIVE,DECISIVE,-1,-1,-1
Human_TRAM1_orthologues_AA_l_100_a_6.dot,222,0.9449,0.5866,0.5562,931894,544154,544301,DECISIVE,DECISIVE,DECISIVE,-1,-1,-1
Human_LCP1_orthologues_AA_l_100_a_4.dot,223,0.9688,0.5492,0.5536,932060,538080,537724,DECISIVE,DECISIVE,DECISIVE,-1,-1,-1
Human_ZRANB3_orthologues_DNA_l_100_a_6.dot,224,1.1506,0.9157,0.9023,1135470,888504,887612,DECISIVE,DECISIVE,DECISIVE,-1,-1,-1
Human_LEAP2_orthologues_AA_k_4_l_2000_a_7.dot,226,1.5610,0.8109,0.8112,1488920,797508,794497,DECISIVE,DECISIVE,DECISIVE,1,1,1
Human_LEAP2_orthologues_AA_k_5_l_2000_a_6.dot,226,1.8576,0.9689,0.9586,1820000,953454,943265,DECISIVE,DECISIVE,DECISIVE,1,1,1
Human_LEAP2_orthologues_DNA_k_4_l_2000_a_6.dot,229,0.3405,0.3504,0.1742,332641,342486,165807,DECISIVE,DECISIVE,DECISIVE,1,1,1
Human_BTBD17_orthologues_AA_l_100_a_5.dot,229,0.9637,0.5571,0.5579,950176,545292,546218,DECISIVE,DECISIVE,DECISIVE,-1,-1,-1
Human_CLPX_orthologues_AA_l_100_a_5.dot,229,1.0286,0.5941,0.5995,987312,581886,585469,DECISIVE,DECISIVE,DECISIVE,-1,-1,-1
Human_BTBD17_orthologues_DNA_l_100_a_5.dot,231,1.2669,0.9748,1.0259,1251530,956661,963656,DECISIVE,DECISIVE,DECISIVE,-1,-1,-1
Human_LEAP2_orthologues_DNA_k_4_l_2000_a_7.dot,233,0.3511,0.3595,0.1771,341476,350716,168414,DECISIVE,DECISIVE,DECISIVE,1,1,1
Human_FAM53A_orthologues_AA_l_100_a_4.dot,234,1.1497,0.6512,0.6508,1131440,638885,637844,DECISIVE,DECISIVE,DECISIVE,-1,-1,-1
Human_UBE2L5_orthologues_AA_l_300_a_4.dot,235,1.5565,0.7773,0.8127,1525990,763152,761727,DECISIVE,DECISIVE,DECISIVE,-1,-1,-1
Human_UBE2L5_orthologues_AA_l_500_a_4.dot,235,1.5550,0.7760,0.7680,1535900,762525,754663,DECISIVE,DECISIVE,DECISIVE,-1,-1,-1
Human_ZRANB3_orthologues_AA_l_100_a_5.dot,235,1.0066,0.6094,0.5841,993419,568963,568109,DECISIVE,DECISIVE,DECISIVE,-1,-1,-1
Human_LEAP2_orthologues_DNA_k_4_l_2000_a_8.dot,236,0.3507,0.3733,0.1745,340987,353411,167522,DECISIVE,DECISIVE,DECISIVE,1,1,1
Human_ANGPTL4_orthologues_AA_l_100_a_4.dot,236,1.1453,0.6421,0.6367,1129890,629251,621497,DECISIVE,DECISIVE,DECISIVE,-1,-1,-1
Human_BTBD17_orthologues_AA_l_100_a_6.dot,237,1.0006,0.5783,0.5716,988012,566552,560063,DECISIVE,DECISIVE,DECISIVE,-1,-1,-1
Human_LCP1_orthologues_AA_l_100_a_5.dot,237,1.1187,0.6087,0.6081,1044880,596246,592759,DECISIVE,DECISIVE,DECISIVE,-1,-1,-1
Human_ANGPTL4_orthologues_DNA_l_100_a_4.dot,240,1.6251,1.0932,1.0966,1607600,1078410,1078370,DECISIVE,DECISIVE,DECISIVE,-1,-1,-1
Human_CEP57L1_orthologues_DNA_l_100_a_6.dot,240,1.3416,1.0764,1.0380,1323800,1027510,1020240,DECISIVE,DECISIVE,DECISIVE,-1,-1,-1
Human_CEP57L1_orthologues_AA_l_100_a_5.dot,242,1.4449,0.7963,0.7435,1422800,730576,722658,DECISIVE,DECISIVE,DECISIVE,-1,-1,-1
Human_LCP1_orthologues_AA_l_100_a_6.dot,242,1.0899,0.6635,0.6263,1076770,625290,612951,DECISIVE,DECISIVE,DECISIVE,-1,-1,-1
Human_C17orf67_orthologues_DNA_k_4_l_2000_a_6.dot,244,0.4085,0.3856,0.1883,362996,374940,181147,DECISIVE,DECISIVE,DECISIVE,1,1,1
Human_CLPX_orthologues_DNA_l_100_a_5.dot,244,1.7622,1.1821,1.2300,1684040,1151250,1166240,DECISIVE,DECISIVE,DECISIVE,-1,-1,-1
Human_CLPX_orthologues_AA_l_100_a_6.dot,244,1.1190,0.6345,0.6500,1101390,620438,624365,DECISIVE,DECISIVE,DECISIVE,-1,-1,-1
Human_BTBD17_orthologues_DNA_l_100_a_6.dot,247,1.4036,1.0350,1.0439,1364420,1007320,1029660,DECISIVE,DECISIVE,DECISIVE,-1,-1,-1
Human_DCSTAMP_orthologues_AA_l_100_a_5.dot,247,1.2407,0.6993,0.7392,1224910,685504,684295,DECISIVE,DECISIVE,DECISIVE,-1,-1,-1
Human_C17orf67_orthologues_DNA_k_4_l_2000_a_7.dot,248,0.3768,0.3761,0.1848,368358,364098,176766,DECISIVE,DECISIVE,DECISIVE,1,1,1
Human_UBE2L5_orthologues_AA_l_300_a_5.dot,248,1.8220,0.8157,0.8075,1742590,795165,766935,DECISIVE,DECISIVE,DECISIVE,-1,-1,-1
Human_UBE2L5_orthologues_AA_l_500_a_5.dot,248,1.7553,0.8019,0.8052,1736410,788261,791163,DECISIVE,DECISIVE,DECISIVE,-1,-1,-1
Human_LEAP2_orthologues_AA_k_4_l_2000_a_8.dot,250,2.1189,0.9913,1.0028,2030640,966166,949333,DECISIVE,DECISIVE,DECISIVE,1,1,1
Human_C17orf67_orthologues_DNA_k_4_l_2000_a_8.dot,251,0.3733,0.3896,0.1881,362069,362913,181282,DECISIVE,DECISIVE,DECISIVE,1,1,1
Human_TUNAR_orthologues_DNA_l_300_a_4.dot,251,2.4170,1.6552,1.6047,2395800,1587800,1585020,DECISIVE,DECISIVE,DECISIVE,-1,-1,-1
Human_TUNAR_orthologues_DNA_l_500_a_4.dot,251,2.4286,1.5706,1.6069,2396150,1550530,1584980,DECISIVE,DECISIVE,DECISIVE,-1,-1,-1
Human_LEAP2_orthologues_AA_k_5_l_2000_a_7.dot,254,2.4476,1.1776,1.1270,2376130,1136050,1111450,DECISIVE,DECISIVE,DECISIVE,1,1,1
Human_SLC38A9_orthologues_DNA_l_100_a_4.dot,254,1.7385,1.2860,1.2720,1719460,1268660,1255640,DECISIVE,DECISIVE,DECISIVE,-1,-1,-1
Human_C17orf67_orthologues_AA_l_300_a_4.dot,254,1.7312,0.8064,0.8042,1692060,792718,760795,DECISIVE,DECISIVE,DECISIVE,-1,-1,-1
Human_C17orf67_orthologues_AA_l_500_a_4.dot,254,1.7381,0.8044,0.8030,1661750,791019,783885,DECISIVE,DECISIVE,DECISIVE,-1,-1,-1
Human_UBE2L5_orthologues_DNA_k_4_l_2000_a_6.dot,255,0.3515,0.3676,0.1605,342091,358822,153794,DECISIVE,DECISIVE,DECISIVE,1,1,1
Human_CLPX_orthologues_DNA_l_100_a_6.dot,257,1.8158,1.3250,1.3395,1784430,1264240,1306540,DECISIVE,DECISIVE,DECISIVE,-1,-1,-1
Human_ELSPBP1_orthologues_DNA_k_4_l_2000_a_6.dot,259,0.3832,0.3938,0.1768,365064,384472,169056,DECISIVE,DECISIVE,DECISIVE,1,1,1
Human_UBE2L5_orthologues_DNA_k_4_l_2000_a_7.dot,259,0.3540,0.3705,0.1594,325549,341275,152373,DECISIVE,DECISIVE,DECISIVE,1,1,1
Human_ZRANB3_orthologues_AA_l_100_a_6.dot,259,1.1063,0.6316,0.6363,1089680,619263,619231,DECISIVE,DECISIVE,DECISIVE,-1,-1,-1
Human_C17orf67_orthologues_AA_l_100_a_5.dot,260,1.5355,0.7476,0.7426,1517340,734590,729668,DECISIVE,DECISIVE,DECISIVE,-1,-1,-1
Human_ELSPBP1_orthologues_DNA_k_4_l_2000_a_7.dot,261,0.4369,0.4021,0.1842,388239,393936,176832,DECISIVE,DECISIVE,DECISIVE,1,1,1
Human_ELSPBP1_orthologues_DNA_k_4_l_2000_a_8.dot,261,0.3891,0.4048,0.1860,380196,393408,178375,DECISIVE,DECISIVE,DECISIVE,1,1,1
Human_RPS27A_orthologues_DNA_k_4_l_2000_a_6.dot,262,0.3822,0.3942,0.1797,370112,385834,171986,DECISIVE,DECISIVE,DECISIVE,1,1,1
Human_RPS27A_orthologues_DNA_k_4_l_2000_a_7.dot,262,0.3827,0.3961,0.1806,367257,379583,174040,DECISIVE,DECISIVE,DECISIVE,1,1,1
Human_SLC38A9_orthologues_DNA_k_4_l_2000_a_6.dot,263,0.3762,0.3897,0.1723,366463,381070,165187,DECISIVE,DECISIVE,DECISIVE,1,1,1
Human_SLC38A9_orthologues_DNA_k_4_l_2000_a_7.dot,263,0.3758,0.3946,0.1735,366872,379511,166296,DECISIVE,DECISIVE,DECISIVE,1,1,1
Human_LCP1_orthologues_DNA_k_4_l_2000_a_6.dot,264,0.3873,0.3989,0.1821,376625,389481,173107,DECISIVE,DECISIVE,DECISIVE,1,1,1
Human_LCP1_orthologues_DNA_k_4_l_2000_a_7.dot,264,0.3915,0.3972,0.1792,376167,388388,172359,DECISIVE,DECISIVE,DECISIVE,1,1,1
Human_LCP1_orthologues_DNA_k_4_l_2000_a_8.dot,264,0.3903,0.4001,0.1825,377343,391628,173948,DECISIVE,DECISIVE,DECISIVE,1,1,1
Human_TRAM1_orthologues_DNA_k_4_l_2000_a_6.dot,264,0.3921,0.3998,0.1811,380691,391301,174280,DECISIVE,DECISIVE,DECISIVE,1,1,1
Human_UBE2L5_orthologues_AA_l_300_a_6.dot,264,1.9127,0.8635,0.8630,1882780,826879,844772,DECISIVE,DECISIVE,DECISIVE,-1,-1,-1
Human_UBE2L5_orthologues_AA_l_500_a_6.dot,264,1.9140,0.8661,0.8534,1860150,852053,839204,DECISIVE,DECISIVE,DECISIVE,-1,-1,-1
Human_TRAM1_orthologues_DNA_k_4_l_2000_a_7.dot,265,0.3828,0.3912,0.1786,371245,383155,172625,DECISIVE,DECISIVE,DECISIVE,1,1,1
Human_TRAM1_orthologues_DNA_k_4_l_2000_a_8.dot,265,0.3736,0.3928,0.1803,365502,382551,173195,DECISIVE,DECISIVE,DECISIVE,1,1,1
Human_SLC38A9_orthologues_DNA_k_4_l_2000_a_8.dot,266,0.3862,0.3648,0.1731,376280,356712,166788,DECISIVE,DECISIVE,DECISIVE,1,1,1
Human_UBE2L5_orthologues_DNA_k_4_l_2000_a_8.dot,266,0.3675,0.3933,0.1778,358526,383409,170785,DECISIVE,DECISIVE,DECISIVE,1,1,1
Human_BTBD17_orthologues_DNA_k_4_l_2000_a_6.dot,267,0.3988,0.4151,0.1867,389172,406370,180495,DECISIVE,DECISIVE,DECISIVE,1,1,1
Human_BTBD17_orthologues_DNA_k_4_l_2000_a_7.dot,267,0.4029,0.4237,0.1861,393371,410907,179950,DECISIVE,DECISIVE,DECISIVE,1,1,1
Human_CEP57L1_orthologues_DNA_k_4_l_2000_a_6.dot,267,0.4027,0.4191,0.1849,391921,409260,178327,DECISIVE,DECISIVE,DECISIVE,1,1,1
Human_DCSTAMP_orthologues_DNA_k_4_l_2000_a_6.dot,267,0.3867,0.3990,0.1822,378322,389574,176025,DECISIVE,DECISIVE,DECISIVE,1,1,1
Human_GGT6_orthologues_DNA_k_4_l_2000_a_6.dot,267,0.3851,0.3987,0.1839,375499,390146,177661,DECISIVE,DECISIVE,DECISIVE,1,1,1
Human_OR10G8_orthologues_DNA_k_4_l_2000_a_6.dot,267,0.3894,0.4056,0.1890,381065,397364,182511,DECISIVE,DECISIVE,DECISIVE,1,1,1
Human_ANGPTL4_orthologues_DNA_l_100_a_5.dot,267,1.8324,1.3617,1.3777,1802520,1344750,1341750,DECISIVE,DECISIVE,DECISIVE,-1,-1,-1
Human_GGT6_orthologues_AA_l_100_a_5.dot,267,1.7082,0.8200,0.8139,1687600,805438,800747,DECISIVE,DECISIVE,DECISIVE,-1,-1,-1
Human_GGT6_orthologues_AA_l_100_a_6.dot,267,1.6476,0.7990,0.8012,1627240,773963,781573,DECISIVE,DECISIVE,DECISIVE,-1,-1,-1
Human_OR10G8_orthologues_DNA_k_4_l_2000_a_7.dot,268,0.4058,0.4174,0.1931,397119,408733,186448,DECISIVE,DECISIVE,DECISIVE,1,1,1
Human_OR10G8_orthologues_DNA_k_4_l_2000_a_8.dot,268,0.4093,0.4214,0.1911,400665,412713,184912,DECISIVE,DECISIVE,DECISIVE,1,1,1
Human_SLC22A2_orthologues_DNA_k_4_l_2000_a_6.dot,268,0.3859,0.4016,0.1835,377670,388334,176622,DECISIVE,DECISIVE,DECISIVE,1,1,1
Human_STAU2_orthologues_DNA_k_4_l_2000_a_6.dot,268,0.3878,0.3965,0.1826,378670,388263,175693,DECISIVE,DECISIVE,DECISIVE,1,1,1
Human_BTBD17_orthologues_DNA_k_4_l_2000_a_8.dot,269,0.3934,0.4078,0.1913,383987,396326,184204,DECISIVE,DECISIVE,DECISIVE,1,1,1
Human_CEP57L1_orthologues_DNA_k_4_l_2000_a_7.dot,269,0.4001,0.4236,0.1905,391552,407946,184266,DECISIVE,DECISIVE,DECISIVE,1,1,1
Human_CEP57L1_orthologues_DNA_k_4_l_2000_a_8.dot,269,0.4079,0.4220,0.1908,398048,411440,183117,DECISIVE,DECISIVE,DECISIVE,1,1,1
Human_CLPX_orthologues_DNA_k_4_l_2000_a_6.dot,269,0.3948,0.4112,0.1838,386316,401254,177306,DECISIVE,DECISIVE,DECISIVE,1,1,1
Human_CLPX_orthologues_DNA_k_4_l_2000_a_7.dot,269,0.3906,0.4145,0.1884,378884,402111,179318,DECISIVE,DECISIVE,DECISIVE,1,1,1
Human_CLPX_orthologues_DNA_k_4_l_2000_a_8.dot,269,0.4008,0.4188,0.1875,387169,409353,180727,DECISIVE,DECISIVE,DECISIVE,1,1,1
Human_DCSTAMP_orthologues_DNA_k_4_l_2000_a_7.dot,269,0.4086,0.4262,0.1933,399736,417237,186931,DECISIVE,DECISIVE,DECISIVE,1,1,1
Human_DCSTAMP_orthologues_DNA_k_4_l_2000_a_8.dot,269,0.4134,0.4257,0.1963,402667,416971,188491,DECISIVE,DECISIVE,DECISIVE,1,1,1
Human_DOCK4_orthologues_DNA_k_4_l_2000_a_6.dot,269,0.4170,0.4322,0.1897,405493,421239,183110,DECISIVE,DECISIVE,DECISIVE,1,1,1
Human_DOCK4_orthologues_DNA_k_4_l_2000_a_7.dot,269,0.4077,0.4249,0.1892,399282,415019,182645,DECISIVE,DECISIVE,DECISIVE,1,1,1
Human_STAU2_orthologues_DNA_k_4_l_2000_a_7.dot,269,0.4087,0.4257,0.1879,399739,416411,181326,DECISIVE,DECISIVE,DECISIVE,1,1,1
Human_STAU2_orthologues_DNA_k_4_l_2000_a_8.dot,269,0.3942,0.4065,0.1821,385854,395388,175894,DECISIVE,DECISIVE,DECISIVE,1,1,1
Human_ANGPTL4_orthologues_AA_l_100_a_5.dot,269,1.5126,0.7382,0.7343,1481880,707939,719026,DECISIVE,DECISIVE,DECISIVE,-1,-1,-1
Human_GGT6_orthologues_DNA_k_4_l_2000_a_7.dot,270,0.4214,0.4330,0.1978,409303,422600,190809,DECISIVE,DECISIVE,DECISIVE,1,1,1
Human_SHLD2_orthologues_DNA_k_4_l_2000_a_6.dot,270,0.4136,0.4305,0.1943,403714,419744,186076,DECISIVE,DECISIVE,DECISIVE,1,1,1
Human_SHLD2_orthologues_DNA_k_4_l_2000_a_7.dot,270,0.4128,0.4261,0.1896,401256,417277,182666,DECISIVE,DECISIVE,DECISIVE,1,1,1
Human_SLC22A2_orthologues_DNA_k_4_l_2000_a_7.dot,270,0.4095,0.4145,0.1935,401145,403467,185482,DECISIVE,DECISIVE,DECISIVE,1,1,1
Human_SPA17_orthologues_DNA_k_4_l_2000_a_6.dot,270,0.3996,0.4087,0.1877,389206,399689,181599,DECISIVE,DECISIVE,DECISIVE,1,1,1
Human_ANGPTL4_orthologues_DNA_k_4_l_2000_a_6.dot,271,0.4079,0.4199,0.2010,399463,411215,194595,DECISIVE,DECISIVE,DECISIVE,1,1,1
Human_FAM53A_orthologues_DNA_k_4_l_2000_a_6.dot,271,0.4097,0.4015,0.1922,401225,393021,185598,DECISIVE,DECISIVE,DECISIVE,1,1,1
Human_FHIP1B_orthologues_DNA_k_4_l_2000_a_6.dot,271,0.4139,0.4336,0.1976,399529,423068,191103,DECISIVE,DECISIVE,DECISIVE,1,1,1
Human_FHIP1B_orthologues_DNA_k_4_l_2000_a_7.dot,271,0.4247,0.4393,0.1965,416278,430585,190015,DECISIVE,DECISIVE,DECISIVE,1,1,1
Human_ZRANB3_orthologues_DNA_k_4_l_2000_a_6.dot,271,0.4189,0.4332,0.2001,408737,424418,192144,DECISIVE,DECISIVE,DECISIVE,1,1,1
Human_TUNAR_orthologues_DNA_l_300_a_5.dot,271,2.6406,1.7989,1.8142,2618690,1767070,1777520,DECISIVE,DECISIVE,DECISIVE,-1,-1,-1
Human_TUNAR_orthologues_DNA_l_500_a_5.dot,271,2.7235,1.8336,1.8262,2678470,1815270,1806920,DECISIVE,DECISIVE,DECISIVE,-1,-1,-1
Human_DCSTAMP_orthologues_AA_l_100_a_6.dot,271,1.6740,0.7944,0.8030,1607680,780745,788026,DECISIVE,DECISIVE,DECISIVE,-1,-1,-1
Human_DOCK4_orthologues_DNA_k_4_l_2000_a_8.dot,272,0.4194,0.4368,0.1998,410424,426864,191538,DECISIVE,DECISIVE,DECISIVE,1,1,1
Human_FAM53A_orthologues_DNA_k_4_l_2000_a_7.dot,272,0.4063,0.4209,0.1973,397577,412324,186539,DECISIVE,DECISIVE,DECISIVE,1,1,1
Human_GGT6_orthologues_DNA_k_4_l_2000_a_8.dot,272,0.4103,0.4301,0.1998,401521,421122,190630,DECISIVE,DECISIVE,DECISIVE,1,1,1
Human_RPS27A_orthologues_DNA_k_4_l_2000_a_8.dot,272,0.4181,0.4109,0.2001,409883,402181,191042,DECISIVE,DECISIVE,DECISIVE,1,1,1
Human_SHLD2_orthologues_DNA_k_4_l_2000_a_8.dot,272,0.4095,0.4329,0.1936,400825,420665,185063,DECISIVE,DECISIVE,DECISIVE,1,1,1
Human_SPA17_orthologues_DNA_k_4_l_2000_a_7.dot,272,0.4014,0.4153,0.1986,392837,406351,191836,DECISIVE,DECISIVE,DECISIVE,1,1,1
Human_SPA17_orthologues_DNA_k_4_l_2000_a_8.dot,272,0.4141,0.4252,0.1987,405605,406538,191963,DECISIVE,DECISIVE,DECISIVE,1,1,1
Human_TRPC1_orthologues_DNA_k_4_l_2000_a_6.dot,272,0.4219,0.4302,0.2042,405338,411081,195473,DECISIVE,DECISIVE,DECISIVE,1,1,1
Human_ZRANB3_orthologues_DNA_k_4_l_2000_a_7.dot,272,0.4135,0.4252,0.1991,403000,414444,190779,DECISIVE,DECISIVE,DECISIVE,1,1,1
Human_ANGPTL4_orthologues_DNA_k_4_l_2000_a_7.dot,273,0.4343,0.4489,0.2080,423016,433834,199179,DECISIVE,DECISIVE,DECISIVE,1,1,1
Human_ANGPTL4_orthologues_DNA_k_4_l_2000_a_8.dot,273,0.4302,0.4371,0.2074,410583,420242,191159,DECISIVE,DECISIVE,DECISIVE,1,1,1
Human_SLC22A2_orthologues_DNA_k_4_l_2000_a_8.dot,273,0.3925,0.4391,0.2025,383873,423423,195368,DECISIVE,DECISIVE,DECISIVE,1,1,1
Human_FHIP1B_orthologues_DNA_k_4_l_2000_a_8.dot,274,0.4324,0.4486,0.2096,414396,435908,202957,DECISIVE,DECISIVE,DECISIVE,1,1,1
Human_TRPC1_orthologues_DNA_k_4_l_2000_a_7.dot,274,0.4373,0.4536,0.2109,425709,439187,203561,DECISIVE,DECISIVE,DECISIVE,1,1,1
Human_ZRANB3_orthologues_DNA_k_4_l_2000_a_8.dot,274,0.4378,0.4605,0.2074,428297,428708,199249,DECISIVE,DECISIVE,DECISIVE,1,1,1
Human_FAM53A_orthologues_DNA_k_4_l_2000_a_8.dot,275,0.4611,0.4494,0.2133,435381,436575,204096,DECISIVE,DECISIVE,DECISIVE,1,1,1
Human_TRPC1_orthologues_DNA_k_4_l_2000_a_8.dot,275,0.4476,0.4558,0.2122,437410,447030,204082,DECISIVE,DECISIVE,DECISIVE,1,1,1
Human_C17orf67_orthologues_AA_l_100_a_6.dot,275,1.6727,0.8126,0.8068,1639640,795831,790817,DECISIVE,DECISIVE,DECISIVE,-1,-1,-1
Human_FAM53A_orthologues_AA_l_100_a_6.dot,277,1.6283,0.8116,0.8095,1610800,800231,798273,DECISIVE,DECISIVE,DECISIVE,-1,-1,-1
Human_SLC38A9_orthologues_DNA_l_100_a_5.dot,278,1.9638,1.4828,1.4890,1938380,1458510,1456310,DECISIVE,DECISIVE,DECISIVE,-1,-1,-1
Human_LEAP2_orthologues_AA_k_5_l_2000_a_8.dot,281,3.2176,1.5899,1.5934,3192830,1521950,1568570,DECISIVE,DECISIVE,DECISIVE,1,1,1
Human_CEP57L1_orthologues_AA_l_100_a_6.dot,283,2.1084,0.9733,0.9769,2080690,955213,958464,DECISIVE,DECISIVE,DECISIVE,-1,-1,-1
Human_TUNAR_orthologues_DNA_l_300_a_6.dot,284,2.9011,1.9974,1.9869,2864100,1977360,1967270,DECISIVE,DECISIVE,DECISIVE,-1,-1,-1
Human_TUNAR_orthologues_DNA_l_500_a_6.dot,284,2.8652,1.9800,1.9652,2816980,1929530,1893860,DECISIVE,DECISIVE,DECISIVE,-1,-1,-1
Human_SLC38A9_orthologues_AA_l_100_a_4.dot,289,1.9532,0.9275,0.9322,1877450,894767,875197,DECISIVE,DECISIVE,DECISIVE,-1,-1,-1
Human_UBE2L5_orthologues_AA_k_3_l_2000_a_6.dot,293,1.2726,0.7461,0.7430,1232340,721920,728684,DECISIVE,DECISIVE,DECISIVE,1,1,1
Human_DOCK4_orthologues_DNA_l_300_a_4.dot,299,6.0549,4.5797,4.9433,6012700,4544800,4882430,DECISIVE,DECISIVE,DECISIVE,1,1,1
Human_DOCK4_orthologues_DNA_l_300_a_5.dot,299,6.1955,4.9951,5.0537,6137540,4958300,5014400,DECISIVE,DECISIVE,DECISIVE,1,1,1
Human_ANGPTL4_orthologues_DNA_l_100_a_6.dot,301,2.2181,1.6839,1.7172,2195970,1662550,1698240,DECISIVE,DECISIVE,DECISIVE,-1,-1,-1
Human_ANGPTL4_orthologues_AA_l_100_a_6.dot,307,2.1122,0.9686,0.9576,2083760,950032,942560,DECISIVE,DECISIVE,DECISIVE,-1,-1,-1
Human_C17orf67_orthologues_AA_l_300_a_5.dot,308,2.5291,1.1716,1.1622,2425470,1148020,1144620,DECISIVE,DECISIVE,DECISIVE,-1,-1,-1
Human_C17orf67_orthologues_AA_l_500_a_5.dot,308,2.4833,1.1675,1.1779,2436340,1146460,1156220,DECISIVE,DECISIVE,DECISIVE,-1,-1,-1
Human_SLC38A9_orthologues_DNA_l_100_a_6.dot,310,2.3878,1.9594,1.8113,2353610,1891650,1791120,DECISIVE,DECISIVE,DECISIVE,-1,-1,-1
Human_SLC38A9_orthologues_AA_l_100_a_5.dot,322,2.3527,1.2172,1.1701,2331060,1196990,1153870,DECISIVE,DECISIVE,DECISIVE,-1,-1,-1
Human_TUNAR_orthologues_DNA_k_5_l_2000_a_6.dot,328,2.4954,1.9442,1.9469,2421700,1922220,1924710,DECISIVE,DECISIVE,DECISIVE,1,1,1
Human_STAU2_orthologues_DNA_l_300_a_6.dot,332,6.4532,4.1354,3.9367,6398540,4044560,3844500,DECISIVE,DECISIVE,DECISIVE,-1,-1,-1
Human_STAU2_orthologues_DNA_l_300_a_4.dot,333,6.1700,4.1708,3.8281,6131100,4112340,3788580,DECISIVE,DECISIVE,DECISIVE,-1,-1,-1
Human_UBE2L5_orthologues_AA_k_3_l_2000_a_7.dot,337,1.8644,0.9687,1.0150,1823100,912279,992531,DECISIVE,DECISIVE,DECISIVE,1,1,1
Human_UBE2L5_orthologues_AA_k_4_l_2000_a_6.dot,338,5.5606,2.8980,2.9580,5517420,2865540,2914380,DECISIVE,DECISIVE,DECISIVE,1,1,1
Human_C17orf67_orthologues_AA_l_300_a_6.dot,342,2.9245,1.3989,1.3828,2898730,1378640,1364780,DECISIVE,DECISIVE,DECISIVE,-1,-1,-1
Human_C17orf67_orthologues_AA_l_500_a_6.dot,342,2.9278,1.4129,1.4015,2902590,1392600,1381580,DECISIVE,DECISIVE,DECISIVE,-1,-1,-1
Human_UBE2L5_orthologues_AA_k_3_l_2000_a_8.dot,345,1.9834,0.9902,1.0351,1944500,968359,971374,DECISIVE,DECISIVE,DECISIVE,1,1,1
Human_SLC38A9_orthologues_AA_l_100_a_6.dot,345,2.5840,1.3840,1.3316,2558610,1307920,1303200,DECISIVE,DECISIVE,DECISIVE,-1,-1,-1
Human_C17orf67_orthologues_AA_k_3_l_2000_a_6.dot,353,1.7315,0.9384,0.9106,1714000,910771,884967,DECISIVE,DECISIVE,DECISIVE,1,1,1
Human_TUNAR_orthologues_DNA_k_5_l_2000_a_7.dot,354,2.8016,2.1706,2.1783,2756540,2146550,2146870,DECISIVE,DECISIVE,DECISIVE,1,1,1
Human_TUNAR_orthologues_DNA_k_5_l_2000_a_8.dot,360,2.8932,2.2598,2.2980,2862190,2229160,2256860,DECISIVE,DECISIVE,DECISIVE,1,1,1
Human_UBE2L5_orthologues_AA_k_5_l_2000_a_6.dot,370,8.7403,4.5013,4.5561,8642140,4466530,4519790,DECISIVE,DECISIVE,DECISIVE,1,1,1
Human_LEAP2_orthologues_DNA_l_300_a_4.dot,373,6.2481,4.0441,4.0448,6165070,4004730,4002660,DECISIVE,DECISIVE,DECISIVE,-1,-1,-1
Human_LEAP2_orthologues_DNA_l_500_a_4.dot,373,6.2134,4.0619,4.1274,6144740,4029820,4048330,DECISIVE,DECISIVE,DECISIVE,-1,-1,-1
Human_SPA17_orthologues_DNA_l_300_a_5.dot,390,8.7694,5.4947,5.5513,8663140,5449270,5445170,DECISIVE,DECISIVE,DECISIVE,-1,-1,-1
Human_LEAP2_orthologues_DNA_l_300_a_5.dot,391,6.6748,4.4668,4.3788,6626630,4398660,4333670,DECISIVE,DECISIVE,DECISIVE,-1,-1,-1
Human_LEAP2_orthologues_DNA_l_500_a_5.dot,391,6.9480,4.7535,4.3696,6895450,4711640,4331640,DECISIVE,DECISIVE,DECISIVE,-1,-1,-1
Human_C17orf67_orthologues_AA_k_3_l_2000_a_7.dot,394,2.3184,1.1426,1.1458,2295510,1125700,1127340,DECISIVE,DECISIVE,DECISIVE,1,1,1
Human_UBE2L5_orthologues_AA_k_4_l_2000_a_7.dot,398,7.6362,4.6156,4.3742,7586380,4579060,4340960,DECISIVE,DECISIVE,DECISIVE,1,1,1
Human_RPS27A_orthologues_DNA_l_300_a_4.dot,398,9.1441,5.6342,5.6520,9087150,5592560,5569160,DECISIVE,DECISIVE,DECISIVE,-1,-1,-1
Human_SPA17_orthologues_DNA_l_300_a_6.dot,398,8.9480,5.5723,5.5811,8891650,5470010,5491750,DECISIVE,DECISIVE,DECISIVE,-1,-1,-1
Human_LEAP2_orthologues_DNA_l_300_a_6.dot,403,7.0116,4.6236,4.6506,6917740,4584880,4601440,DECISIVE,DECISIVE,DECISIVE,-1,-1,-1
Human_LEAP2_orthologues_DNA_l_500_a_6.dot,403,6.9729,4.6242,4.5925,6891160,4585140,4553970,DECISIVE,DECISIVE,DECISIVE,-1,-1,-1
Human_RPS27A_orthologues_AA_l_300_a_4.dot,405,7.0212,3.3072,3.2718,6941230,3264540,3241260,DECISIVE,DECISIVE,DECISIVE,-1,-1,-1
Human_RPS27A_orthologues_AA_l_300_a_5.dot,405,6.9581,3.2958,3.2863,6898290,3264680,3254870,DECISIVE,DECISIVE,DECISIVE,-1,-1,-1
Human_C17orf67_orthologues_AA_k_4_l_2000_a_6.dot,406,9.5125,5.2484,5.1197,9461530,5205500,5066760,DECISIVE,DECISIVE,DECISIVE,1,1,1
Human_DOCK4_orthologues_AA_l_300_a_4.dot,407,7.3039,3.6080,3.5428,7258430,3576080,3508100,DECISIVE,DECISIVE,DECISIVE,-1,-1,-1
Human_DOCK4_orthologues_AA_l_300_a_5.dot,407,7.2964,3.5907,3.5296,7238340,3560060,3497500,DECISIVE,DECISIVE,DECISIVE,-1,-1,-1
Human_RPS27A_orthologues_AA_l_300_a_6.dot,407,7.0556,3.3069,3.2843,6960120,3276290,3216140,DECISIVE,DECISIVE,DECISIVE,-1,-1,-1
Human_STAU2_orthologues_DNA_l_300_a_5.dot,408,9.5448,5.8520,5.6661,9493150,5809320,5626720,DECISIVE,DECISIVE,DECISIVE,-1,-1,-1
Human_UBE2L5_orthologues_AA_k_4_l_2000_a_8.dot,409,8.0997,4.7950,4.7173,7998340,4760780,4678510,DECISIVE,DECISIVE,DECISIVE,1,1,1
Human_RPS27A_orthologues_DNA_l_300_a_5.dot,411,9.3712,5.9362,5.4719,9305870,5874670,5431690,DECISIVE,DECISIVE,DECISIVE,-1,-1,-1
Human_OR10G8_orthologues_DNA_l_300_a_4.dot,412,8.7119,5.4006,5.1314,8664160,5299010,5091640,DECISIVE,DECISIVE,DECISIVE,-1,-1,-1
Human_OR10G8_orthologues_AA_l_300_a_4.dot,417,7.1472,3.2240,3.1985,7071210,3194470,3140940,DECISIVE,DECISIVE,DECISIVE,-1,-1,-1
Human_SPA17_orthologues_AA_l_300_a_5.dot,421,8.2060,3.8510,3.7662,8143460,3812930,3703920,DECISIVE,DECISIVE,DECISIVE,-1,-1,-1
Human_DOCK4_orthologues_DNA_l_300_a_6.dot,422,10.1615,6.2040,5.8957,10094400,6087360,5857680,DECISIVE,DECISIVE,DECISIVE,-1,-1,-1
Human_C17orf67_orthologues_AA_k_3_l_2000_a_8.dot,424,2.5379,1.1907,1.2236,2518730,1175800,1185410,DECISIVE,DECISIVE,DECISIVE,1,1,1
Human_ELSPBP1_orthologues_DNA_l_300_a_4.dot,427,9.2782,5.7777,5.5873,9231950,5740410,5496130,DECISIVE,DECISIVE,DECISIVE,-1,-1,-1
Human_SPA17_orthologues_AA_l_300_a_6.dot,427,8.4652,3.9548,4.0136,8415460,3877900,3903820,DECISIVE,DECISIVE,DECISIVE,-1,-1,-1
Human_RPS27A_orthologues_DNA_l_300_a_6.dot,428,10.6698,6.2665,6.0843,10615700,6149200,5922270,DECISIVE,DECISIVE,DECISIVE,-1,-1,-1
Human_C17orf67_orthologues_AA_k_5_l_2000_a_6.dot,433,14.2990,7.1962,7.0903,14215900,7157160,6747260,DECISIVE,DECISIVE,DECISIVE,1,1,1
Human_UBE2L5_orthologues_AA_k_5_l_2000_a_7.dot,440,12.9964,7.2018,6.4519,12840100,7157280,6325180,DECISIVE,DECISIVE,DECISIVE,1,1,1
Human_OR10G8_orthologues_AA_l_500_a_4.dot,440,8.2465,3.6610,3.7002,8203480,3623700,3669880,DECISIVE,DECISIVE,DECISIVE,-1,-1,-1
Human_LEAP2_orthologues_DNA_k_5_l_2000_a_6.dot,450,4.4704,3.4814,3.5458,4432090,3456220,3520300,DECISIVE,DECISIVE,DECISIVE,1,1,1
Human_ELSPBP1_orthologues_AA_l_300_a_4.dot,451,7.6904,3.4098,3.4692,7592390,3379420,3438860,DECISIVE,DECISIVE,DECISIVE,-1,-1,-1
Human_ELSPBP1_orthologues_AA_l_500_a_4.dot,451,7.8262,3.4336,3.2922,7731640,3403940,3240780,DECISIVE,DECISIVE,DECISIVE,-1,-1,-1
Human_UBE2L5_orthologues_AA_k_5_l_2000_a_8.dot,454,14.7458,7.2781,7.7265,14620900,7228070,7647320,DECISIVE,DECISIVE,DECISIVE,1,1,1
Human_OR10G8_orthologues_DNA_l_300_a_5.dot,457,10.9802,6.5990,6.1087,10898200,6553140,6020420,DECISIVE,DECISIVE,DECISIVE,-1,-1,-1
Human_C17orf67_orthologues_AA_k_4_l_2000_a_7.dot,460,13.1279,7.1798,6.7227,13069300,7076680,6683730,DECISIVE,DECISIVE,DECISIVE,1,1,1
Human_FHIP1B_orthologues_DNA_l_300_a_4.dot,465,12.7439,7.1941,7.2829,12673700,7155680,7241990,DECISIVE,DECISIVE,DECISIVE,-1,-1,-1
Human_TRPC1_orthologues_AA_l_300_a_4.dot,467,10.1243,3.9962,3.8723,10046200,3963260,3795550,DECISIVE,DECISIVE,DECISIVE,-1,-1,-1
Human_OR10G8_orthologues_AA_l_300_a_5.dot,471,8.7850,3.9226,3.8412,8707550,3880180,3787830,DECISIVE,DECISIVE,DECISIVE,-1,-1,-1
Human_OR10G8_orthologues_DNA_l_300_a_6.dot,473,11.7602,6.8634,6.5892,11703100,6794540,6514920,DECISIVE,DECISIVE,DECISIVE,-1,-1,-1
Human_UBE2L5_orthologues_DNA_l_300_a_4.dot,473,12.0060,6.9327,7.1343,11882700,6741290,7039700,DECISIVE,DECISIVE,DECISIVE,-1,-1,-1
Human_LEAP2_orthologues_DNA_k_5_l_2000_a_7.dot,475,5.0119,4.0426,4.3531,4874870,3965610,4317880,DECISIVE,DECISIVE,DECISIVE,1,1,1
Human_ELSPBP1_orthologues_DNA_l_300_a_5.dot,482,12.5659,7.2882,7.2971,12502600,7196590,7210680,DECISIVE,DECISIVE,DECISIVE,-1,-1,-1
Human_SLC22A2_orthologues_DNA_l_300_a_4.dot,484,14.7399,8.4871,7.9978,14672400,8419890,7913500,DECISIVE,DECISIVE,DECISIVE,-1,-1,-1
Human_SLC22A2_orthologues_DNA_l_300_a_5.dot,486,14.7993,8.4979,8.1296,14729100,8444570,8026180,DECISIVE,DECISIVE,DECISIVE,-1,-1,-1
Human_SLC22A2_orthologues_DNA_l_300_a_6.dot,486,14.6474,8.6726,8.0703,14580100,8582260,7973460,DECISIVE,DECISIVE,DECISIVE,-1,-1,-1
Human_DOCK4_orthologues_AA_l_300_a_6.dot,491,11.0797,4.7587,4.8463,11014600,4720200,4772110,DECISIVE,DECISIVE,DECISIVE,-1,-1,-1
Human_C17orf67_orthologues_AA_k_5_l_2000_a_7.dot,494,20.0735,10.9360,10.7466,19991700,10850700,10690200,DECISIVE,DECISIVE,DECISIVE,1,1,1
Human_STAU2_orthologues_AA_l_300_a_4.dot,494,11.4185,4.7983,4.8086,11301400,4753020,4722110,DECISIVE,DECISIVE,DECISIVE,-1,-1,-1
Human_STAU2_orthologues_AA_l_300_a_6.dot,495,12.1193,4.7861,4.6643,12052600,4752630,4499460,DECISIVE,DECISIVE,DECISIVE,-1,-1,-1
Human_FAM53A_orthologues_DNA_l_300_a_5.dot,496,10.9603,6.2173,6.0337,10829200,6175980,5942140,DECISIVE,DECISIVE,DECISIVE,-1,-1,-1
Human_OR10G8_orthologues_AA_l_500_a_5.dot,496,10.6013,4.4019,4.2113,10509000,4314920,4168470,DECISIVE,DECISIVE,DECISIVE,-1,-1,-1
Human_FHIP1B_orthologues_DNA_l_300_a_5.dot,497,14.3445,8.5881,8.6050,14237100,8504890,8516340,DECISIVE,DECISIVE,DECISIVE,-1,-1,-1
Human_FHIP1B_orthologues_DNA_l_300_a_6.dot,497,14.3814,8.6196,8.4752,14220000,8518420,8399000,DECISIVE,DECISIVE,DECISIVE,-1,-1,-1
Human_LEAP2_orthologues_DNA_k_5_l_2000_a_8.dot,499,5.1933,4.1916,4.5455,5121190,4153960,4513340,DECISIVE,DECISIVE,DECISIVE,1,1,1
Human_SPA17_orthologues_DNA_l_300_a_4.dot,501,17.0331,9.7684,9.7790,16963000,9699540,9672310,DECISIVE,DECISIVE,DECISIVE,-1,-1,-1
Human_C17orf67_orthologues_AA_k_4_l_2000_a_8.dot,505,16.4428,8.0740,7.7712,16324400,8019210,7720560,DECISIVE,DECISIVE,DECISIVE,1,1,1
Human_RPS27A_orthologues_AA_k_3_l_2000_a_6.dot,505,3.6327,1.8515,1.8005,3562240,1814500,1772640,DECISIVE,DECISIVE,DECISIVE,1,1,1
Human_RPS27A_orthologues_AA_k_3_l_2000_a_7.dot,505,3.5821,1.8905,1.8410,3557040,1870240,1806320,DECISIVE,DECISIVE,DECISIVE,1,1,1
Human_RPS27A_orthologues_AA_l_500_a_4.dot,506,12.8712,5.1667,5.0928,12812700,5124920,5059060,DECISIVE,DECISIVE,DECISIVE,-1,-1,-1
Human_FHIP1B_orthologues_AA_l_300_a_4.dot,511,11.3802,4.6692,4.7159,11319200,4636410,4663700,DECISIVE,DECISIVE,DECISIVE,-1,-1,-1
Human_RPS27A_orthologues_AA_k_3_l_2000_a_8.dot,516,3.7282,2.0054,1.8604,3645690,1979640,1836860,DECISIVE,DECISIVE,DECISIVE,1,1,1
Human_OR10G8_orthologues_AA_l_300_a_6.dot,516,10.0480,4.3304,4.3322,10006900,4299240,4291390,DECISIVE,DECISIVE,DECISIVE,-1,-1,-1
Human_UBE2L5_orthologues_DNA_l_300_a_5.dot,518,13.7755,8.4665,8.4946,13703500,8416410,8442670,DECISIVE,DECISIVE,DECISIVE,-1,-1,-1
Human_RPS27A_orthologues_AA_l_500_a_5.dot,522,14.4409,5.6699,5.5846,14344700,5611840,5546390,DECISIVE,DECISIVE,DECISIVE,-1,-1,-1
Human_TRPC1_orthologues_DNA_l_300_a_4.dot,525,14.8110,8.8202,8.8576,14716500,8768570,8806800,DECISIVE,DECISIVE,DECISIVE,-1,-1,-1
Human_TRPC1_orthologues_DNA_l_300_a_5.dot,525,14.6192,8.9056,8.9611,14534500,8845080,8863650,DECISIVE,DECISIVE,DECISIVE,-1,-1,-1
Human_ELSPBP1_orthologues_AA_l_300_a_5.dot,526,10.5061,4.2857,4.2128,10449500,4235940,4181230,DECISIVE,DECISIVE,DECISIVE,-1,-1,-1
Human_ELSPBP1_orthologues_AA_l_500_a_5.dot,526,10.5518,4.2132,4.1916,10495200,4182180,4160450,DECISIVE,DECISIVE,DECISIVE,-1,-1,-1
Human_RPS27A_orthologues_AA_l_500_a_6.dot,526,14.6966,5.7328,5.7635,14631800,5669840,5709600,DECISIVE,DECISIVE,DECISIVE,-1,-1,-1
Human_RPS27A_orthologues_AA_k_4_l_2000_a_6.dot,539,26.9134,13.1474,12.5965,26810900,13088200,12539800,DECISIVE,DECISIVE,DECISIVE,1,1,1
Human_RPS27A_orthologues_AA_k_4_l_2000_a_7.dot,539,26.0005,12.9561,12.8924,25906400,12898700,12832700,DECISIVE,DECISIVE,DECISIVE,1,1,1
Human_OR10G8_orthologues_AA_l_500_a_6.dot,541,12.0829,4.9603,4.8866,11999000,4926960,4854620,DECISIVE,DECISIVE,DECISIVE,-1,-1,-1
Human_UBE2L5_orthologues_DNA_l_300_a_6.dot,542,15.0953,9.3069,9.2823,15028300,9240800,9184610,DECISIVE,DECISIVE,DECISIVE,-1,-1,-1
Human_RPS27A_orthologues_AA_k_5_l_2000_a_6.dot,544,32.8613,16.1395,15.9675,32696500,16045300,15848300,DECISIVE,DECISIVE,DECISIVE,1,1,1
Human_RPS27A_orthologues_AA_k_5_l_2000_a_7.dot,544,32.4167,15.9350,15.9493,32282300,15859800,15831700,DECISIVE,DECISIVE,DECISIVE,1,1,1
Human_C17orf67_orthologues_AA_k_5_l_2000_a_8.dot,548,26.9130,13.0398,13.4478,26770900,12936000,13309700,DECISIVE,DECISIVE,DECISIVE,1,1,1
Human_SHLD2_orthologues_DNA_l_300_a_6.dot,548,17.9972,10.5076,10.5801,17845900,10453600,10522900,DECISIVE,DECISIVE,DECISIVE,-1,-1,-1
Human_ELSPBP1_orthologues_DNA_l_300_a_6.dot,549,16.2688,9.9154,9.8573,16201600,9864240,9807430,DECISIVE,DECISIVE,DECISIVE,-1,-1,-1
Human_DOCK4_orthologues_DNA_l_500_a_4.dot,550,27.3685,15.9603,15.8727,27223500,15838800,15803500,DECISIVE,DECISIVE,DECISIVE,-1,-1,-1
Human_DOCK4_orthologues_DNA_l_500_a_5.dot,550,27.4803,16.0097,15.9140,27336900,15939900,15825900,DECISIVE,DECISIVE,DECISIVE,-1,-1,-1
Human_TRPC1_orthologues_DNA_l_300_a_6.dot,552,16.3717,10.1760,10.2033,16305500,10120800,10101500,DECISIVE,DECISIVE,DECISIVE,-1,-1,-1
Human_RPS27A_orthologues_AA_k_4_l_2000_a_8.dot,553,28.0888,14.0243,14.4477,27944400,13958200,14370200,DECISIVE,DECISIVE,DECISIVE,1,1,1
Human_RPS27A_orthologues_AA_k_5_l_2000_a_8.dot,561,35.2094,17.1305,17.0886,35095800,17057200,17013900,DECISIVE,DECISIVE,DECISIVE,1,1,1
Human_CLPX_orthologues_AA_l_300_a_4.dot,564,14.8888,5.9461,5.9664,14774200,5912660,5921190,DECISIVE,DECISIVE,DECISIVE,-1,-1,-1
Human_BTBD17_orthologues_DNA_l_300_a_4.dot,566,17.5953,10.8762,10.3289,17523600,10813100,10233700,DECISIVE,DECISIVE,DECISIVE,-1,-1,-1
Human_TRPC1_orthologues_AA_l_300_a_5.dot,566,15.9055,6.2289,5.8134,15834900,6188760,5745880,DECISIVE,DECISIVE,DECISIVE,-1,-1,-1
Human_STAU2_orthologues_AA_l_300_a_5.dot,574,15.3490,6.0800,6.1486,15271500,6016390,6110110,DECISIVE,DECISIVE,DECISIVE,-1,-1,-1
Human_STAU2_orthologues_DNA_l_500_a_6.dot,575,28.2728,15.6759,15.9497,28121400,15602700,15873400,DECISIVE,DECISIVE,DECISIVE,-1,-1,-1
Human_SPA17_orthologues_AA_l_300_a_4.dot,583,17.8716,7.7313,7.2654,17793700,7665780,7224930,DECISIVE,DECISIVE,DECISIVE,-1,-1,-1
Human_C17orf67_orthologues_DNA_l_300_a_4.dot,588,23.4524,12.3506,12.5289,23319900,12251800,12459500,DECISIVE,DECISIVE,DECISIVE,-1,-1,-1
Human_CEP57L1_orthologues_DNA_l_300_a_4.dot,588,23.4426,13.4786,13.1701,23347500,13412500,13097000,DECISIVE,DECISIVE,DECISIVE,-1,-1,-1
Human_ZRANB3_orthologues_DNA_l_300_a_4.dot,588,21.0181,12.3272,12.3431,20886500,12261900,12279000,DECISIVE,DECISIVE,DECISIVE,-1,-1,-1
Human_FHIP1B_orthologues_AA_l_300_a_6.dot,588,15.4156,6.1470,6.0776,15319100,6064160,6040340,DECISIVE,DECISIVE,DECISIVE,-1,-1,-1
Human_OR10G8_orthologues_AA_k_3_l_2000_a_6.dot,595,4.1722,2.2804,2.0367,4125980,2260140,2007610,DECISIVE,DECISIVE,DECISIVE,1,1,1
Human_FHIP1B_orthologues_AA_l_300_a_5.dot,598,16.1767,6.4838,6.3736,16104500,6430260,6331210,DECISIVE,DECISIVE,DECISIVE,-1,-1,-1
Human_ELSPBP1_orthologues_AA_l_300_a_6.dot,601,14.3268,5.6513,5.6617,14218900,5570860,5601540,DECISIVE,DECISIVE,DECISIVE,-1,-1,-1
Human_ELSPBP1_orthologues_AA_l_500_a_6.dot,601,14.4396,5.6524,5.5910,14296400,5603170,5544610,DECISIVE,DECISIVE,DECISIVE,-1,-1,-1
Human_SHLD2_orthologues_DNA_l_300_a_4.dot,606,23.9076,14.0938,14.2945,23811100,13973100,14182400,DECISIVE,DECISIVE,DECISIVE,-1,-1,-1
Human_SHLD2_orthologues_DNA_l_300_a_5.dot,606,24.5722,14.0288,13.9822,24425500,13926600,13912400,DECISIVE,DECISIVE,DECISIVE,-1,-1,-1
Human_CLPX_orthologues_AA_l_300_a_5.dot,606,17.0416,6.8319,6.8735,16954100,6788860,6831330,DECISIVE,DECISIVE,DECISIVE,-1,-1,-1
Human_OR10G8_orthologues_AA_k_3_l_2000_a_7.dot,614,4.2940,2.3798,2.3583,4219220,2338110,2335320,DECISIVE,DECISIVE,DECISIVE,1,1,1
Human_SLC22A2_orthologues_AA_l_300_a_4.dot,616,20.1662,8.0992,8.2236,20041300,8045780,8168710,DECISIVE,DECISIVE,DECISIVE,-1,-1,-1
Human_CLPX_orthologues_DNA_l_300_a_4.dot,617,25.8664,15.1092,15.7743,25771400,14993300,15687500,DECISIVE,DECISIVE,DECISIVE,-1,-1,-1
Human_C17orf67_orthologues_DNA_k_5_l_2000_a_6.dot,618,6.9789,5.8219,5.4152,6925350,5775670,5359480,DECISIVE,DECISIVE,DECISIVE,1,1,1
Human_SLC22A2_orthologues_AA_l_300_a_5.dot,618,20.3897,8.2632,8.2760,20304700,8209060,8160990,DECISIVE,DECISIVE,DECISIVE,-1,-1,-1
Human_FAM53A_orthologues_AA_l_300_a_4.dot,621,18.7624,7.9634,7.9533,18675000,7910240,7899420,DECISIVE,DECISIVE,DECISIVE,-1,-1,-1
Human_SLC22A2_orthologues_AA_l_300_a_6.dot,621,20.1119,8.3199,8.3518,20028200,8264580,8296940,DECISIVE,DECISIVE,DECISIVE,-1,-1,-1
Human_ELSPBP1_orthologues_AA_k_3_l_2000_a_6.dot,630,5.1759,2.6501,3.1898,5131570,2623900,3164910,DECISIVE,DECISIVE,DECISIVE,1,1,1
Human_DCSTAMP_orthologues_DNA_l_300_a_4.dot,630,24.6016,14.5727,14.6195,24507100,14446500,14548500,DECISIVE,DECISIVE,DECISIVE,-1,-1,-1
Human_TRAM1_orthologues_DNA_l_300_a_4.dot,630,22.7558,14.0270,14.3707,22668100,13955800,14295200,DECISIVE,DECISIVE,DECISIVE,-1,-1,-1
Human_CLPX_orthologues_AA_l_300_a_6.dot,630,18.3226,7.7703,7.7363,18245000,7688600,7669460,DECISIVE,DECISIVE,DECISIVE,-1,-1,-1
Human_GGT6_orthologues_DNA_l_300_a_4.dot,631,27.0058,15.6604,15.7890,26905500,15585600,15711700,DECISIVE,DECISIVE,DECISIVE,-1,-1,-1
Human_OR10G8_orthologues_AA_k_3_l_2000_a_8.dot,633,4.3425,2.5042,2.4248,4317240,2463220,2401020,DECISIVE,DECISIVE,DECISIVE,1,1,1
Human_BTBD17_orthologues_DNA_l_300_a_5.dot,638,22.8980,14.3651,14.4289,22756500,14285700,14355200,DECISIVE,DECISIVE,DECISIVE,-1,-1,-1
Human_BTBD17_orthologues_AA_l_300_a_4.dot,638,19.7484,8.2051,8.1306,19666900,8142800,8070800,DECISIVE,DECISIVE,DECISIVE,-1,-1,-1
Human_CEP57L1_orthologues_DNA_l_300_a_5.dot,642,26.4635,15.8400,15.8010,26357300,15757000,15724600,DECISIVE,DECISIVE,DECISIVE,-1,-1,-1
Human_FAM53A_orthologues_DNA_l_300_a_4.dot,642,24.9976,15.1954,15.2508,24883600,15083100,15132700,DECISIVE,DECISIVE,DECISIVE,-1,-1,-1
Human_LCP1_orthologues_AA_l_300_a_4.dot,642,18.2434,7.1532,7.1033,18133600,7093720,7054930,DECISIVE,DECISIVE,DECISIVE,-1,-1,-1
Human_GGT6_orthologues_AA_l_300_a_4.dot,644,20.1420,8.1822,8.0478,20003300,8112520,7993420,DECISIVE,DECISIVE,DECISIVE,-1,-1,-1
Human_C17orf67_orthologues_DNA_k_5_l_2000_a_7.dot,647,7.2731,6.4095,5.8461,7223540,6319640,5812720,DECISIVE,DECISIVE,DECISIVE,1,1,1
Human_RPS27A_orthologues_DNA_l_500_a_4.dot,650,42.3486,21.5047,21.3786,42181900,21359200,21255700,DECISIVE,DECISIVE,DECISIVE,-1,-1,-1
Human_TRAM1_orthologues_DNA_l_300_a_5.dot,650,25.1721,14.6348,14.5275,25034100,14531000,14432600,DECISIVE,DECISIVE,DECISIVE,-1,-1,-1
Human_ZRANB3_orthologues_DNA_l_300_a_5.dot,658,24.5134,14.9707,15.0841,24327300,14829400,14961700,DECISIVE,DECISIVE,DECISIVE,-1,-1,-1
Human_TRAM1_orthologues_DNA_l_300_a_6.dot,659,24.5480,15.2190,15.1339,24413100,15119000,15057600,DECISIVE,DECISIVE,DECISIVE,-1,-1,-1
Human_RPS27A_orthologues_DNA_l_500_a_5.dot,665,45.1776,22.8375,22.9782,45009800,22717300,22678400,DECISIVE,DECISIVE,DECISIVE,-1,-1,-1
Human_TRPC1_orthologues_AA_l_300_a_6.dot,671,24.7300,9.4903,9.5163,24624500,9433030,9351970,DECISIVE,DECISIVE,DECISIVE,-1,-1,-1
Human_SPA17_orthologues_AA_l_500_a_4.dot,676,29.4602,10.8439,10.8161,29317200,10782200,10755600,DECISIVE,DECISIVE,DECISIVE,-1,-1,-1
Human_LCP1_orthologues_DNA_l_300_a_4.dot,677,29.2662,16.6926,16.6764,29063400,16614600,16602300,DECISIVE,DECISIVE,DECISIVE,-1,-1,-1
Human_OR10G8_orthologues_DNA_l_500_a_4.dot,677,43.2363,22.6236,21.9174,43078000,22489200,21800900,DECISIVE,DECISIVE,DECISIVE,-1,-1,-1
Human_DCSTAMP_orthologues_DNA_l_300_a_5.dot,679,30.0067,17.5759,16.9644,29830100,17439800,16850100,DECISIVE,DECISIVE,DECISIVE,-1,-1,-1
Human_TRAM1_orthologues_AA_l_300_a_4.dot,681,21.9343,9.0230,8.9535,21830300,8966910,8877620,DECISIVE,DECISIVE,DECISIVE,-1,-1,-1
Human_RPS27A_orthologues_DNA_l_500_a_6.dot,682,47.8286,24.3225,24.0975,47670600,24192400,23932400,DECISIVE,DECISIVE,DECISIVE,-1,-1,-1
Human_LCP1_orthologues_AA_l_300_a_5.dot,683,20.4804,8.4311,8.4880,20324200,8345130,8417450,DECISIVE,DECISIVE,DECISIVE,-1,-1,-1
Human_ZRANB3_orthologues_AA_l_300_a_4.dot,685,22.6668,9.1353,9.2591,22578400,9074640,9199550,DECISIVE,DECISIVE,DECISIVE,-1,-1,-1
Human_CEP57L1_orthologues_AA_l_300_a_4.dot,690,28.6953,10.8231,10.8810,28567400,10712000,10820100,DECISIVE,DECISIVE,DECISIVE,-1,-1,-1
Human_C17orf67_orthologues_DNA_k_5_l_2000_a_8.dot,691,8.0090,7.4255,5.7059,7893880,7352320,5624540,DECISIVE,DECISIVE,DECISIVE,1,1,1
Human_BTBD17_orthologues_DNA_l_300_a_6.dot,692,27.0882,16.4579,16.4712,26983800,16358000,16336900,DECISIVE,DECISIVE,DECISIVE,-1,-1,-1
Human_TRAM1_orthologues_AA_l_300_a_5.dot,693,22.0697,9.3483,9.2113,21976200,9224680,9104420,DECISIVE,DECISIVE,DECISIVE,-1,-1,-1
Human_TRAM1_orthologues_AA_l_300_a_6.dot,697,22.8123,9.3194,9.3281,22709400,9252020,9212090,DECISIVE,DECISIVE,DECISIVE,-1,-1,-1
Human_ANGPTL4_orthologues_DNA_l_300_a_4.dot,698,32.9909,18.5245,18.9024,32853800,18433800,18775000,DECISIVE,DECISIVE,DECISIVE,-1,-1,-1
Human_ELSPBP1_orthologues_AA_k_3_l_2000_a_7.dot,700,5.9972,3.1123,3.3595,5914980,3044110,3327590,DECISIVE,DECISIVE,DECISIVE,1,1,1
Human_ZRANB3_orthologues_DNA_l_300_a_6.dot,701,29.2426,16.9849,16.6738,29124100,16900200,16591400,DECISIVE,DECISIVE,DECISIVE,-1,-1,-1
Human_C17orf67_orthologues_DNA_l_300_a_5.dot,705,35.4456,17.4330,17.4019,35253100,17288600,17270800,DECISIVE,DECISIVE,DECISIVE,-1,-1,-1
Human_SPA17_orthologues_AA_l_500_a_5.dot,709,42.6107,15.0322,15.0455,42419600,14955800,14969000,DECISIVE,DECISIVE,DECISIVE,-1,-1,-1
Human_LCP1_orthologues_AA_l_300_a_6.dot,715,21.7404,8.9910,8.9551,21646800,8893430,8887590,DECISIVE,DECISIVE,DECISIVE,-1,-1,-1
Human_FAM53A_orthologues_DNA_l_300_a_6.dot,719,32.5882,19.3558,19.1699,32407300,19236100,19055300,DECISIVE,DECISIVE,DECISIVE,-1,-1,-1
Human_DCSTAMP_orthologues_DNA_l_300_a_6.dot,720,33.3756,18.7860,18.8258,33242700,18687400,18730600,DECISIVE,DECISIVE,DECISIVE,-1,-1,-1
Human_LCP1_orthologues_DNA_l_300_a_5.dot,721,33.3691,19.1960,19.2090,33218700,19113700,19130300,DECISIVE,DECISIVE,DECISIVE,-1,-1,-1
Human_SPA17_orthologues_AA_l_500_a_6.dot,726,43.5015,15.6657,15.5942,43329500,15583500,15521300,DECISIVE,DECISIVE,DECISIVE,-1,-1,-1
Human_ELSPBP1_orthologues_AA_k_3_l_2000_a_8.dot,727,5.9649,3.0735,3.2175,5920180,3049270,3185050,DECISIVE,DECISIVE,DECISIVE,1,1,1
Human_CLPX_orthologues_DNA_l_300_a_5.dot,730,35.9889,20.3262,20.0406,35838300,20233500,19903700,DECISIVE,DECISIVE,DECISIVE,-1,-1,-1
Human_STAU2_orthologues_DNA_l_500_a_4.dot,732,54.1810,28.1394,28.7501,54011600,28009700,28596700,DECISIVE,DECISIVE,DECISIVE,-1,-1,-1
Human_UBE2L5_orthologues_DNA_k_5_l_2000_a_6.dot,733,9.0071,8.0406,6.1757,8960270,7993270,6084120,DECISIVE,DECISIVE,DECISIVE,1,1,1
Human_OR10G8_orthologues_AA_k_4_l_2000_a_6.dot,736,49.8218,23.9010,22.7066,49630600,23707600,22565300,DECISIVE,DECISIVE,DECISIVE,1,1,1
Human_C17orf67_orthologues_DNA_l_300_a_6.dot,736,37.7811,18.7978,19.0143,37643600,18716100,18929400,DECISIVE,DECISIVE,DECISIVE,-1,-1,-1
Human_C17orf67_orthologues_DNA_l_500_a_4.dot,736,44.6985,24.9263,24.9953,44521500,24754400,24818600,DECISIVE,DECISIVE,DECISIVE,-1,-1,-1
Human_FAM53A_orthologues_AA_l_300_a_5.dot,737,29.7690,11.6297,11.2751,29576200,11494600,11174000,DECISIVE,DECISIVE,DECISIVE,-1,-1,-1
Human_ZRANB3_orthologues_AA_l_300_a_5.dot,738,26.4341,10.3834,10.3454,26300500,10268700,10279900,DECISIVE,DECISIVE,DECISIVE,-1,-1,-1
Human_CEP57L1_orthologues_DNA_l_300_a_6.dot,740,38.0724,22.1108,22.3948,37865800,21922500,22222100,DECISIVE,DECISIVE,DECISIVE,-1,-1,-1
Human_DOCK4_orthologues_DNA_l_500_a_6.dot,741,57.9918,30.1632,29.8210,57811500,30033700,29704200,DECISIVE,DECISIVE,DECISIVE,-1,-1,-1
Human_BTBD17_orthologues_AA_l_300_a_5.dot,741,26.0429,10.1932,10.2319,25898500,10142200,10170500,DECISIVE,DECISIVE,DECISIVE,-1,-1,-1
Human_SHLD2_orthologues_AA_l_300_a_4.dot,743,33.2767,11.8926,11.8302,33119200,11827300,11735400,DECISIVE,DECISIVE,DECISIVE,-1,-1,-1
Human_SHLD2_orthologues_AA_l_300_a_5.dot,743,33.6821,11.8926,11.7803,33572700,11779800,11723100,DECISIVE,DECISIVE,DECISIVE,-1,-1,-1
Human_ELSPBP1_orthologues_DNA_l_500_a_4.dot,744,52.4769,26.5557,26.5463,52322800,26395400,26393100,DECISIVE,DECISIVE,DECISIVE,-1,-1,-1
Human_ANGPTL4_orthologues_AA_l_300_a_4.dot,745,30.0633,11.2375,11.1491,29928800,11179500,11076500,DECISIVE,DECISIVE,DECISIVE,-1,-1,-1
Human_DOCK4_orthologues_AA_l_500_a_4.dot,745,44.8771,15.1597,15.0909,44706900,15085000,15027800,DECISIVE,DECISIVE,DECISIVE,-1,-1,-1
Human_DOCK4_orthologues_AA_l_500_a_5.dot,745,45.1043,15.2381,15.1685,44922600,15172600,15104500,DECISIVE,DECISIVE,DECISIVE,-1,-1,-1
Human_GGT6_orthologues_DNA_l_300_a_5.dot,747,43.7068,23.1734,23.4421,43521100,23071300,23289700,DECISIVE,DECISIVE,DECISIVE,-1,-1,-1
Human_GGT6_orthologues_DNA_l_300_a_6.dot,747,42.7467,23.1990,23.3780,42596500,23097500,23272600,DECISIVE,DECISIVE,DECISIVE,-1,-1,-1
Human_OR10G8_orthologues_DNA_l_500_a_5.dot,748,54.0731,26.7995,26.1451,53872500,26674300,26023500,DECISIVE,DECISIVE,DECISIVE,-1,-1,-1
Human_TRPC1_orthologues_AA_l_500_a_4.dot,759,41.3318,13.9161,13.8951,41202200,13830600,13821600,DECISIVE,DECISIVE,DECISIVE,-1,-1,-1
Human_CEP57L1_orthologues_AA_l_300_a_5.dot,764,35.1284,12.9457,12.9149,34982100,12869900,12795100,DECISIVE,DECISIVE,DECISIVE,-1,-1,-1
Human_ELSPBP1_orthologues_AA_k_4_l_2000_a_6.dot,765,57.5075,24.9967,25.1617,57221500,24852400,25055900,DECISIVE,DECISIVE,DECISIVE,1,1,1
Human_LCP1_orthologues_DNA_l_300_a_6.dot,766,37.8513,22.0620,20.6155,37687900,21951900,20474200,DECISIVE,DECISIVE,DECISIVE,-1,-1,-1
Human_OR10G8_orthologues_AA_k_4_l_2000_a_7.dot,772,53.3651,26.7493,25.9685,53134900,26578600,25853000,DECISIVE,DECISIVE,DECISIVE,1,1,1
Human_BTBD17_orthologues_AA_l_300_a_6.dot,772,29.5967,10.9299,10.8853,29471500,10864400,10818300,DECISIVE,DECISIVE,DECISIVE,-1,-1,-1
Human_ANGPTL4_orthologues_DNA_l_300_a_5.dot,775,41.7455,24.3185,24.0102,41592100,24174700,23904000,DECISIVE,DECISIVE,DECISIVE,-1,-1,-1
Human_SLC38A9_orthologues_DNA_l_300_a_4.dot,780,43.5203,24.4764,24.4354,43364400,24359700,24312000,DECISIVE,DECISIVE,DECISIVE,-1,-1,-1
Human_OR10G8_orthologues_DNA_l_500_a_6.dot,782,59.4783,30.0228,30.2044,59304000,29884700,30017800,DECISIVE,DECISIVE,DECISIVE,-1,-1,-1
Human_CLPX_orthologues_DNA_l_300_a_6.dot,787,43.0959,24.7440,24.5137,42933100,24643600,24412800,DECISIVE,DECISIVE,DECISIVE,-1,-1,-1
Human_UBE2L5_orthologues_DNA_k_5_l_2000_a_7.dot,790,9.5258,8.7017,5.9566,9477820,8659450,5890200,DECISIVE,DECISIVE,DECISIVE,1,1,1
Human_SLC38A9_orthologues_AA_l_300_a_4.dot,797,35.4658,13.0233,12.9637,35300200,12960400,12901200,DECISIVE,DECISIVE,DECISIVE,-1,-1,-1
Human_OR10G8_orthologues_AA_k_4_l_2000_a_8.dot,799,59.6287,26.9686,26.9297,59442100,26826100,26823700,DECISIVE,DECISIVE,DECISIVE,1,1,1
Human_SHLD2_orthologues_AA_l_300_a_6.dot,799,38.3117,13.3096,13.3329,38158000,13241300,13218100,DECISIVE,DECISIVE,DECISIVE,-1,-1,-1
Human_UBE2L5_orthologues_DNA_k_5_l_2000_a_8.dot,803,10.1970,9.0663,6.1291,10135600,9026720,6053090,DECISIVE,DECISIVE,DECISIVE,1,1,1
Human_UBE2L5_orthologues_DNA_l_500_a_4.dot,803,63.4451,32.0677,32.2897,63216200,31892200,32121300,DECISIVE,DECISIVE,DECISIVE,-1,-1,-1
Human_GGT6_orthologues_AA_l_300_a_5.dot,808,38.1291,13.1373,12.9626,37956600,13015800,12885100,DECISIVE,DECISIVE,DECISIVE,-1,-1,-1
Human_GGT6_orthologues_AA_l_300_a_6.dot,808,38.5791,13.0286,13.0518,38396800,12955600,12941400,DECISIVE,DECISIVE,DECISIVE,-1,-1,-1
Human_SPA17_orthologues_DNA_l_500_a_4.dot,809,76.3285,38.7492,35.4791,76068400,38559900,35299100,DECISIVE,DECISIVE,DECISIVE,-1,-1,-1
Human_RPS27A_orthologues_DNA_k_5_l_2000_a_6.dot,811,9.9948,9.1637,6.5452,9895410,9119610,6500000,DECISIVE,DECISIVE,DECISIVE,1,1,1
Human_ELSPBP1_orthologues_DNA_k_5_l_2000_a_6.dot,815,9.8032,8.9704,6.3153,9753200,8923140,6281820,DECISIVE,DECISIVE,DECISIVE,1,1,1
Human_RPS27A_orthologues_DNA_k_5_l_2000_a_7.dot,817,10.3953,10.0456,6.4102,10321600,9989940,6373230,DECISIVE,DECISIVE,DECISIVE,1,1,1
Human_OR10G8_orthologues_AA_k_5_l_2000_a_6.dot,817,90.7168,41.0970,39.8761,90390600,40905000,39683000,DECISIVE,DECISIVE,DECISIVE,1,1,1
Human_ZRANB3_orthologues_AA_l_300_a_6.dot,817,34.9901,12.4487,12.8278,34763300,12369800,12740600,DECISIVE,DECISIVE,DECISIVE,-1,-1,-1
Human_DCSTAMP_orthologues_AA_l_300_a_4.dot,821,41.2134,14.2442,14.6006,41031000,14144000,14411900,DECISIVE,DECISIVE,DECISIVE,-1,-1,-1
Human_ELSPBP1_orthologues_DNA_l_500_a_5.dot,824,63.3758,34.4508,32.4812,63101100,34221600,32291600,DECISIVE,DECISIVE,DECISIVE,-1,-1,-1
Human_FAM53A_orthologues_AA_l_300_a_6.dot,824,39.6262,14.3886,13.3742,39457300,14311000,13300500,DECISIVE,DECISIVE,DECISIVE,-1,-1,-1
Human_FHIP1B_orthologues_DNA_l_500_a_4.dot,830,75.0206,36.7271,33.0488,74728400,36562700,32892100,DECISIVE,DECISIVE,DECISIVE,-1,-1,-1
Human_STAU2_orthologues_AA_l_500_a_4.dot,839,52.5263,20.3081,20.7901,52259200,20183400,20615900,DECISIVE,DECISIVE,DECISIVE,-1,-1,-1
Human_OR10G8_orthologues_DNA_k_5_l_2000_a_6.dot,841,11.2423,10.7113,7.5137,11187700,10650700,7433570,DECISIVE,DECISIVE,DECISIVE,1,1,1
Human_RPS27A_orthologues_DNA_k_5_l_2000_a_8.dot,843,11.7059,11.0387,7.3267,11643700,10977100,7286710,DECISIVE,DECISIVE,DECISIVE,1,1,1
Human_ELSPBP1_orthologues_AA_k_5_l_2000_a_6.dot,844,103.5226,49.4528,47.2292,103153000,49177100,46958700,DECISIVE,DECISIVE,DECISIVE,1,1,1
Human_ELSPBP1_orthologues_DNA_k_5_l_2000_a_7.dot,846,10.8149,10.5915,6.7623,10764500,10493200,6685960,DECISIVE,DECISIVE,DECISIVE,1,1,1
Human_ANGPTL4_orthologues_DNA_l_300_a_6.dot,851,47.8331,30.1009,30.1095,47683000,29970600,29978000,DECISIVE,DECISIVE,DECISIVE,-1,-1,-1
Human_FHIP1B_orthologues_DNA_l_500_a_5.dot,852,75.9390,39.5140,39.8465,75652500,39205500,39663100,DECISIVE,DECISIVE,DECISIVE,-1,-1,-1
Human_FHIP1B_orthologues_DNA_l_500_a_6.dot,852,79.1775,41.2345,41.3478,78817900,40988700,41118100,DECISIVE,DECISIVE,DECISIVE,-1,-1,-1
Human_C17orf67_orthologues_DNA_l_500_a_5.dot,853,71.9934,33.5052,33.7530,71669500,33268100,33604700,DECISIVE,DECISIVE,DECISIVE,-1,-1,-1
Human_SLC38A9_orthologues_DNA_l_300_a_5.dot,854,54.3198,31.3209,30.9910,54077300,31121100,30838400,DECISIVE,DECISIVE,DECISIVE,-1,-1,-1
Human_STAU2_orthologues_DNA_l_500_a_5.dot,855,80.9476,42.6568,42.5051,80682400,42459800,42316400,DECISIVE,DECISIVE,DECISIVE,-1,-1,-1
Human_OR10G8_orthologues_DNA_k_5_l_2000_a_7.dot,858,12.7941,12.0210,7.8509,12720800,11950600,7808910,DECISIVE,DECISIVE,DECISIVE,1,1,1
Human_SPA17_orthologues_DNA_l_500_a_5.dot,858,94.4812,49.4829,41.7436,94159200,49210100,41544100,DECISIVE,DECISIVE,DECISIVE,-1,-1,-1
Human_FHIP1B_orthologues_AA_l_500_a_4.dot,859,64.2740,23.5185,22.8545,64016200,23380100,22731500,DECISIVE,DECISIVE,DECISIVE,-1,-1,-1
Human_ELSPBP1_orthologues_DNA_k_5_l_2000_a_8.dot,862,12.2572,11.6628,7.4335,12153400,11578000,7331800,DECISIVE,DECISIVE,DECISIVE,1,1,1
Human_OR10G8_orthologues_AA_k_5_l_2000_a_7.dot,862,111.4050,51.3518,49.4346,110981000,51078500,49135400,DECISIVE,DECISIVE,DECISIVE,1,1,1
Human_DOCK4_orthologues_AA_l_500_a_6.dot,863,64.0729,22.4876,22.5803,63827500,22364300,22455100,DECISIVE,DECISIVE,DECISIVE,-1,-1,-1
Human_OR10G8_orthologues_DNA_k_5_l_2000_a_8.dot,865,12.8895,12.2405,8.0716,12815000,12119300,8026250,DECISIVE,DECISIVE,DECISIVE,1,1,1
Human_ELSPBP1_orthologues_AA_k_4_l_2000_a_7.dot,865,84.0844,38.6459,38.7111,83705100,38448000,38527400,DECISIVE,DECISIVE,DECISIVE,1,1,1
Human_ANGPTL4_orthologues_AA_l_300_a_5.dot,868,46.3470,16.5623,16.2693,46105500,16425800,16167800,DECISIVE,DECISIVE,DECISIVE,-1,-1,-1
Human_SPA17_orthologues_DNA_l_500_a_6.dot,870,99.0511,48.8881,48.5945,98619400,48672400,48343200,DECISIVE,DECISIVE,DECISIVE,-1,-1,-1
Human_SLC38A9_orthologues_AA_l_300_a_5.dot,874,46.4556,17.5718,16.7528,46254900,17454800,16612100,DECISIVE,DECISIVE,DECISIVE,-1,-1,-1
Human_DCSTAMP_orthologues_AA_l_300_a_5.dot,883,48.3910,17.4449,17.5796,48183600,17351100,17445900,DECISIVE,DECISIVE,DECISIVE,-1,-1,-1
Human_UBE2L5_orthologues_DNA_l_500_a_5.dot,884,81.3715,42.4454,41.8300,81083200,42253500,41599000,DECISIVE,DECISIVE,DECISIVE,-1,-1,-1
Human_CEP57L1_orthologues_AA_l_300_a_6.dot,887,53.0473,19.4463,18.9504,52829700,19345200,18797300,DECISIVE,DECISIVE,DECISIVE,-1,-1,-1
Human_TRPC1_orthologues_AA_l_500_a_5.dot,887,70.5884,23.2807,23.0452,70326800,23146300,22911000,DECISIVE,DECISIVE,DECISIVE,-1,-1,-1
Human_TRPC1_orthologues_DNA_l_500_a_4.dot,892,89.8884,44.3683,43.7231,89550800,44113300,43529500,DECISIVE,DECISIVE,DECISIVE,-1,-1,-1
Human_FAM53A_orthologues_DNA_k_5_l_2000_a_6.dot,896,13.0442,12.3909,7.9935,12968400,12316100,7944660,DECISIVE,DECISIVE,DECISIVE,1,1,1
Human_OR10G8_orthologues_AA_k_5_l_2000_a_8.dot,896,120.0000,58.7878,57.6419,,58518700,57372600,TIMEOUT,DECISIVE,DECISIVE,,1,1
Human_TRPC1_orthologues_DNA_l_500_a_5.dot,901,86.8777,45.6675,45.4666,86508300,45451700,45257700,DECISIVE,DECISIVE,DECISIVE,-1,-1,-1
Human_UBE2L5_orthologues_DNA_l_500_a_6.dot,908,89.4068,45.7265,46.2207,89058200,45520400,46005700,DECISIVE,DECISIVE,DECISIVE,-1,-1,-1
Human_TRAM1_orthologues_AA_l_500_a_4.dot,909,58.7759,21.8497,20.2324,58491700,21720800,20100100,DECISIVE,DECISIVE,DECISIVE,-1,-1,-1
Human_ELSPBP1_orthologues_AA_k_4_l_2000_a_8.dot,911,98.6366,45.5990,45.3166,98194900,45370100,45085800,DECISIVE,DECISIVE,DECISIVE,1,1,1
Human_FAM53A_orthologues_DNA_k_5_l_2000_a_7.dot,915,13.9815,12.7380,7.7982,13901900,12610500,7750190,DECISIVE,DECISIVE,DECISIVE,1,1,1
Human_STAU2_orthologues_AA_l_500_a_6.dot,915,78.1701,25.9575,23.6359,77804000,25762000,23495300,DECISIVE,DECISIVE,DECISIVE,-1,-1,-1
Human_SLC22A2_orthologues_AA_l_500_a_4.dot,918,78.6814,26.5082,26.8816,78384100,26333300,26708900,DECISIVE,DECISIVE,DECISIVE,-1,-1,-1
Human_SLC38A9_orthologues_DNA_l_300_a_6.dot,920,62.1955,37.7083,33.6306,61941500,37520800,33422200,DECISIVE,DECISIVE,DECISIVE,-1,-1,-1
Human_SLC22A2_orthologues_DNA_l_500_a_4.dot,922,109.6367,54.4366,52.5794,109199000,54182400,52313600,DECISIVE,DECISIVE,DECISIVE,-1,-1,-1
Human_SLC38A9_orthologues_AA_l_300_a_6.dot,924,50.2482,18.5971,18.2173,49983800,18475200,18060500,DECISIVE,DECISIVE,DECISIVE,-1,-1,-1
Human_SLC22A2_orthologues_DNA_l_500_a_5.dot,926,111.1215,53.6001,46.1046,110639000,53351600,45901100,DECISIVE,DECISIVE,DECISIVE,-1,-1,-1
Human_C17orf67_orthologues_DNA_l_500_a_6.dot,927,87.6755,42.5417,37.0792,87331800,42347500,36909100,DECISIVE,DECISIVE,DECISIVE,-1,-1,-1
Human_SLC22A2_orthologues_DNA_l_500_a_6.dot,929,115.1056,53.6486,54.5823,114685000,53375300,54328900,DECISIVE,DECISIVE,DECISIVE,-1,-1,-1
Human_TRAM1_orthologues_AA_l_500_a_5.dot,929,61.0425,21.8628,22.0028,60727200,21733500,21858600,DECISIVE,DECISIVE,DECISIVE,-1,-1,-1
Human_SLC22A2_orthologues_AA_l_500_a_5.dot,930,84.9575,27.1870,26.8925,84581500,27036100,26714200,DECISIVE,DECISIVE,DECISIVE,-1,-1,-1
Human_BTBD17_orthologues_DNA_l_500_a_4.dot,933,103.2476,50.6726,48.1822,102828000,50458700,47933700,DECISIVE,DECISIVE,DECISIVE,-1,-1,-1
Human_TRAM1_orthologues_AA_l_500_a_6.dot,936,62.2469,22.4185,22.4319,62018800,22256500,22295900,DECISIVE,DECISIVE,DECISIVE,-1,-1,-1
Human_FAM53A_orthologues_DNA_k_5_l_2000_a_8.dot,938,14.7673,13.8533,8.4896,14684800,13762000,8400200,DECISIVE,DECISIVE,DECISIVE,1,1,1
Human_ELSPBP1_orthologues_DNA_l_500_a_6.dot,938,100.2383,49.9549,47.7682,99883700,49727000,47512100,DECISIVE,DECISIVE,DECISIVE,-1,-1,-1
Human_TRAM1_orthologues_AA_k_3_l_2000_a_6.dot,943,8.7049,5.8604,4.9952,8652560,5750100,4960980,DECISIVE,DECISIVE,DECISIVE,1,1,1
Human_CLPX_orthologues_AA_l_500_a_4.dot,945,84.5434,27.2507,24.3408,84181900,27110400,24161500,DECISIVE,DECISIVE,DECISIVE,-1,-1,-1
Human_SLC22A2_orthologues_AA_l_500_a_6.dot,951,85.4608,27.7901,25.2368,85128600,27622400,25079700,DECISIVE,DECISIVE,DECISIVE,-1,-1,-1
Human_TRAM1_orthologues_DNA_k_5_l_2000_a_6.dot,953,13.4520,12.9228,7.1994,13375400,12844600,7157940,DECISIVE,DECISIVE,DECISIVE,1,1,1
Human_ANGPTL4_orthologues_DNA_k_5_l_2000_a_6.dot,955,14.1398,13.4609,8.0799,14044000,13380600,8003670,DECISIVE,DECISIVE,DECISIVE,1,1,1
Human_FHIP1B_orthologues_AA_l_500_a_5.dot,959,86.4724,28.7725,25.9858,86196400,28629600,25808600,DECISIVE,DECISIVE,DECISIVE,-1,-1,-1
Human_SPA17_orthologues_DNA_k_5_l_2000_a_6.dot,960,13.9564,13.4511,7.8685,13877600,13328500,7815270,DECISIVE,DECISIVE,DECISIVE,1,1,1
Human_ELSPBP1_orthologues_AA_k_5_l_2000_a_7.dot,961,120.0000,66.8690,64.1064,,66557100,63788800,TIMEOUT,DECISIVE,DECISIVE,,0,0
Human_ANGPTL4_orthologues_DNA_k_5_l_2000_a_7.dot,965,14.3807,13.5320,9.0237,14301000,13395700,8977830,DECISIVE,DECISIVE,DECISIVE,1,1,1
Human_TRPC1_orthologues_DNA_l_500_a_6.dot,965,106.6611,55.3983,51.1286,106276000,55103300,50878200,DECISIVE,DECISIVE,DECISIVE,-1,-1,-1
Human_ANGPTL4_orthologues_DNA_k_5_l_2000_a_8.dot,972,14.7150,13.7775,9.2193,14586000,13655400,9168570,DECISIVE,DECISIVE,DECISIVE,1,1,1
Human_TRAM1_orthologues_DNA_k_5_l_2000_a_7.dot,975,14.4687,13.8554,7.4852,14391900,13718600,7369790,DECISIVE,DECISIVE,DECISIVE,1,1,1
Human_SPA17_orthologues_DNA_k_5_l_2000_a_7.dot,982,14.5962,13.7991,8.3391,14521100,13661500,8293900,DECISIVE,DECISIVE,DECISIVE,1,1,1
Human_SPA17_orthologues_DNA_k_5_l_2000_a_8.dot,987,15.9276,14.5175,8.0779,15831200,14438000,8029540,DECISIVE,DECISIVE,DECISIVE,1,1,1
Human_TRAM1_orthologues_DNA_k_5_l_2000_a_8.dot,989,15.0229,14.2220,7.6116,14939300,14099400,7518760,DECISIVE,DECISIVE,DECISIVE,1,1,1
Human_CLPX_orthologues_DNA_l_500_a_4.dot,990,120.0000,66.2997,64.9688,,66006700,64694100,TIMEOUT,DECISIVE,DECISIVE,,-1,-1
Human_FAM53A_orthologues_AA_l_500_a_4.dot,992,92.7277,30.4859,29.7700,92296500,30331900,29591000,DECISIVE,DECISIVE,DECISIVE,-1,-1,-1
Human_ANGPTL4_orthologues_AA_l_300_a_6.dot,996,63.6908,23.4266,21.9926,63444800,23297700,21860600,DECISIVE,DECISIVE,DECISIVE,-1,-1,-1
Human_DCSTAMP_orthologues_AA_l_300_a_6.dot,1001,63.8446,23.1864,22.2757,63594300,22998000,22118700,DECISIVE,DECISIVE,DECISIVE,-1,-1,-1
Human_CEP57L1_orthologues_DNA_k_5_l_2000_a_6.dot,1002,15.7406,14.6678,8.9031,15653100,14537100,8850780,DECISIVE,DECISIVE,DECISIVE,1,1,1
Human_STAU2_orthologues_AA_l_500_a_5.dot,1002,93.2412,30.9368,27.4375,92846800,30765300,27289700,DECISIVE,DECISIVE,DECISIVE,-1,-1,-1
Human_CEP57L1_orthologues_DNA_l_500_a_4.dot,1003,120.0000,70.0555,67.2195,,69735300,66925300,TIMEOUT,DECISIVE,DECISIVE,,-1,-1
Human_FHIP1B_orthologues_AA_l_500_a_6.dot,1003,98.1177,32.0248,28.3880,97681900,31861700,28191600,DECISIVE,DECISIVE,DECISIVE,-1,-1,-1
Human_SHLD2_orthologues_DNA_l_500_a_6.dot,1005,120.0000,65.5400,65.4410,,65239500,65112600,TIMEOUT,DECISIVE,DECISIVE,,-1,-1
Human_BTBD17_orthologues_DNA_k_5_l_2000_a_6.dot,1006,15.5380,14.2191,7.8206,15404000,14088100,7776130,DECISIVE,DECISIVE,DECISIVE,1,1,1
Human_LCP1_orthologues_AA_l_500_a_4.dot,1006,85.9348,28.9847,27.9578,85622600,28832200,27807900,DECISIVE,DECISIVE,DECISIVE,-1,-1,-1
Human_BTBD17_orthologues_DNA_k_5_l_2000_a_7.dot,1008,14.9850,14.9739,8.8531,14888300,14829600,8801040,DECISIVE,DECISIVE,DECISIVE,1,1,1
Human_SLC22A2_orthologues_DNA_k_5_l_2000_a_6.dot,1008,15.3135,15.0216,8.0746,15189600,14929100,8025120,DECISIVE,DECISIVE,DECISIVE,1,1,1
Human_FAM53A_orthologues_DNA_l_500_a_4.dot,1008,120.0000,64.6324,58.9079,,64304200,58566700,TIMEOUT,DECISIVE,DECISIVE,,-1,-1
Human_DCSTAMP_orthologues_DNA_k_5_l_2000_a_6.dot,1011,15.0808,14.3970,7.7540,15002000,14316900,7709980,DECISIVE,DECISIVE,DECISIVE,1,1,1
Human_FHIP1B_orthologues_DNA_k_5_l_2000_a_6.dot,1012,15.8039,14.7381,8.4174,15664900,14613300,8370340,DECISIVE,DECISIVE,DECISIVE,1,1,1
Human_GGT6_orthologues_DNA_k_5_l_2000_a_6.dot,1016,15.6668,14.5861,8.2293,15566600,14506400,8167430,DECISIVE,DECISIVE,DECISIVE,1,1,1
Human_TRAM1_orthologues_AA_k_3_l_2000_a_7.dot,1016,10.4631,6.4677,6.3218,10407200,6397440,6277930,DECISIVE,DECISIVE,DECISIVE,1,1,1
Human_DCSTAMP_orthologues_DNA_k_5_l_2000_a_7.dot,1019,16.0408,15.1730,8.5149,15951700,15076700,8464460,DECISIVE,DECISIVE,DECISIVE,1,1,1
Human_LCP1_orthologues_DNA_k_5_l_2000_a_6.dot,1019,15.3018,13.8496,7.1451,15165700,13770100,7073930,DECISIVE,DECISIVE,DECISIVE,1,1,1
Human_SLC22A2_orthologues_DNA_k_5_l_2000_a_7.dot,1019,15.6442,15.0840,7.5933,15552900,14991800,7547370,DECISIVE,DECISIVE,DECISIVE,1,1,1
Human_CLPX_orthologues_AA_l_500_a_5.dot,1019,93.4473,31.3420,28.8371,93088100,31173700,28676600,DECISIVE,DECISIVE,DECISIVE,-1,-1,-1
Human_SHLD2_orthologues_DNA_k_5_l_2000_a_6.dot,1020,15.3491,15.6369,9.1331,15224700,15547500,9082010,DECISIVE,DECISIVE,DECISIVE,1,1,1
Human_CEP57L1_orthologues_DNA_k_5_l_2000_a_7.dot,1021,15.5753,14.3231,8.1781,15494100,14239900,8085190,DECISIVE,DECISIVE,DECISIVE,1,1,1
Human_ELSPBP1_orthologues_AA_k_5_l_2000_a_8.dot,1021,120.0000,72.7686,68.8507,,72407300,68528200,TIMEOUT,DECISIVE,DECISIVE,,0,0
Human_BTBD17_orthologues_DNA_k_5_l_2000_a_8.dot,1022,15.2574,15.2166,7.7781,15170300,15116900,7731240,DECISIVE,DECISIVE,DECISIVE,1,1,1
Human_FHIP1B_orthologues_DNA_k_5_l_2000_a_7.dot,1022,15.7509,15.3856,8.6515,15643300,15299300,8554160,DECISIVE,DECISIVE,DECISIVE,1,1,1
Human_LCP1_orthologues_DNA_k_5_l_2000_a_7.dot,1022,15.1976,14.8393,7.0994,15104200,14733100,7054490,DECISIVE,DECISIVE,DECISIVE,1,1,1
Human_STAU2_orthologues_DNA_k_5_l_2000_a_6.dot,1023,15.5955,15.0961,9.0186,15453600,14950400,8912960,DECISIVE,DECISIVE,DECISIVE,1,1,1
Human_LCP1_orthologues_DNA_k_5_l_2000_a_8.dot,1024,15.4028,14.6253,7.5379,15272400,14541400,7450970,DECISIVE,DECISIVE,DECISIVE,1,1,1
Human_CEP57L1_orthologues_DNA_k_5_l_2000_a_8.dot,1025,15.7253,14.2553,8.0575,15635800,14120600,8010110,DECISIVE,DECISIVE,DECISIVE,1,1,1
Human_DCSTAMP_orthologues_DNA_k_5_l_2000_a_8.dot,1026,15.3331,15.3973,8.0967,15245000,15265200,8043090,DECISIVE,DECISIVE,DECISIVE,1,1,1
Human_GGT6_orthologues_DNA_k_5_l_2000_a_7.dot,1026,16.0478,15.8204,8.2880,15957100,15727200,8240220,DECISIVE,DECISIVE,DECISIVE,1,1,1
Human_SHLD2_orthologues_DNA_l_500_a_4.dot,1028,120.0000,75.0576,69.1141,,74691200,68790700,TIMEOUT,DECISIVE,DECISIVE,,-1,-1
Human_SHLD2_orthologues_DNA_l_500_a_5.dot,1028,120.0000,72.6687,73.2587,,72354700,72931200,TIMEOUT,DECISIVE,DECISIVE,,-1,-1
Human_FHIP1B_orthologues_DNA_k_5_l_2000_a_8.dot,1029,16.1890,15.8051,8.6671,16101400,15719100,8619570,DECISIVE,DECISIVE,DECISIVE,1,1,1
Human_SLC38A9_orthologues_DNA_k_5_l_2000_a_6.dot,1029,15.5136,14.7243,7.7437,15426900,14637300,7653220,DECISIVE,DECISIVE,DECISIVE,1,1,1
Human_SLC22A2_orthologues_DNA_k_5_l_2000_a_8.dot,1030,16.6476,15.8466,9.1042,16513000,15704000,9052680,DECISIVE,DECISIVE,DECISIVE,1,1,1
Human_CLPX_orthologues_DNA_k_5_l_2000_a_6.dot,1031,16.1135,15.2735,8.0521,16030600,15186500,7959610,DECISIVE,DECISIVE,DECISIVE,1,1,1
Human_SHLD2_orthologues_DNA_k_5_l_2000_a_7.dot,1032,15.7359,15.0412,8.2835,15598700,14947900,8182360,DECISIVE,DECISIVE,DECISIVE,1,1,1
Human_STAU2_orthologues_DNA_k_5_l_2000_a_7.dot,1032,15.4916,15.5716,7.8194,15368500,15437500,7752900,DECISIVE,DECISIVE,DECISIVE,1,1,1
Human_SLC38A9_orthologues_DNA_k_5_l_2000_a_7.dot,1033,15.3283,14.3038,7.4088,15238700,14219100,7316580,DECISIVE,DECISIVE,DECISIVE,1,1,1
Human_GGT6_orthologues_DNA_k_5_l_2000_a_8.dot,1034,15.5641,14.9208,8.3218,15479700,14840200,8274160,DECISIVE,DECISIVE,DECISIVE,1,1,1
Human_STAU2_orthologues_DNA_k_5_l_2000_a_8.dot,1034,15.7779,14.9337,7.8239,15694200,14843400,7775700,DECISIVE,DECISIVE,DECISIVE,1,1,1
Human_GGT6_orthologues_DNA_l_500_a_4.dot,1035,120.0000,75.3731,70.6231,,74994100,70278000,TIMEOUT,DECISIVE,DECISIVE,,-1,-1
Human_CLPX_orthologues_DNA_k_5_l_2000_a_7.dot,1038,15.8939,14.8226,8.0410,15807900,14741900,7996020,DECISIVE,DECISIVE,DECISIVE,1,1,1
Human_DOCK4_orthologues_DNA_k_5_l_2000_a_6.dot,1038,16.3985,15.1233,7.9639,16298300,15027000,7878550,DECISIVE,DECISIVE,DECISIVE,1,1,1
Human_SLC38A9_orthologues_DNA_k_5_l_2000_a_8.dot,1038,15.3455,14.9546,7.9017,15262900,14847600,7858200,DECISIVE,DECISIVE,DECISIVE,1,1,1
Human_CLPX_orthologues_DNA_k_5_l_2000_a_8.dot,1039,15.4819,15.0163,8.4631,15374000,14929800,8408570,DECISIVE,DECISIVE,DECISIVE,1,1,1
Human_TRPC1_orthologues_DNA_k_5_l_2000_a_6.dot,1039,16.1817,15.0699,8.3274,16083900,14983500,8278480,DECISIVE,DECISIVE,DECISIVE,1,1,1
Human_ZRANB3_orthologues_DNA_k_5_l_2000_a_6.dot,1040,16.1318,15.7339,8.6095,15988300,15590300,8561740,DECISIVE,DECISIVE,DECISIVE,1,1,1
Human_SPA17_orthologues_AA_k_3_l_2000_a_6.dot,1040,9.2521,6.2546,4.4783,9179080,6207600,4445150,DECISIVE,DECISIVE,DECISIVE,1,1,1
Human_DOCK4_orthologues_DNA_k_5_l_2000_a_7.dot,1041,15.7329,15.2346,7.7533,15647500,15102900,7694620,DECISIVE,DECISIVE,DECISIVE,1,1,1
Human_SHLD2_orthologues_DNA_k_5_l_2000_a_8.dot,1042,16.1206,15.2847,8.5560,16036900,15194500,8462400,DECISIVE,DECISIVE,DECISIVE,1,1,1
Human_ZRANB3_orthologues_DNA_k_5_l_2000_a_7.dot,1044,16.1431,16.1947,9.1756,16052000,16054000,9121400,DECISIVE,DECISIVE,DECISIVE,1,1,1
Human_TRPC1_orthologues_DNA_k_5_l_2000_a_7.dot,1045,17.0002,16.3448,8.7565,16851500,16205100,8668800,DECISIVE,DECISIVE,DECISIVE,1,1,1
Human_DOCK4_orthologues_DNA_k_5_l_2000_a_8.dot,1046,16.1493,15.8148,8.4331,16055800,15671800,8339520,DECISIVE,DECISIVE,DECISIVE,1,1,1
Human_ZRANB3_orthologues_DNA_k_5_l_2000_a_8.dot,1047,16.7156,15.7714,8.5274,16572500,15680800,8477550,DECISIVE,DECISIVE,DECISIVE,1,1,1
Human_TRPC1_orthologues_DNA_k_5_l_2000_a_8.dot,1049,16.4018,16.3019,8.2170,16247300,16166000,8167390,DECISIVE,DECISIVE,DECISIVE,1,1,1
Human_TRAM1_orthologues_AA_k_3_l_2000_a_8.dot,1057,9.3942,6.5051,5.4594,9337370,6417260,5409590,DECISIVE,DECISIVE,DECISIVE,1,1,1
Human_BTBD17_orthologues_DNA_l_500_a_5.dot,1058,120.0000,73.2729,66.1166,,72940900,65797300,TIMEOUT,DECISIVE,DECISIVE,,-1,-1
Human_ZRANB3_orthologues_DNA_l_500_a_4.dot,1058,120.0000,73.8562,73.4085,,73501400,73060100,TIMEOUT,DECISIVE,DECISIVE,,-1,-1
Human_FAM53A_orthologues_AA_k_3_l_2000_a_6.dot,1064,9.9179,7.4965,5.1686,9822720,7432980,5089610,DECISIVE,DECISIVE,DECISIVE,1,1,1
Human_CLPX_orthologues_AA_l_500_a_6.dot,1064,107.7906,34.4767,30.5106,107399000,34311800,30345600,DECISIVE,DECISIVE,DECISIVE,-1,-1,-1
Human_GGT6_orthologues_AA_l_500_a_4.dot,1073,120.0000,36.8536,35.8322,,36655400,35661300,TIMEOUT,DECISIVE,DECISIVE,,-1,-1
Human_LCP1_orthologues_AA_l_500_a_5.dot,1074,100.1168,32.5260,28.8214,99714300,32319100,28670400,DECISIVE,DECISIVE,DECISIVE,-1,-1,-1
Human_CEP57L1_orthologues_DNA_l_500_a_5.dot,1086,120.0000,80.1491,82.0720,,79829400,81724300,TIMEOUT,DECISIVE,DECISIVE,,-1,-1
Human_TRPC1_orthologues_AA_l_500_a_6.dot,1098,120.0000,41.3536,39.6930,,41149900,39503800,TIMEOUT,DECISIVE,DECISIVE,,-1,-1
Human_DCSTAMP_orthologues_DNA_l_500_a_4.dot,1114,120.0000,88.5817,87.2356,,88169700,86843600,TIMEOUT,DECISIVE,DECISIVE,,-1,-1
Human_BTBD17_orthologues_AA_l_500_a_4.dot,1116,120.0000,39.4146,37.6604,,39235400,37479800,TIMEOUT,DECISIVE,DECISIVE,,-1,-1
Human_LCP1_orthologues_AA_l_500_a_6.dot,1131,117.0698,36.9206,35.7925,116636000,36740100,35614400,DECISIVE,DECISIVE,DECISIVE,-1,-1,-1
Human_TRAM1_orthologues_DNA_l_500_a_4.dot,1134,120.0000,89.0811,92.0358,,88630900,91654000,TIMEOUT,DECISIVE,DECISIVE,,-1,-1
Human_LCP1_orthologues_DNA_l_500_a_4.dot,1143,120.0000,90.6226,87.3334,,90197700,86985900,TIMEOUT,DECISIVE,DECISIVE,,-1,-1
Human_BTBD17_orthologues_DNA_l_500_a_6.dot,1147,120.0000,85.3801,83.4534,,85029000,83050300,TIMEOUT,DECISIVE,DECISIVE,,-1,-1
Human_FAM53A_orthologues_AA_l_500_a_5.dot,1149,120.0000,42.5679,41.0904,,42388300,40880300,TIMEOUT,DECISIVE,DECISIVE,,-1,-1
Human_SPA17_orthologues_AA_k_3_l_2000_a_7.dot,1161,10.1080,7.0731,4.9762,10050400,7024840,4870420,DECISIVE,DECISIVE,DECISIVE,1,1,1
Human_TRAM1_orthologues_DNA_l_500_a_5.dot,1162,120.0000,92.3274,79.1428,,91984600,78794700,TIMEOUT,DECISIVE,DECISIVE,,-1,-1
Human_ZRANB3_orthologues_DNA_l_500_a_5.dot,1170,120.0000,93.0609,92.1741,,92719700,91828300,TIMEOUT,DECISIVE,DECISIVE,,-1,-1
Human_TRAM1_orthologues_AA_k_4_l_2000_a_6.dot,1171,120.0000,80.8544,74.9203,,80519600,74587700,TIMEOUT,DECISIVE,DECISIVE,,0,0
Human_FAM53A_orthologues_AA_k_3_l_2000_a_7.dot,1174,11.9230,8.2099,5.4604,11793700,8155500,5418700,DECISIVE,DECISIVE,DECISIVE,1,1,1
Human_TRAM1_orthologues_DNA_l_500_a_6.dot,1176,120.0000,94.2136,94.1622,,93783000,93757200,TIMEOUT,DECISIVE,DECISIVE,,-1,-1
Human_DCSTAMP_orthologues_DNA_l_500_a_5.dot,1177,120.0000,99.7729,99.2520,,99357300,98817400,TIMEOUT,DECISIVE,DECISIVE,,-1,-1
Human_ANGPTL4_orthologues_AA_l_500_a_4.dot,1182,120.0000,48.3492,47.8912,,48141300,47693900,TIMEOUT,DECISIVE,DECISIVE,,-1,-1
Human_CLPX_orthologues_DNA_l_500_a_5.dot,1187,120.0000,102.1242,99.6113,,101736000,99239100,TIMEOUT,DECISIVE,DECISIVE,,-1,-1
Human_ZRANB3_orthologues_AA_l_500_a_4.dot,1190,120.0000,47.1905,47.6241,,46967900,47420500,TIMEOUT,DECISIVE,DECISIVE,,-1,-1
Human_SPA17_orthologues_AA_k_3_l_2000_a_8.dot,1200,11.0287,7.4220,5.1831,10897400,7373320,5095350,DECISIVE,DECISIVE,DECISIVE,1,1,1
Human_ANGPTL4_orthologues_DNA_l_500_a_4.dot,1200,120.0000,109.9310,114.8153,,109482000,114305000,TIMEOUT,DECISIVE,DECISIVE,,-1,-1
Human_FAM53A_orthologues_DNA_l_500_a_5.dot,1206,120.0000,97.6111,97.7986,,97176800,97424300,TIMEOUT,DECISIVE,DECISIVE,,-1,-1
Human_SHLD2_orthologues_AA_l_500_a_4.dot,1216,120.0000,120.0000,120.0000,,,,TIMEOUT,TIMEOUT,TIMEOUT,,,
Human_SHLD2_orthologues_AA_l_500_a_5.dot,1224,120.0000,120.0000,120.0000,,,,TIMEOUT,TIMEOUT,TIMEOUT,,,
Human_ZRANB3_orthologues_DNA_l_500_a_6.dot,1232,120.0000,108.0578,103.2582,,107674000,102854000,TIMEOUT,DECISIVE,DECISIVE,,-1,-1
Human_LCP1_orthologues_DNA_l_500_a_5.dot,1233,120.0000,111.4464,115.1479,,111084000,114747000,TIMEOUT,DECISIVE,DECISIVE,,-1,-1
Human_SLC38A9_orthologues_DNA_l_500_a_4.dot,1234,120.0000,118.1686,109.5715,,117702000,109068000,TIMEOUT,DECISIVE,DECISIVE,,-1,-1
Human_GGT6_orthologues_DNA_l_500_a_5.dot,1241,120.0000,120.0000,114.4482,,109900000,114068000,TIMEOUT,TIMEOUT,DECISIVE,,-1,-1
Human_GGT6_orthologues_DNA_l_500_a_6.dot,1241,120.0000,112.5983,120.0000,,112140000,109417000,TIMEOUT,DECISIVE,TIMEOUT,,-1,-1
Human_FAM53A_orthologues_AA_k_3_l_2000_a_8.dot,1248,12.4741,8.3185,5.8976,12400600,8255460,5854650,DECISIVE,DECISIVE,DECISIVE,1,1,1
Human_CEP57L1_orthologues_DNA_l_500_a_6.dot,1248,120.0000,120.0000,120.0000,,115510000,,TIMEOUT,TIMEOUT,TIMEOUT,,-1,
Human_CLPX_orthologues_DNA_l_500_a_6.dot,1263,120.0000,110.0558,113.4511,,109658000,113055000,TIMEOUT,DECISIVE,DECISIVE,,-1,-1
Human_TRAM1_orthologues_AA_k_5_l_2000_a_6.dot,1266,120.0000,120.0000,120.0000,,,,TIMEOUT,TIMEOUT,TIMEOUT,,,
Human_FAM53A_orthologues_DNA_l_500_a_6.dot,1278,120.0000,105.5008,120.0000,,105000000,113694000,TIMEOUT,DECISIVE,TIMEOUT,,-1,-1
Human_BTBD17_orthologues_AA_l_500_a_5.dot,1278,120.0000,120.0000,120.0000,,,,TIMEOUT,TIMEOUT,TIMEOUT,,,
Human_CEP57L1_orthologues_AA_l_500_a_4.dot,1280,120.0000,120.0000,120.0000,,,,TIMEOUT,TIMEOUT,TIMEOUT,,,
Human_TRAM1_orthologues_AA_k_4_l_2000_a_7.dot,1286,120.0000,120.0000,120.0000,,,,TIMEOUT,TIMEOUT,TIMEOUT,,,
Human_DCSTAMP_orthologues_DNA_l_500_a_6.dot,1296,120.0000,120.0000,120.0000,,,,TIMEOUT,TIMEOUT,TIMEOUT,,,
Human_SPA17_orthologues_AA_k_4_l_2000_a_6.dot,1300,120.0000,120.0000,120.0000,,,,TIMEOUT,TIMEOUT,TIMEOUT,,,
Human_ZRANB3_orthologues_AA_l_500_a_5.dot,1303,120.0000,120.0000,120.0000,,,,TIMEOUT,TIMEOUT,TIMEOUT,,,
Human_SLC38A9_orthologues_AA_l_500_a_4.dot,1308,120.0000,120.0000,120.0000,,,,TIMEOUT,TIMEOUT,TIMEOUT,,,
Human_LCP1_orthologues_DNA_l_500_a_6.dot,1312,120.0000,120.0000,120.0000,,,,TIMEOUT,TIMEOUT,TIMEOUT,,,
Human_BTBD17_orthologues_AA_k_3_l_2000_a_6.dot,1317,13.7046,10.3856,120.0000,13560800,10254300,,DECISIVE,DECISIVE,TIMEOUT,1,1,
Human_FAM53A_orthologues_AA_l_500_a_6.dot,1325,120.0000,120.0000,120.0000,,,,TIMEOUT,TIMEOUT,TIMEOUT,,,
Human_BTBD17_orthologues_AA_k_3_l_2000_a_7.dot,1328,15.8538,10.1522,120.0000,15757400,10086700,,DECISIVE,DECISIVE,TIMEOUT,1,1,
Human_DCSTAMP_orthologues_AA_l_500_a_4.dot,1336,120.0000,120.0000,120.0000,,,,TIMEOUT,TIMEOUT,TIMEOUT,,,
Human_SLC38A9_orthologues_DNA_l_500_a_5.dot,1339,120.0000,120.0000,120.0000,,,,TIMEOUT,TIMEOUT,TIMEOUT,,,
Human_BTBD17_orthologues_AA_l_500_a_6.dot,1345,120.0000,120.0000,120.0000,,,,TIMEOUT,TIMEOUT,TIMEOUT,,,
Human_ANGPTL4_orthologues_DNA_l_500_a_5.dot,1347,120.0000,120.0000,120.0000,,,,TIMEOUT,TIMEOUT,TIMEOUT,,,
Human_SLC22A2_orthologues_AA_k_3_l_2000_a_6.dot,1354,15.7901,10.1060,120.0000,15697900,9978870,,DECISIVE,DECISIVE,TIMEOUT,1,1,
Human_SHLD2_orthologues_AA_l_500_a_6.dot,1357,120.0000,120.0000,120.0000,,,,TIMEOUT,TIMEOUT,TIMEOUT,,,
Human_TRAM1_orthologues_AA_k_4_l_2000_a_8.dot,1363,120.0000,120.0000,120.0000,,,,TIMEOUT,TIMEOUT,TIMEOUT,,,
Human_SPA17_orthologues_AA_k_5_l_2000_a_6.dot,1365,120.0000,120.0000,120.0000,,,,TIMEOUT,TIMEOUT,TIMEOUT,,,
Human_ANGPTL4_orthologues_AA_l_500_a_5.dot,1371,120.0000,120.0000,120.0000,,,,TIMEOUT,TIMEOUT,TIMEOUT,,,
Human_CEP57L1_orthologues_AA_l_500_a_5.dot,1371,120.0000,120.0000,120.0000,,,,TIMEOUT,TIMEOUT,TIMEOUT,,,
Human_GGT6_orthologues_AA_l_500_a_5.dot,1377,120.0000,120.0000,120.0000,,,,TIMEOUT,TIMEOUT,TIMEOUT,,,
Human_GGT6_orthologues_AA_l_500_a_6.dot,1377,120.0000,120.0000,120.0000,,,,TIMEOUT,TIMEOUT,TIMEOUT,,,
Human_ZRANB3_orthologues_AA_l_500_a_6.dot,1383,120.0000,120.0000,120.0000,,,,TIMEOUT,TIMEOUT,TIMEOUT,,,
Human_TRAM1_orthologues_AA_k_5_l_2000_a_7.dot,1406,120.0000,120.0000,120.0000,,,,TIMEOUT,TIMEOUT,TIMEOUT,,,
Human_BTBD17_orthologues_AA_k_3_l_2000_a_8.dot,1421,14.3997,9.3670,120.0000,14311900,9274140,,DECISIVE,DECISIVE,TIMEOUT,1,1,
Human_FAM53A_orthologues_AA_k_4_l_2000_a_6.dot,1430,120.0000,120.0000,120.0000,,,,TIMEOUT,TIMEOUT,TIMEOUT,,,
Human_SLC38A9_orthologues_DNA_l_500_a_6.dot,1442,120.0000,120.0000,120.0000,,,,TIMEOUT,TIMEOUT,TIMEOUT,,,
Human_DCSTAMP_orthologues_AA_l_500_a_5.dot,1453,120.0000,120.0000,120.0000,,,,TIMEOUT,TIMEOUT,TIMEOUT,,,
Human_SLC38A9_orthologues_AA_l_500_a_5.dot,1465,120.0000,120.0000,120.0000,,,,TIMEOUT,TIMEOUT,TIMEOUT,,,
Human_SPA17_orthologues_AA_k_4_l_2000_a_7.dot,1482,120.0000,120.0000,120.0000,,,,TIMEOUT,TIMEOUT,TIMEOUT,,,
Human_ANGPTL4_orthologues_DNA_l_500_a_6.dot,1490,120.0000,120.0000,120.0000,,,,TIMEOUT,TIMEOUT,TIMEOUT,,,
Human_TRAM1_orthologues_AA_k_5_l_2000_a_8.dot,1506,120.0000,120.0000,120.0000,,,,TIMEOUT,TIMEOUT,TIMEOUT,,,
Human_LCP1_orthologues_AA_k_3_l_2000_a_6.dot,1524,14.9491,9.5873,120.0000,14879900,9528840,,DECISIVE,DECISIVE,TIMEOUT,1,1,
Human_CLPX_orthologues_AA_k_3_l_2000_a_6.dot,1525,15.6122,9.8296,120.0000,15543700,9735940,,DECISIVE,DECISIVE,TIMEOUT,1,1,
Human_LCP1_orthologues_AA_k_3_l_2000_a_7.dot,1540,15.3311,9.7104,120.0000,15217000,9652110,,DECISIVE,DECISIVE,TIMEOUT,1,1,
Human_SPA17_orthologues_AA_k_4_l_2000_a_8.dot,1547,120.0000,120.0000,120.0000,,,,TIMEOUT,TIMEOUT,TIMEOUT,,,
Human_LCP1_orthologues_AA_k_3_l_2000_a_8.dot,1555,15.5046,9.6711,120.0000,15395900,9614360,,DECISIVE,DECISIVE,TIMEOUT,1,1,
Human_SLC38A9_orthologues_AA_l_500_a_6.dot,1561,120.0000,120.0000,120.0000,,,,TIMEOUT,TIMEOUT,TIMEOUT,,,
Human_SPA17_orthologues_AA_k_5_l_2000_a_7.dot,1568,120.0000,120.0000,120.0000,,,,TIMEOUT,TIMEOUT,TIMEOUT,,,
Human_FAM53A_orthologues_AA_k_5_l_2000_a_6.dot,1572,120.0000,120.0000,120.0000,,,,TIMEOUT,TIMEOUT,TIMEOUT,,,
Human_ANGPTL4_orthologues_AA_l_500_a_6.dot,1578,120.0000,120.0000,120.0000,,,,TIMEOUT,TIMEOUT,TIMEOUT,,,
Human_SLC22A2_orthologues_AA_k_3_l_2000_a_7.dot,1581,17.8007,11.2849,120.0000,17675800,11180500,,DECISIVE,DECISIVE,TIMEOUT,1,1,
Human_GGT6_orthologues_AA_k_3_l_2000_a_6.dot,1583,17.0883,10.9356,120.0000,16989300,10868700,,DECISIVE,DECISIVE,TIMEOUT,1,1,
Human_CEP57L1_orthologues_AA_k_3_l_2000_a_6.dot,1597,16.7778,10.7997,120.0000,16700000,10703500,,DECISIVE,DECISIVE,TIMEOUT,1,1,
Human_CEP57L1_orthologues_AA_l_500_a_6.dot,1597,120.0000,120.0000,120.0000,,,,TIMEOUT,TIMEOUT,TIMEOUT,,,
Human_ANGPTL4_orthologues_AA_k_3_l_2000_a_6.dot,1598,17.1435,11.4231,120.0000,17026800,11350700,,DECISIVE,DECISIVE,TIMEOUT,1,1,
Human_DCSTAMP_orthologues_AA_k_3_l_2000_a_6.dot,1598,18.5748,12.4032,120.0000,18446600,12336400,,DECISIVE,DECISIVE,TIMEOUT,1,1,
Human_CLPX_orthologues_AA_k_3_l_2000_a_7.dot,1616,17.1689,10.8339,120.0000,17063300,10758100,,DECISIVE,DECISIVE,TIMEOUT,1,1,
Human_STAU2_orthologues_AA_k_3_l_2000_a_6.dot,1630,17.4207,11.1513,120.0000,17329000,11034900,,DECISIVE,DECISIVE,TIMEOUT,1,1,
Human_CLPX_orthologues_AA_k_3_l_2000_a_8.dot,1633,17.8059,11.2555,120.0000,17681400,11187300,,DECISIVE,DECISIVE,TIMEOUT,1,1,
Human_SPA17_orthologues_AA_k_5_l_2000_a_8.dot,1645,120.0000,120.0000,120.0000,,,,TIMEOUT,TIMEOUT,TIMEOUT,,,
Human_FAM53A_orthologues_AA_k_4_l_2000_a_7.dot,1648,120.0000,120.0000,120.0000,,,,TIMEOUT,TIMEOUT,TIMEOUT,,,
Human_SLC38A9_orthologues_AA_k_3_l_2000_a_6.dot,1676,19.7099,13.1793,120.0000,19561700,13084100,,DECISIVE,DECISIVE,TIMEOUT,1,1,
Human_SLC22A2_orthologues_AA_k_3_l_2000_a_8.dot,1698,20.4447,13.6023,120.0000,20310600,13529100,,DECISIVE,DECISIVE,TIMEOUT,1,1,
Human_ANGPTL4_orthologues_AA_k_3_l_2000_a_7.dot,1709,19.0082,12.9578,120.0000,18923100,12836900,,DECISIVE,DECISIVE,TIMEOUT,1,1,
Human_DCSTAMP_orthologues_AA_l_500_a_6.dot,1721,120.0000,120.0000,120.0000,,,,TIMEOUT,TIMEOUT,TIMEOUT,,,
Human_DCSTAMP_orthologues_AA_k_3_l_2000_a_7.dot,1723,19.9700,13.7066,120.0000,19888000,13599500,,DECISIVE,DECISIVE,TIMEOUT,1,1,
Human_ANGPTL4_orthologues_AA_k_3_l_2000_a_8.dot,1765,19.3180,13.2282,120.0000,19210200,13155200,,DECISIVE,DECISIVE,TIMEOUT,1,1,
Human_STAU2_orthologues_AA_k_3_l_2000_a_7.dot,1767,20.0685,13.8050,120.0000,19982800,13733200,,DECISIVE,DECISIVE,TIMEOUT,1,1,
Human_BTBD17_orthologues_AA_k_4_l_2000_a_6.dot,1769,120.0000,120.0000,120.0000,,,,TIMEOUT,TIMEOUT,TIMEOUT,,,
Human_FAM53A_orthologues_AA_k_4_l_2000_a_8.dot,1774,120.0000,120.0000,120.0000,,,,TIMEOUT,TIMEOUT,TIMEOUT,,,
Human_TRPC1_orthologues_AA_k_3_l_2000_a_6.dot,1777,21.9486,15.1313,120.0000,21853700,15060200,,DECISIVE,DECISIVE,TIMEOUT,1,1,
Human_CEP57L1_orthologues_AA_k_3_l_2000_a_7.dot,1779,20.1881,14.1172,120.0000,20052900,14023500,,DECISIVE,DECISIVE,TIMEOUT,1,1,
Human_SLC22A2_orthologues_AA_k_4_l_2000_a_6.dot,1787,120.0000,120.0000,120.0000,,,,TIMEOUT,TIMEOUT,TIMEOUT,,,
Human_BTBD17_orthologues_AA_k_4_l_2000_a_7.dot,1791,120.0000,120.0000,120.0000,,,,TIMEOUT,TIMEOUT,TIMEOUT,,,
Human_STAU2_orthologues_AA_k_3_l_2000_a_8.dot,1802,20.1407,14.0195,120.0000,20005700,13945400,,DECISIVE,DECISIVE,TIMEOUT,1,1,
Human_GGT6_orthologues_AA_k_3_l_2000_a_7.dot,1803,21.2003,14.1828,120.0000,21111900,14109500,,DECISIVE,DECISIVE,TIMEOUT,1,1,
Human_DCSTAMP_orthologues_AA_k_3_l_2000_a_8.dot,1820,22.6203,15.2937,120.0000,22473900,15191600,,DECISIVE,DECISIVE,TIMEOUT,1,1,
Human_TRPC1_orthologues_AA_k_3_l_2000_a_7.dot,1821,23.6449,15.9744,120.0000,23553000,15846700,,DECISIVE,DECISIVE,TIMEOUT,1,1,
Human_SLC38A9_orthologues_AA_k_3_l_2000_a_7.dot,1831,22.3767,15.2462,120.0000,22281600,15170500,,DECISIVE,DECISIVE,TIMEOUT,1,1,
Human_FAM53A_orthologues_AA_k_5_l_2000_a_7.dot,1833,120.0000,120.0000,120.0000,,,,TIMEOUT,TIMEOUT,TIMEOUT,,,
Human_CEP57L1_orthologues_AA_k_3_l_2000_a_8.dot,1853,21.4214,14.6361,120.0000,21272000,14563700,,DECISIVE,DECISIVE,TIMEOUT,1,1,
Human_TRPC1_orthologues_AA_k_3_l_2000_a_8.dot,1879,24.5908,16.5783,120.0000,24493000,16497400,,DECISIVE,DECISIVE,TIMEOUT,1,1,
Human_SLC22A2_orthologues_AA_k_5_l_2000_a_6.dot,1913,120.0000,120.0000,120.0000,,,,TIMEOUT,TIMEOUT,TIMEOUT,,,
Human_BTBD17_orthologues_AA_k_5_l_2000_a_6.dot,1928,120.0000,120.0000,120.0000,,,,TIMEOUT,TIMEOUT,TIMEOUT,,,
Human_BTBD17_orthologues_AA_k_4_l_2000_a_8.dot,1953,120.0000,120.0000,120.0000,,,,TIMEOUT,TIMEOUT,TIMEOUT,,,
Human_BTBD17_orthologues_AA_k_5_l_2000_a_7.dot,1953,120.0000,120.0000,120.0000,,,,TIMEOUT,TIMEOUT,TIMEOUT,,,
Human_GGT6_orthologues_AA_k_4_l_2000_a_6.dot,1975,120.0000,120.0000,120.0000,,,,TIMEOUT,TIMEOUT,TIMEOUT,,,
Human_FAM53A_orthologues_AA_k_5_l_2000_a_8.dot,1988,120.0000,120.0000,120.0000,,,,TIMEOUT,TIMEOUT,TIMEOUT,,,
Human_CLPX_orthologues_AA_k_4_l_2000_a_6.dot,1995,120.0000,120.0000,120.0000,,,,TIMEOUT,TIMEOUT,TIMEOUT,,,
Human_GGT6_orthologues_AA_k_3_l_2000_a_8.dot,2005,25.6293,17.2722,120.0000,25491300,17185500,,DECISIVE,DECISIVE,TIMEOUT,1,1,
Human_SLC38A9_orthologues_AA_k_3_l_2000_a_8.dot,2016,26.0676,17.3783,120.0000,25959900,17248800,,DECISIVE,DECISIVE,TIMEOUT,1,1,
Human_LCP1_orthologues_AA_k_4_l_2000_a_6.dot,2043,120.0000,120.0000,120.0000,,,,TIMEOUT,TIMEOUT,TIMEOUT,,,
Human_GGT6_orthologues_AA_k_5_l_2000_a_6.dot,2046,120.0000,120.0000,120.0000,,,,TIMEOUT,TIMEOUT,TIMEOUT,,,
Human_LCP1_orthologues_AA_k_4_l_2000_a_7.dot,2082,120.0000,120.0000,120.0000,,,,TIMEOUT,TIMEOUT,TIMEOUT,,,
Human_LCP1_orthologues_AA_k_4_l_2000_a_8.dot,2114,120.0000,120.0000,120.0000,,,,TIMEOUT,TIMEOUT,TIMEOUT,,,
Human_ANGPTL4_orthologues_AA_k_4_l_2000_a_6.dot,2131,120.0000,120.0000,120.0000,,,,TIMEOUT,TIMEOUT,TIMEOUT,,,
Human_CLPX_orthologues_AA_k_5_l_2000_a_6.dot,2142,120.0000,120.0000,120.0000,,,,TIMEOUT,TIMEOUT,TIMEOUT,,,
Human_BTBD17_orthologues_AA_k_5_l_2000_a_8.dot,2150,120.0000,120.0000,120.0000,,,,TIMEOUT,TIMEOUT,TIMEOUT,,,
Human_FHIP1B_orthologues_AA_k_3_l_2000_a_6.dot,2152,28.6497,19.3819,120.0000,28476500,19257800,,DECISIVE,DECISIVE,TIMEOUT,1,1,
Human_CLPX_orthologues_AA_k_4_l_2000_a_7.dot,2158,120.0000,120.0000,120.0000,,,,TIMEOUT,TIMEOUT,TIMEOUT,,,
Human_STAU2_orthologues_AA_k_4_l_2000_a_6.dot,2161,120.0000,120.0000,120.0000,,,,TIMEOUT,TIMEOUT,TIMEOUT,,,
Human_SLC22A2_orthologues_AA_k_4_l_2000_a_7.dot,2183,120.0000,120.0000,120.0000,,,,TIMEOUT,TIMEOUT,TIMEOUT,,,
Human_DCSTAMP_orthologues_AA_k_4_l_2000_a_6.dot,2187,120.0000,120.0000,120.0000,,,,TIMEOUT,TIMEOUT,TIMEOUT,,,
Human_CLPX_orthologues_AA_k_4_l_2000_a_8.dot,2194,120.0000,120.0000,120.0000,,,,TIMEOUT,TIMEOUT,TIMEOUT,,,
Human_CEP57L1_orthologues_AA_k_4_l_2000_a_6.dot,2216,120.0000,120.0000,120.0000,,,,TIMEOUT,TIMEOUT,TIMEOUT,,,
Human_LCP1_orthologues_AA_k_5_l_2000_a_6.dot,2244,120.0000,120.0000,120.0000,,,,TIMEOUT,TIMEOUT,TIMEOUT,,,
Human_ANGPTL4_orthologues_AA_k_5_l_2000_a_6.dot,2262,120.0000,120.0000,120.0000,,,,TIMEOUT,TIMEOUT,TIMEOUT,,,
Human_TRPC1_orthologues_AA_k_4_l_2000_a_6.dot,2271,120.0000,120.0000,120.0000,,,,TIMEOUT,TIMEOUT,TIMEOUT,,,
Human_STAU2_orthologues_AA_k_5_l_2000_a_6.dot,2280,120.0000,120.0000,120.0000,,,,TIMEOUT,TIMEOUT,TIMEOUT,,,
Human_SLC38A9_orthologues_AA_k_4_l_2000_a_6.dot,2290,120.0000,120.0000,120.0000,,,,TIMEOUT,TIMEOUT,TIMEOUT,,,
Human_LCP1_orthologues_AA_k_5_l_2000_a_7.dot,2301,120.0000,120.0000,120.0000,,,,TIMEOUT,TIMEOUT,TIMEOUT,,,
Human_GGT6_orthologues_AA_k_4_l_2000_a_7.dot,2336,120.0000,120.0000,120.0000,,,,TIMEOUT,TIMEOUT,TIMEOUT,,,
Human_CLPX_orthologues_AA_k_5_l_2000_a_7.dot,2342,120.0000,120.0000,120.0000,,,,TIMEOUT,TIMEOUT,TIMEOUT,,,
Human_LCP1_orthologues_AA_k_5_l_2000_a_8.dot,2342,120.0000,120.0000,120.0000,,,,TIMEOUT,TIMEOUT,TIMEOUT,,,
Human_TRPC1_orthologues_AA_k_4_l_2000_a_7.dot,2342,120.0000,120.0000,120.0000,,,,TIMEOUT,TIMEOUT,TIMEOUT,,,
Human_ANGPTL4_orthologues_AA_k_4_l_2000_a_7.dot,2345,120.0000,120.0000,120.0000,,,,TIMEOUT,TIMEOUT,TIMEOUT,,,
Human_SLC22A2_orthologues_AA_k_4_l_2000_a_8.dot,2363,120.0000,120.0000,120.0000,,,,TIMEOUT,TIMEOUT,TIMEOUT,,,
Human_DCSTAMP_orthologues_AA_k_5_l_2000_a_6.dot,2367,120.0000,120.0000,120.0000,,,,TIMEOUT,TIMEOUT,TIMEOUT,,,
Human_SHLD2_orthologues_AA_k_3_l_2000_a_6.dot,2369,30.6233,22.6165,120.0000,30508100,22482100,,DECISIVE,DECISIVE,TIMEOUT,1,1,
Human_CEP57L1_orthologues_AA_k_5_l_2000_a_6.dot,2372,120.0000,120.0000,120.0000,,,,TIMEOUT,TIMEOUT,TIMEOUT,,,
Human_SLC22A2_orthologues_AA_k_5_l_2000_a_7.dot,2378,120.0000,120.0000,120.0000,,,,TIMEOUT,TIMEOUT,TIMEOUT,,,
Human_CLPX_orthologues_AA_k_5_l_2000_a_8.dot,2391,120.0000,120.0000,120.0000,,,,TIMEOUT,TIMEOUT,TIMEOUT,,,
Human_TRPC1_orthologues_AA_k_5_l_2000_a_6.dot,2405,120.0000,120.0000,120.0000,,,,TIMEOUT,TIMEOUT,TIMEOUT,,,
Human_DCSTAMP_orthologues_AA_k_4_l_2000_a_7.dot,2417,120.0000,120.0000,120.0000,,,,TIMEOUT,TIMEOUT,TIMEOUT,,,
Human_STAU2_orthologues_AA_k_4_l_2000_a_7.dot,2420,120.0000,120.0000,120.0000,,,,TIMEOUT,TIMEOUT,TIMEOUT,,,
Human_GGT6_orthologues_AA_k_5_l_2000_a_7.dot,2423,120.0000,120.0000,120.0000,,,,TIMEOUT,TIMEOUT,TIMEOUT,,,
Human_TRPC1_orthologues_AA_k_4_l_2000_a_8.dot,2445,120.0000,120.0000,120.0000,,,,TIMEOUT,TIMEOUT,TIMEOUT,,,
Human_SHLD2_orthologues_AA_k_3_l_2000_a_7.dot,2463,32.0480,25.0562,120.0000,31924600,24884100,,DECISIVE,DECISIVE,TIMEOUT,1,1,
Human_FHIP1B_orthologues_AA_k_3_l_2000_a_7.dot,2465,33.2909,25.2338,120.0000,33170500,25129300,,DECISIVE,DECISIVE,TIMEOUT,1,1,
Human_ANGPTL4_orthologues_AA_k_4_l_2000_a_8.dot,2468,120.0000,120.0000,120.0000,,,,TIMEOUT,TIMEOUT,TIMEOUT,,,
Human_STAU2_orthologues_AA_k_4_l_2000_a_8.dot,2485,120.0000,120.0000,120.0000,,,,TIMEOUT,TIMEOUT,TIMEOUT,,,
Human_TRPC1_orthologues_AA_k_5_l_2000_a_7.dot,2489,120.0000,120.0000,120.0000,,,,TIMEOUT,TIMEOUT,TIMEOUT,,,
Human_SLC38A9_orthologues_AA_k_5_l_2000_a_6.dot,2496,120.0000,120.0000,120.0000,,,,TIMEOUT,TIMEOUT,TIMEOUT,,,
Human_ANGPTL4_orthologues_AA_k_5_l_2000_a_7.dot,2508,120.0000,120.0000,120.0000,,,,TIMEOUT,TIMEOUT,TIMEOUT,,,
Human_SLC38A9_orthologues_AA_k_4_l_2000_a_7.dot,2560,120.0000,120.0000,120.0000,,,,TIMEOUT,TIMEOUT,TIMEOUT,,,
Human_SLC22A2_orthologues_AA_k_5_l_2000_a_8.dot,2568,120.0000,120.0000,120.0000,,,,TIMEOUT,TIMEOUT,TIMEOUT,,,
Human_CEP57L1_orthologues_AA_k_4_l_2000_a_7.dot,2575,120.0000,120.0000,120.0000,,,,TIMEOUT,TIMEOUT,TIMEOUT,,,
Human_STAU2_orthologues_AA_k_5_l_2000_a_7.dot,2584,120.0000,120.0000,120.0000,,,,TIMEOUT,TIMEOUT,TIMEOUT,,,
Human_DCSTAMP_orthologues_AA_k_4_l_2000_a_8.dot,2609,120.0000,120.0000,120.0000,,,,TIMEOUT,TIMEOUT,TIMEOUT,,,
Human_FHIP1B_orthologues_AA_k_3_l_2000_a_8.dot,2618,37.7984,28.0123,120.0000,37621700,27881600,,DECISIVE,DECISIVE,TIMEOUT,1,1,
Human_TRPC1_orthologues_AA_k_5_l_2000_a_8.dot,2620,120.0000,120.0000,120.0000,,,,TIMEOUT,TIMEOUT,TIMEOUT,,,
Human_DCSTAMP_orthologues_AA_k_5_l_2000_a_7.dot,2650,120.0000,120.0000,120.0000,,,,TIMEOUT,TIMEOUT,TIMEOUT,,,
Human_ANGPTL4_orthologues_AA_k_5_l_2000_a_8.dot,2661,120.0000,120.0000,120.0000,,,,TIMEOUT,TIMEOUT,TIMEOUT,,,
Human_STAU2_orthologues_AA_k_5_l_2000_a_8.dot,2665,120.0000,120.0000,120.0000,,,,TIMEOUT,TIMEOUT,TIMEOUT,,,
Human_CEP57L1_orthologues_AA_k_4_l_2000_a_8.dot,2730,120.0000,120.0000,120.0000,,,,TIMEOUT,TIMEOUT,TIMEOUT,,,
Human_SHLD2_orthologues_AA_k_3_l_2000_a_8.dot,2735,38.5400,28.1205,120.0000,38311200,27988300,,DECISIVE,DECISIVE,TIMEOUT,1,1,
Human_GGT6_orthologues_AA_k_4_l_2000_a_8.dot,2741,120.0000,120.0000,120.0000,,,,TIMEOUT,TIMEOUT,TIMEOUT,,,
Human_CEP57L1_orthologues_AA_k_5_l_2000_a_7.dot,2774,120.0000,120.0000,120.0000,,,,TIMEOUT,TIMEOUT,TIMEOUT,,,
Human_ZRANB3_orthologues_AA_k_3_l_2000_a_6.dot,2819,41.0460,31.7464,120.0000,40834000,31581300,,DECISIVE,DECISIVE,TIMEOUT,1,1,
Human_SLC38A9_orthologues_AA_k_5_l_2000_a_7.dot,2821,120.0000,120.0000,120.0000,,,,TIMEOUT,TIMEOUT,TIMEOUT,,,
Human_GGT6_orthologues_AA_k_5_l_2000_a_8.dot,2870,120.0000,120.0000,120.0000,,,,TIMEOUT,TIMEOUT,TIMEOUT,,,
Human_SLC38A9_orthologues_AA_k_4_l_2000_a_8.dot,2890,120.0000,120.0000,120.0000,,,,TIMEOUT,TIMEOUT,TIMEOUT,,,
Human_DCSTAMP_orthologues_AA_k_5_l_2000_a_8.dot,2892,120.0000,120.0000,120.0000,,,,TIMEOUT,TIMEOUT,TIMEOUT,,,
Human_CEP57L1_orthologues_AA_k_5_l_2000_a_8.dot,2971,120.0000,120.0000,120.0000,,,,TIMEOUT,TIMEOUT,TIMEOUT,,,
Human_ZRANB3_orthologues_AA_k_3_l_2000_a_7.dot,3002,43.5478,35.1513,120.0000,43361000,34967800,,DECISIVE,DECISIVE,TIMEOUT,1,1,
Human_ZRANB3_orthologues_AA_k_3_l_2000_a_8.dot,3129,47.6805,37.3660,120.0000,47430700,37206800,,DECISIVE,DECISIVE,TIMEOUT,1,1,
Human_SLC38A9_orthologues_AA_k_5_l_2000_a_8.dot,3203,120.0000,120.0000,120.0000,,,,TIMEOUT,TIMEOUT,TIMEOUT,,,
Human_FHIP1B_orthologues_AA_k_4_l_2000_a_6.dot,3250,120.0000,120.0000,120.0000,,,,TIMEOUT,TIMEOUT,TIMEOUT,,,
Human_SHLD2_orthologues_AA_k_4_l_2000_a_6.dot,3420,120.0000,120.0000,120.0000,,,,TIMEOUT,TIMEOUT,TIMEOUT,,,
Human_FHIP1B_orthologues_AA_k_5_l_2000_a_6.dot,3517,120.0000,120.0000,120.0000,,,,TIMEOUT,TIMEOUT,TIMEOUT,,,
Human_DOCK4_orthologues_AA_k_3_l_2000_a_6.dot,3554,54.9134,46.3623,120.0000,54700300,46131700,,DECISIVE,DECISIVE,TIMEOUT,1,1,
Human_DOCK4_orthologues_AA_k_3_l_2000_a_7.dot,3636,56.4911,47.3468,120.0000,56285400,47153400,,DECISIVE,DECISIVE,TIMEOUT,1,1,
Human_SHLD2_orthologues_AA_k_4_l_2000_a_7.dot,3641,120.0000,120.0000,120.0000,,,,TIMEOUT,TIMEOUT,TIMEOUT,,,
Human_SHLD2_orthologues_AA_k_5_l_2000_a_6.dot,3665,120.0000,120.0000,120.0000,,,,TIMEOUT,TIMEOUT,TIMEOUT,,,
Human_DOCK4_orthologues_AA_k_3_l_2000_a_8.dot,3725,58.1146,49.6309,120.0000,57885600,49407700,,DECISIVE,DECISIVE,TIMEOUT,1,1,
Human_SHLD2_orthologues_AA_k_5_l_2000_a_7.dot,3918,120.0000,120.0000,120.0000,,,,TIMEOUT,TIMEOUT,TIMEOUT,,,
Human_FHIP1B_orthologues_AA_k_4_l_2000_a_7.dot,3958,120.0000,120.0000,120.0000,,,,TIMEOUT,TIMEOUT,TIMEOUT,,,
Human_SHLD2_orthologues_AA_k_4_l_2000_a_8.dot,4249,120.0000,120.0000,120.0000,,,,TIMEOUT,TIMEOUT,TIMEOUT,,,
Human_FHIP1B_orthologues_AA_k_5_l_2000_a_7.dot,4332,120.0000,120.0000,120.0000,,,,TIMEOUT,TIMEOUT,TIMEOUT,,,
Human_FHIP1B_orthologues_AA_k_4_l_2000_a_8.dot,4417,120.0000,120.0000,120.0000,,,,TIMEOUT,TIMEOUT,TIMEOUT,,,
Human_ZRANB3_orthologues_AA_k_4_l_2000_a_6.dot,4418,120.0000,120.0000,120.0000,,,,TIMEOUT,TIMEOUT,TIMEOUT,,,
Human_SHLD2_orthologues_AA_k_5_l_2000_a_8.dot,4620,120.0000,120.0000,120.0000,,,,TIMEOUT,TIMEOUT,TIMEOUT,,,
Human_ZRANB3_orthologues_AA_k_5_l_2000_a_6.dot,4845,120.0000,120.0000,120.0000,,,,TIMEOUT,TIMEOUT,TIMEOUT,,,
Human_ZRANB3_orthologues_AA_k_4_l_2000_a_7.dot,4891,120.0000,120.0000,120.0000,,,,TIMEOUT,TIMEOUT,TIMEOUT,,,
Human_FHIP1B_orthologues_AA_k_5_l_2000_a_8.dot,4896,120.0000,120.0000,120.0000,,,,TIMEOUT,TIMEOUT,TIMEOUT,,,
Human_ZRANB3_orthologues_AA_k_4_l_2000_a_8.dot,5221,120.0000,120.0000,120.0000,,,,TIMEOUT,TIMEOUT,TIMEOUT,,,
Human_ZRANB3_orthologues_AA_k_5_l_2000_a_7.dot,5426,120.0000,120.0000,120.0000,,,,TIMEOUT,TIMEOUT,TIMEOUT,,,
Human_DOCK4_orthologues_AA_k_4_l_2000_a_6.dot,5760,120.0000,120.0000,120.0000,,,,TIMEOUT,TIMEOUT,TIMEOUT,,,
Human_ZRANB3_orthologues_AA_k_5_l_2000_a_8.dot,5837,120.0000,120.0000,120.0000,,,,TIMEOUT,TIMEOUT,TIMEOUT,,,
Human_DOCK4_orthologues_AA_k_4_l_2000_a_7.dot,6053,120.0000,120.0000,120.0000,,,,TIMEOUT,TIMEOUT,TIMEOUT,,,
Human_DOCK4_orthologues_AA_k_5_l_2000_a_6.dot,6254,120.0000,120.0000,120.0000,,,,TIMEOUT,TIMEOUT,TIMEOUT,,,
Human_DOCK4_orthologues_AA_k_4_l_2000_a_8.dot,6345,120.0000,120.0000,120.0000,,,,TIMEOUT,TIMEOUT,TIMEOUT,,,
Human_DOCK4_orthologues_AA_k_5_l_2000_a_7.dot,6636,120.0000,120.0000,120.0000,,,,TIMEOUT,TIMEOUT,TIMEOUT,,,
Human_DOCK4_orthologues_AA_k_5_l_2000_a_8.dot,7025,120.0000,120.0000,120.0000,,,,TIMEOUT,TIMEOUT,TIMEOUT,,,
