binaries : ['pre41', 'pre42', 'new']
graphs   : 900  (edge range 66..7025)
timeout  : 120.0s   replicates 3

[1/900] Human_TUNAR_orthologues_DNA_k_3_l_2000_a_6.dot   e=   66 pre41 -> 0.036s v=1
[1/900] Human_TUNAR_orthologues_DNA_k_3_l_2000_a_6.dot   e=   66 pre42 -> 0.035s v=1
[1/900] Human_TUNAR_orthologues_DNA_k_3_l_2000_a_6.dot   e=   66 new   -> 0.034s v=1
[2/900] Human_TUNAR_orthologues_DNA_k_3_l_2000_a_7.dot   e=   66 pre41 -> 0.035s v=1
[2/900] Human_TUNAR_orthologues_DNA_k_3_l_2000_a_7.dot   e=   66 pre42 -> 0.035s v=1
[2/900] Human_TUNAR_orthologues_DNA_k_3_l_2000_a_7.dot   e=   66 new   -> 0.034s v=1
[3/900] Human_TUNAR_orthologues_DNA_k_3_l_2000_a_8.dot   e=   66 pre41 -> 0.036s v=1
[3/900] Human_TUNAR_orthologues_DNA_k_3_l_2000_a_8.dot   e=   66 pre42 -> 0.036s v=1
[3/900] Human_TUNAR_orthologues_DNA_k_3_l_2000_a_8.dot   e=   66 new   -> 0.034s v=1
[4/900] Human_UBE2L5_orthologues_DNA_k_3_l_2000_a_6.dot  e=   66 pre41 -> 0.036s v=1
[4/900] Human_UBE2L5_orthologues_DNA_k_3_l_2000_a_6.dot  e=   66 pre42 -> 0.036s v=1
[4/900] Human_UBE2L5_orthologues_DNA_k_3_l_2000_a_6.dot  e=   66 new   -> 0.035s v=1
[5/900] Human_UBE2L5_orthologues_DNA_k_3_l_2000_a_7.dot  e=   66 pre41 -> 0.036s v=1
[5/900] Human_UBE2L5_orthologues_DNA_k_3_l_2000_a_7.dot  e=   66 pre42 -> 0.036s v=1
[5/900] Human_UBE2L5_orthologues_DNA_k_3_l_2000_a_7.dot  e=   66 new   -> 0.036s v=1
[6/900] Human_LEAP2_orthologues_DNA_k_3_l_2000_a_6.dot   e=   68 pre41 -> 0.038s v=1
[6/900] Human_LEAP2_orthologues_DNA_k_3_l_2000_a_6.dot   e=   68 pre42 -> 0.037s v=1
[6/900] Human_LEAP2_orthologues_DNA_k_3_l_2000_a_6.dot   e=   68 new   -> 0.036s v=1
[7/900] Human_LEAP2_orthologues_DNA_k_3_l_2000_a_7.dot   e=   68 pre41 -> 0.038s v=1
[7/900] Human_LEAP2_orthologues_DNA_k_3_l_2000_a_7.dot   e=   68 pre42 -> 0.037s v=1
[7/900] Human_LEAP2_orthologues_DNA_k_3_l_2000_a_7.dot   e=   68 new   -> 0.036s v=1
[8/900] Human_LEAP2_orthologues_DNA_k_3_l_2000_a_8.dot   e=   68 pre41 -> 0.038s v=1
[8/900] Human_LEAP2_orthologues_DNA_k_3_l_2000_a_8.dot   e=   68 pre42 -> 0.038s v=1
[8/900] Human_LEAP2_orthologues_DNA_k_3_l_2000_a_8.dot   e=   68 new   -> 0.037s v=1
[9/900] Human_SLC38A9_orthologues_DNA_k_3_l_2000_a_6.dot e=   68 pre41 -> 0.038s v=1
[9/900] Human_SLC38A9_orthologues_DNA_k_3_l_2000_a_6.dot e=   68 pre42 -> 0.037s v=1
[9/900] Human_SLC38A9_orthologues_DNA_k_3_l_2000_a_6.dot e=   68 new   -> 0.036s v=1
[10/900] Human_SLC38A9_orthologues_DNA_k_3_l_2000_a_7.dot e=   68 pre41 -> 0.037s v=1
[10/900] Human_SLC38A9_orthologues_DNA_k_3_l_2000_a_7.dot e=   68 pre42 -> 0.038s v=1
[10/900] Human_SLC38A9_orthologues_DNA_k_3_l_2000_a_7.dot e=   68 new   -> 0.036s v=1
[11/900] Human_LCP1_orthologues_DNA_k_3_l_2000_a_6.dot    e=   69 pre41 -> 0.038s v=1
[11/900] Human_LCP1_orthologues_DNA_k_3_l_2000_a_6.dot    e=   69 pre42 -> 0.038s v=1
[11/900] Human_LCP1_orthologues_DNA_k_3_l_2000_a_6.dot    e=   69 new   -> 0.033s v=1
[12/900] Human_LCP1_orthologues_DNA_k_3_l_2000_a_7.dot    e=   69 pre41 -> 0.038s v=1
[12/900] Human_LCP1_orthologues_DNA_k_3_l_2000_a_7.dot    e=   69 pre42 -> 0.037s v=1
[12/900] Human_LCP1_orthologues_DNA_k_3_l_2000_a_7.dot    e=   69 new   -> 0.035s v=1
[13/900] Human_LCP1_orthologues_DNA_k_3_l_2000_a_8.dot    e=   69 pre41 -> 0.038s v=1
[13/900] Human_LCP1_orthologues_DNA_k_3_l_2000_a_8.dot    e=   69 pre42 -> 0.038s v=1
[13/900] Human_LCP1_orthologues_DNA_k_3_l_2000_a_8.dot    e=   69 new   -> 0.034s v=1
[14/900] Human_RPS27A_orthologues_DNA_k_3_l_2000_a_6.dot  e=   70 pre41 -> 0.040s v=1
[14/900] Human_RPS27A_orthologues_DNA_k_3_l_2000_a_6.dot  e=   70 pre42 -> 0.039s v=1
[14/900] Human_RPS27A_orthologues_DNA_k_3_l_2000_a_6.dot  e=   70 new   -> 0.037s v=1
[15/900] Human_RPS27A_orthologues_DNA_k_3_l_2000_a_7.dot  e=   70 pre41 -> 0.040s v=1
[15/900] Human_RPS27A_orthologues_DNA_k_3_l_2000_a_7.dot  e=   70 pre42 -> 0.039s v=1
[15/900] Human_RPS27A_orthologues_DNA_k_3_l_2000_a_7.dot  e=   70 new   -> 0.036s v=1
[16/900] Human_SLC38A9_orthologues_DNA_k_3_l_2000_a_8.dot e=   70 pre41 -> 0.039s v=1
[16/900] Human_SLC38A9_orthologues_DNA_k_3_l_2000_a_8.dot e=   70 pre42 -> 0.038s v=1
[16/900] Human_SLC38A9_orthologues_DNA_k_3_l_2000_a_8.dot e=   70 new   -> 0.036s v=1
[17/900] Human_TRAM1_orthologues_DNA_k_3_l_2000_a_6.dot   e=   70 pre41 -> 0.039s v=1
[17/900] Human_TRAM1_orthologues_DNA_k_3_l_2000_a_6.dot   e=   70 pre42 -> 0.039s v=1
[17/900] Human_TRAM1_orthologues_DNA_k_3_l_2000_a_6.dot   e=   70 new   -> 0.036s v=1
[18/900] Human_TRAM1_orthologues_DNA_k_3_l_2000_a_7.dot   e=   70 pre41 -> 0.040s v=1
[18/900] Human_TRAM1_orthologues_DNA_k_3_l_2000_a_7.dot   e=   70 pre42 -> 0.039s v=1
[18/900] Human_TRAM1_orthologues_DNA_k_3_l_2000_a_7.dot   e=   70 new   -> 0.037s v=1
[19/900] Human_TRAM1_orthologues_DNA_k_3_l_2000_a_8.dot   e=   70 pre41 -> 0.040s v=1
[19/900] Human_TRAM1_orthologues_DNA_k_3_l_2000_a_8.dot   e=   70 pre42 -> 0.040s v=1
[19/900] Human_TRAM1_orthologues_DNA_k_3_l_2000_a_8.dot   e=   70 new   -> 0.037s v=1
[20/900] Human_BTBD17_orthologues_DNA_k_3_l_2000_a_6.dot  e=   71 pre41 -> 0.040s v=1
[20/900] Human_BTBD17_orthologues_DNA_k_3_l_2000_a_6.dot  e=   71 pre42 -> 0.041s v=1
[20/900] Human_BTBD17_orthologues_DNA_k_3_l_2000_a_6.dot  e=   71 new   -> 0.036s v=1
[21/900] Human_BTBD17_orthologues_DNA_k_3_l_2000_a_7.dot  e=   71 pre41 -> 0.040s v=1
[21/900] Human_BTBD17_orthologues_DNA_k_3_l_2000_a_7.dot  e=   71 pre42 -> 0.040s v=1
[21/900] Human_BTBD17_orthologues_DNA_k_3_l_2000_a_7.dot  e=   71 new   -> 0.036s v=1
[22/900] Human_CEP57L1_orthologues_DNA_k_3_l_2000_a_6.dot e=   71 pre41 -> 0.040s v=1
[22/900] Human_CEP57L1_orthologues_DNA_k_3_l_2000_a_6.dot e=   71 pre42 -> 0.040s v=1
[22/900] Human_CEP57L1_orthologues_DNA_k_3_l_2000_a_6.dot e=   71 new   -> 0.038s v=1
[23/900] Human_CLPX_orthologues_DNA_k_3_l_2000_a_6.dot    e=   71 pre41 -> 0.039s v=1
[23/900] Human_CLPX_orthologues_DNA_k_3_l_2000_a_6.dot    e=   71 pre42 -> 0.039s v=1
[23/900] Human_CLPX_orthologues_DNA_k_3_l_2000_a_6.dot    e=   71 new   -> 0.037s v=1
[24/900] Human_CLPX_orthologues_DNA_k_3_l_2000_a_7.dot    e=   71 pre41 -> 0.040s v=1
[24/900] Human_CLPX_orthologues_DNA_k_3_l_2000_a_7.dot    e=   71 pre42 -> 0.039s v=1
[24/900] Human_CLPX_orthologues_DNA_k_3_l_2000_a_7.dot    e=   71 new   -> 0.037s v=1
[25/900] Human_CLPX_orthologues_DNA_k_3_l_2000_a_8.dot    e=   71 pre41 -> 0.040s v=1
[25/900] Human_CLPX_orthologues_DNA_k_3_l_2000_a_8.dot    e=   71 pre42 -> 0.040s v=1
[25/900] Human_CLPX_orthologues_DNA_k_3_l_2000_a_8.dot    e=   71 new   -> 0.036s v=1
[26/900] Human_DCSTAMP_orthologues_DNA_k_3_l_2000_a_6.dot e=   71 pre41 -> 0.039s v=1
[26/900] Human_DCSTAMP_orthologues_DNA_k_3_l_2000_a_6.dot e=   71 pre42 -> 0.040s v=1
[26/900] Human_DCSTAMP_orthologues_DNA_k_3_l_2000_a_6.dot e=   71 new   -> 0.036s v=1
[27/900] Human_DOCK4_orthologues_DNA_k_3_l_2000_a_6.dot   e=   71 pre41 -> 0.041s v=1
[27/900] Human_DOCK4_orthologues_DNA_k_3_l_2000_a_6.dot   e=   71 pre42 -> 0.040s v=1
[27/900] Human_DOCK4_orthologues_DNA_k_3_l_2000_a_6.dot   e=   71 new   -> 0.037s v=1
[28/900] Human_DOCK4_orthologues_DNA_k_3_l_2000_a_7.dot   e=   71 pre41 -> 0.040s v=1
[28/900] Human_DOCK4_orthologues_DNA_k_3_l_2000_a_7.dot   e=   71 pre42 -> 0.039s v=1
[28/900] Human_DOCK4_orthologues_DNA_k_3_l_2000_a_7.dot   e=   71 new   -> 0.036s v=1
[29/900] Human_ELSPBP1_orthologues_DNA_k_3_l_2000_a_6.dot e=   71 pre41 -> 0.039s v=1
[29/900] Human_ELSPBP1_orthologues_DNA_k_3_l_2000_a_6.dot e=   71 pre42 -> 0.039s v=1
[29/900] Human_ELSPBP1_orthologues_DNA_k_3_l_2000_a_6.dot e=   71 new   -> 0.036s v=1
[30/900] Human_ELSPBP1_orthologues_DNA_k_3_l_2000_a_7.dot e=   71 pre41 -> 0.040s v=1
[30/900] Human_ELSPBP1_orthologues_DNA_k_3_l_2000_a_7.dot e=   71 pre42 -> 0.039s v=1
[30/900] Human_ELSPBP1_orthologues_DNA_k_3_l_2000_a_7.dot e=   71 new   -> 0.037s v=1
[31/900] Human_ELSPBP1_orthologues_DNA_k_3_l_2000_a_8.dot e=   71 pre41 -> 0.039s v=1
[31/900] Human_ELSPBP1_orthologues_DNA_k_3_l_2000_a_8.dot e=   71 pre42 -> 0.039s v=1
[31/900] Human_ELSPBP1_orthologues_DNA_k_3_l_2000_a_8.dot e=   71 new   -> 0.035s v=1
[32/900] Human_GGT6_orthologues_DNA_k_3_l_2000_a_6.dot    e=   71 pre41 -> 0.039s v=1
[32/900] Human_GGT6_orthologues_DNA_k_3_l_2000_a_6.dot    e=   71 pre42 -> 0.040s v=1
[32/900] Human_GGT6_orthologues_DNA_k_3_l_2000_a_6.dot    e=   71 new   -> 0.036s v=1
[33/900] Human_SLC22A2_orthologues_DNA_k_3_l_2000_a_6.dot e=   71 pre41 -> 0.040s v=1
[33/900] Human_SLC22A2_orthologues_DNA_k_3_l_2000_a_6.dot e=   71 pre42 -> 0.038s v=1
[33/900] Human_SLC22A2_orthologues_DNA_k_3_l_2000_a_6.dot e=   71 new   -> 0.038s v=1
[34/900] Human_STAU2_orthologues_DNA_k_3_l_2000_a_6.dot   e=   71 pre41 -> 0.039s v=1
[34/900] Human_STAU2_orthologues_DNA_k_3_l_2000_a_6.dot   e=   71 pre42 -> 0.039s v=1
[34/900] Human_STAU2_orthologues_DNA_k_3_l_2000_a_6.dot   e=   71 new   -> 0.037s v=1
[35/900] Human_STAU2_orthologues_DNA_k_3_l_2000_a_7.dot   e=   71 pre41 -> 0.040s v=1
[35/900] Human_STAU2_orthologues_DNA_k_3_l_2000_a_7.dot   e=   71 pre42 -> 0.039s v=1
[35/900] Human_STAU2_orthologues_DNA_k_3_l_2000_a_7.dot   e=   71 new   -> 0.036s v=1
[36/900] Human_STAU2_orthologues_DNA_k_3_l_2000_a_8.dot   e=   71 pre41 -> 0.039s v=1
[36/900] Human_STAU2_orthologues_DNA_k_3_l_2000_a_8.dot   e=   71 pre42 -> 0.039s v=1
[36/900] Human_STAU2_orthologues_DNA_k_3_l_2000_a_8.dot   e=   71 new   -> 0.035s v=1
[37/900] Human_UBE2L5_orthologues_DNA_k_3_l_2000_a_8.dot  e=   71 pre41 -> 0.038s v=1
[37/900] Human_UBE2L5_orthologues_DNA_k_3_l_2000_a_8.dot  e=   71 pre42 -> 0.039s v=1
[37/900] Human_UBE2L5_orthologues_DNA_k_3_l_2000_a_8.dot  e=   71 new   -> 0.037s v=1
[38/900] Human_BTBD17_orthologues_DNA_k_3_l_2000_a_8.dot  e=   72 pre41 -> 0.039s v=1
[38/900] Human_BTBD17_orthologues_DNA_k_3_l_2000_a_8.dot  e=   72 pre42 -> 0.039s v=1
[38/900] Human_BTBD17_orthologues_DNA_k_3_l_2000_a_8.dot  e=   72 new   -> 0.035s v=1
[39/900] Human_C17orf67_orthologues_DNA_k_3_l_2000_a_6.do e=   72 pre41 -> 0.040s v=1
[39/900] Human_C17orf67_orthologues_DNA_k_3_l_2000_a_6.do e=   72 pre42 -> 0.040s v=1
[39/900] Human_C17orf67_orthologues_DNA_k_3_l_2000_a_6.do e=   72 new   -> 0.037s v=1
[40/900] Human_C17orf67_orthologues_DNA_k_3_l_2000_a_7.do e=   72 pre41 -> 0.041s v=1
[40/900] Human_C17orf67_orthologues_DNA_k_3_l_2000_a_7.do e=   72 pre42 -> 0.039s v=1
[40/900] Human_C17orf67_orthologues_DNA_k_3_l_2000_a_7.do e=   72 new   -> 0.036s v=1
[41/900] Human_CEP57L1_orthologues_DNA_k_3_l_2000_a_7.dot e=   72 pre41 -> 0.040s v=1
[41/900] Human_CEP57L1_orthologues_DNA_k_3_l_2000_a_7.dot e=   72 pre42 -> 0.041s v=1
[41/900] Human_CEP57L1_orthologues_DNA_k_3_l_2000_a_7.dot e=   72 new   -> 0.038s v=1
[42/900] Human_CEP57L1_orthologues_DNA_k_3_l_2000_a_8.dot e=   72 pre41 -> 0.040s v=1
[42/900] Human_CEP57L1_orthologues_DNA_k_3_l_2000_a_8.dot e=   72 pre42 -> 0.040s v=1
[42/900] Human_CEP57L1_orthologues_DNA_k_3_l_2000_a_8.dot e=   72 new   -> 0.038s v=1
[43/900] Human_DCSTAMP_orthologues_DNA_k_3_l_2000_a_7.dot e=   72 pre41 -> 0.039s v=1
[43/900] Human_DCSTAMP_orthologues_DNA_k_3_l_2000_a_7.dot e=   72 pre42 -> 0.040s v=1
[43/900] Human_DCSTAMP_orthologues_DNA_k_3_l_2000_a_7.dot e=   72 new   -> 0.035s v=1
[44/900] Human_DCSTAMP_orthologues_DNA_k_3_l_2000_a_8.dot e=   72 pre41 -> 0.040s v=1
[44/900] Human_DCSTAMP_orthologues_DNA_k_3_l_2000_a_8.dot e=   72 pre42 -> 0.039s v=1
[44/900] Human_DCSTAMP_orthologues_DNA_k_3_l_2000_a_8.dot e=   72 new   -> 0.035s v=1
[45/900] Human_OR10G8_orthologues_DNA_k_3_l_2000_a_6.dot  e=   72 pre41 -> 0.041s v=1
[45/900] Human_OR10G8_orthologues_DNA_k_3_l_2000_a_6.dot  e=   72 pre42 -> 0.042s v=1
[45/900] Human_OR10G8_orthologues_DNA_k_3_l_2000_a_6.dot  e=   72 new   -> 0.037s v=1
[46/900] Human_OR10G8_orthologues_DNA_k_3_l_2000_a_7.dot  e=   72 pre41 -> 0.040s v=1
[46/900] Human_OR10G8_orthologues_DNA_k_3_l_2000_a_7.dot  e=   72 pre42 -> 0.041s v=1
[46/900] Human_OR10G8_orthologues_DNA_k_3_l_2000_a_7.dot  e=   72 new   -> 0.036s v=1
[47/900] Human_OR10G8_orthologues_DNA_k_3_l_2000_a_8.dot  e=   72 pre41 -> 0.041s v=1
[47/900] Human_OR10G8_orthologues_DNA_k_3_l_2000_a_8.dot  e=   72 pre42 -> 0.041s v=1
[47/900] Human_OR10G8_orthologues_DNA_k_3_l_2000_a_8.dot  e=   72 new   -> 0.035s v=1
[48/900] Human_SHLD2_orthologues_DNA_k_3_l_2000_a_6.dot   e=   72 pre41 -> 0.040s v=1
[48/900] Human_SHLD2_orthologues_DNA_k_3_l_2000_a_6.dot   e=   72 pre42 -> 0.040s v=1
[48/900] Human_SHLD2_orthologues_DNA_k_3_l_2000_a_6.dot   e=   72 new   -> 0.035s v=1
[49/900] Human_SHLD2_orthologues_DNA_k_3_l_2000_a_7.dot   e=   72 pre41 -> 0.039s v=1
[49/900] Human_SHLD2_orthologues_DNA_k_3_l_2000_a_7.dot   e=   72 pre42 -> 0.040s v=1
[49/900] Human_SHLD2_orthologues_DNA_k_3_l_2000_a_7.dot   e=   72 new   -> 0.035s v=1
[50/900] Human_SLC22A2_orthologues_DNA_k_3_l_2000_a_7.dot e=   72 pre41 -> 0.040s v=1
[50/900] Human_SLC22A2_orthologues_DNA_k_3_l_2000_a_7.dot e=   72 pre42 -> 0.040s v=1
[50/900] Human_SLC22A2_orthologues_DNA_k_3_l_2000_a_7.dot e=   72 new   -> 0.036s v=1
[51/900] Human_SPA17_orthologues_DNA_k_3_l_2000_a_6.dot   e=   72 pre41 -> 0.041s v=1
[51/900] Human_SPA17_orthologues_DNA_k_3_l_2000_a_6.dot   e=   72 pre42 -> 0.041s v=1
[51/900] Human_SPA17_orthologues_DNA_k_3_l_2000_a_6.dot   e=   72 new   -> 0.035s v=1
[52/900] Human_TUNAR_orthologues_AA_l_100_a_4.dot         e=   72 pre41 -> 0.115s v=-1
[52/900] Human_TUNAR_orthologues_AA_l_100_a_4.dot         e=   72 pre42 -> 0.080s v=-1
[52/900] Human_TUNAR_orthologues_AA_l_100_a_4.dot         e=   72 new   -> 0.078s v=-1
[53/900] Human_TUNAR_orthologues_AA_l_300_a_4.dot         e=   72 pre41 -> 0.114s v=-1
[53/900] Human_TUNAR_orthologues_AA_l_300_a_4.dot         e=   72 pre42 -> 0.079s v=-1
[53/900] Human_TUNAR_orthologues_AA_l_300_a_4.dot         e=   72 new   -> 0.079s v=-1
[54/900] Human_TUNAR_orthologues_AA_l_500_a_4.dot         e=   72 pre41 -> 0.114s v=-1
[54/900] Human_TUNAR_orthologues_AA_l_500_a_4.dot         e=   72 pre42 -> 0.079s v=-1
[54/900] Human_TUNAR_orthologues_AA_l_500_a_4.dot         e=   72 new   -> 0.077s v=-1
[55/900] Human_C17orf67_orthologues_DNA_k_3_l_2000_a_8.do e=   73 pre41 -> 0.041s v=1
[55/900] Human_C17orf67_orthologues_DNA_k_3_l_2000_a_8.do e=   73 pre42 -> 0.040s v=1
[55/900] Human_C17orf67_orthologues_DNA_k_3_l_2000_a_8.do e=   73 new   -> 0.036s v=1
[56/900] Human_DOCK4_orthologues_DNA_k_3_l_2000_a_8.dot   e=   73 pre41 -> 0.040s v=1
[56/900] Human_DOCK4_orthologues_DNA_k_3_l_2000_a_8.dot   e=   73 pre42 -> 0.040s v=1
[56/900] Human_DOCK4_orthologues_DNA_k_3_l_2000_a_8.dot   e=   73 new   -> 0.037s v=1
[57/900] Human_FHIP1B_orthologues_DNA_k_3_l_2000_a_6.dot  e=   73 pre41 -> 0.039s v=1
[57/900] Human_FHIP1B_orthologues_DNA_k_3_l_2000_a_6.dot  e=   73 pre42 -> 0.039s v=1
[57/900] Human_FHIP1B_orthologues_DNA_k_3_l_2000_a_6.dot  e=   73 new   -> 0.035s v=1
[58/900] Human_FHIP1B_orthologues_DNA_k_3_l_2000_a_7.dot  e=   73 pre41 -> 0.039s v=1
[58/900] Human_FHIP1B_orthologues_DNA_k_3_l_2000_a_7.dot  e=   73 pre42 -> 0.040s v=1
[58/900] Human_FHIP1B_orthologues_DNA_k_3_l_2000_a_7.dot  e=   73 new   -> 0.034s v=1
[59/900] Human_GGT6_orthologues_DNA_k_3_l_2000_a_7.dot    e=   73 pre41 -> 0.041s v=1
[59/900] Human_GGT6_orthologues_DNA_k_3_l_2000_a_7.dot    e=   73 pre42 -> 0.040s v=1
[59/900] Human_GGT6_orthologues_DNA_k_3_l_2000_a_7.dot    e=   73 new   -> 0.035s v=1
[60/900] Human_SHLD2_orthologues_DNA_k_3_l_2000_a_8.dot   e=   73 pre41 -> 0.039s v=1
[60/900] Human_SHLD2_orthologues_DNA_k_3_l_2000_a_8.dot   e=   73 pre42 -> 0.039s v=1
[60/900] Human_SHLD2_orthologues_DNA_k_3_l_2000_a_8.dot   e=   73 new   -> 0.034s v=1
[61/900] Human_SPA17_orthologues_DNA_k_3_l_2000_a_7.dot   e=   73 pre41 -> 0.040s v=1
[61/900] Human_SPA17_orthologues_DNA_k_3_l_2000_a_7.dot   e=   73 pre42 -> 0.041s v=1
[61/900] Human_SPA17_orthologues_DNA_k_3_l_2000_a_7.dot   e=   73 new   -> 0.035s v=1
[62/900] Human_SPA17_orthologues_DNA_k_3_l_2000_a_8.dot   e=   73 pre41 -> 0.040s v=1
[62/900] Human_SPA17_orthologues_DNA_k_3_l_2000_a_8.dot   e=   73 pre42 -> 0.041s v=1
[62/900] Human_SPA17_orthologues_DNA_k_3_l_2000_a_8.dot   e=   73 new   -> 0.035s v=1
[63/900] Human_ZRANB3_orthologues_DNA_k_3_l_2000_a_6.dot  e=   73 pre41 -> 0.041s v=1
[63/900] Human_ZRANB3_orthologues_DNA_k_3_l_2000_a_6.dot  e=   73 pre42 -> 0.040s v=1
[63/900] Human_ZRANB3_orthologues_DNA_k_3_l_2000_a_6.dot  e=   73 new   -> 0.035s v=1
[64/900] Human_ZRANB3_orthologues_DNA_k_3_l_2000_a_7.dot  e=   73 pre41 -> 0.040s v=1
[64/900] Human_ZRANB3_orthologues_DNA_k_3_l_2000_a_7.dot  e=   73 pre42 -> 0.040s v=1
[64/900] Human_ZRANB3_orthologues_DNA_k_3_l_2000_a_7.dot  e=   73 new   -> 0.037s v=1
[65/900] Human_ANGPTL4_orthologues_DNA_k_3_l_2000_a_6.dot e=   74 pre41 -> 0.041s v=1
[65/900] Human_ANGPTL4_orthologues_DNA_k_3_l_2000_a_6.dot e=   74 pre42 -> 0.042s v=1
[65/900] Human_ANGPTL4_orthologues_DNA_k_3_l_2000_a_6.dot e=   74 new   -> 0.037s v=1
[66/900] Human_GGT6_orthologues_DNA_k_3_l_2000_a_8.dot    e=   74 pre41 -> 0.042s v=1
[66/900] Human_GGT6_orthologues_DNA_k_3_l_2000_a_8.dot    e=   74 pre42 -> 0.042s v=1
[66/900] Human_GGT6_orthologues_DNA_k_3_l_2000_a_8.dot    e=   74 new   -> 0.037s v=1
[67/900] Human_SLC22A2_orthologues_DNA_k_3_l_2000_a_8.dot e=   74 pre41 -> 0.041s v=1
[67/900] Human_SLC22A2_orthologues_DNA_k_3_l_2000_a_8.dot e=   74 pre42 -> 0.040s v=1
[67/900] Human_SLC22A2_orthologues_DNA_k_3_l_2000_a_8.dot e=   74 new   -> 0.036s v=1
[68/900] Human_TRPC1_orthologues_DNA_k_3_l_2000_a_6.dot   e=   74 pre41 -> 0.041s v=1
[68/900] Human_TRPC1_orthologues_DNA_k_3_l_2000_a_6.dot   e=   74 pre42 -> 0.041s v=1
[68/900] Human_TRPC1_orthologues_DNA_k_3_l_2000_a_6.dot   e=   74 new   -> 0.036s v=1
[69/900] Human_ZRANB3_orthologues_DNA_k_3_l_2000_a_8.dot  e=   74 pre41 -> 0.041s v=1
[69/900] Human_ZRANB3_orthologues_DNA_k_3_l_2000_a_8.dot  e=   74 pre42 -> 0.041s v=1
[69/900] Human_ZRANB3_orthologues_DNA_k_3_l_2000_a_8.dot  e=   74 new   -> 0.035s v=1
[70/900] Human_ANGPTL4_orthologues_DNA_k_3_l_2000_a_7.dot e=   75 pre41 -> 0.041s v=1
[70/900] Human_ANGPTL4_orthologues_DNA_k_3_l_2000_a_7.dot e=   75 pre42 -> 0.041s v=1
[70/900] Human_ANGPTL4_orthologues_DNA_k_3_l_2000_a_7.dot e=   75 new   -> 0.036s v=1
[71/900] Human_ANGPTL4_orthologues_DNA_k_3_l_2000_a_8.dot e=   75 pre41 -> 0.041s v=1
[71/900] Human_ANGPTL4_orthologues_DNA_k_3_l_2000_a_8.dot e=   75 pre42 -> 0.041s v=1
[71/900] Human_ANGPTL4_orthologues_DNA_k_3_l_2000_a_8.dot e=   75 new   -> 0.038s v=1
[72/900] Human_FHIP1B_orthologues_DNA_k_3_l_2000_a_8.dot  e=   75 pre41 -> 0.042s v=1
[72/900] Human_FHIP1B_orthologues_DNA_k_3_l_2000_a_8.dot  e=   75 pre42 -> 0.041s v=1
[72/900] Human_FHIP1B_orthologues_DNA_k_3_l_2000_a_8.dot  e=   75 new   -> 0.037s v=1
[73/900] Human_RPS27A_orthologues_DNA_k_3_l_2000_a_8.dot  e=   75 pre41 -> 0.043s v=1
[73/900] Human_RPS27A_orthologues_DNA_k_3_l_2000_a_8.dot  e=   75 pre42 -> 0.042s v=1
[73/900] Human_RPS27A_orthologues_DNA_k_3_l_2000_a_8.dot  e=   75 new   -> 0.039s v=1
[74/900] Human_TRPC1_orthologues_DNA_k_3_l_2000_a_7.dot   e=   75 pre41 -> 0.041s v=1
[74/900] Human_TRPC1_orthologues_DNA_k_3_l_2000_a_7.dot   e=   75 pre42 -> 0.041s v=1
[74/900] Human_TRPC1_orthologues_DNA_k_3_l_2000_a_7.dot   e=   75 new   -> 0.038s v=1
[75/900] Human_TRPC1_orthologues_DNA_k_3_l_2000_a_8.dot   e=   75 pre41 -> 0.041s v=1
[75/900] Human_TRPC1_orthologues_DNA_k_3_l_2000_a_8.dot   e=   75 pre42 -> 0.042s v=1
[75/900] Human_TRPC1_orthologues_DNA_k_3_l_2000_a_8.dot   e=   75 new   -> 0.037s v=1
[76/900] Human_FAM53A_orthologues_DNA_k_3_l_2000_a_6.dot  e=   76 pre41 -> 0.042s v=1
[76/900] Human_FAM53A_orthologues_DNA_k_3_l_2000_a_6.dot  e=   76 pre42 -> 0.042s v=1
[76/900] Human_FAM53A_orthologues_DNA_k_3_l_2000_a_6.dot  e=   76 new   -> 0.034s v=1
[77/900] Human_FAM53A_orthologues_DNA_k_3_l_2000_a_7.dot  e=   76 pre41 -> 0.043s v=1
[77/900] Human_FAM53A_orthologues_DNA_k_3_l_2000_a_7.dot  e=   76 pre42 -> 0.041s v=1
[77/900] Human_FAM53A_orthologues_DNA_k_3_l_2000_a_7.dot  e=   76 new   -> 0.033s v=1
[78/900] Human_TUNAR_orthologues_AA_l_100_a_5.dot         e=   76 pre41 -> 0.120s v=-1
[78/900] Human_TUNAR_orthologues_AA_l_100_a_5.dot         e=   76 pre42 -> 0.084s v=-1
[78/900] Human_TUNAR_orthologues_AA_l_100_a_5.dot         e=   76 new   -> 0.084s v=-1
[79/900] Human_TUNAR_orthologues_AA_l_300_a_5.dot         e=   76 pre41 -> 0.116s v=-1
[79/900] Human_TUNAR_orthologues_AA_l_300_a_5.dot         e=   76 pre42 -> 0.087s v=-1
[79/900] Human_TUNAR_orthologues_AA_l_300_a_5.dot         e=   76 new   -> 0.081s v=-1
[80/900] Human_TUNAR_orthologues_AA_l_500_a_5.dot         e=   76 pre41 -> 0.118s v=-1
[80/900] Human_TUNAR_orthologues_AA_l_500_a_5.dot         e=   76 pre42 -> 0.084s v=-1
[80/900] Human_TUNAR_orthologues_AA_l_500_a_5.dot         e=   76 new   -> 0.084s v=-1
[81/900] Human_FAM53A_orthologues_DNA_k_3_l_2000_a_8.dot  e=   78 pre41 -> 0.044s v=1
[81/900] Human_FAM53A_orthologues_DNA_k_3_l_2000_a_8.dot  e=   78 pre42 -> 0.043s v=1
[81/900] Human_FAM53A_orthologues_DNA_k_3_l_2000_a_8.dot  e=   78 new   -> 0.034s v=1
[82/900] Human_TUNAR_orthologues_AA_l_100_a_6.dot         e=   82 pre41 -> 0.130s v=-1
[82/900] Human_TUNAR_orthologues_AA_l_100_a_6.dot         e=   82 pre42 -> 0.091s v=-1
[82/900] Human_TUNAR_orthologues_AA_l_100_a_6.dot         e=   82 new   -> 0.090s v=-1
[83/900] Human_TUNAR_orthologues_AA_l_300_a_6.dot         e=   82 pre41 -> 0.131s v=-1
[83/900] Human_TUNAR_orthologues_AA_l_300_a_6.dot         e=   82 pre42 -> 0.090s v=-1
[83/900] Human_TUNAR_orthologues_AA_l_300_a_6.dot         e=   82 new   -> 0.091s v=-1
[84/900] Human_TUNAR_orthologues_AA_l_500_a_6.dot         e=   82 pre41 -> 0.132s v=-1
[84/900] Human_TUNAR_orthologues_AA_l_500_a_6.dot         e=   82 pre42 -> 0.090s v=-1
[84/900] Human_TUNAR_orthologues_AA_l_500_a_6.dot         e=   82 new   -> 0.091s v=-1
[85/900] Human_SHLD2_orthologues_DNA_l_100_a_6.dot        e=   84 pre41 -> 0.211s v=1
[85/900] Human_SHLD2_orthologues_DNA_l_100_a_6.dot        e=   84 pre42 -> 0.159s v=1
[85/900] Human_SHLD2_orthologues_DNA_l_100_a_6.dot        e=   84 new   -> 0.158s v=1
[86/900] Human_TUNAR_orthologues_AA_k_3_l_2000_a_6.dot    e=   92 pre41 -> 0.154s v=1
[86/900] Human_TUNAR_orthologues_AA_k_3_l_2000_a_6.dot    e=   92 pre42 -> 0.106s v=1
[86/900] Human_TUNAR_orthologues_AA_k_3_l_2000_a_6.dot    e=   92 new   -> 0.106s v=1
[87/900] Human_TUNAR_orthologues_AA_k_3_l_2000_a_7.dot    e=   92 pre41 -> 0.151s v=1
[87/900] Human_TUNAR_orthologues_AA_k_3_l_2000_a_7.dot    e=   92 pre42 -> 0.103s v=1
[87/900] Human_TUNAR_orthologues_AA_k_3_l_2000_a_7.dot    e=   92 new   -> 0.105s v=1
[88/900] Human_TUNAR_orthologues_AA_k_3_l_2000_a_8.dot    e=   95 pre41 -> 0.160s v=1
[88/900] Human_TUNAR_orthologues_AA_k_3_l_2000_a_8.dot    e=   95 pre42 -> 0.110s v=1
[88/900] Human_TUNAR_orthologues_AA_k_3_l_2000_a_8.dot    e=   95 new   -> 0.111s v=1
[89/900] Human_DOCK4_orthologues_DNA_l_100_a_4.dot        e=   99 pre41 -> 0.324s v=1
[89/900] Human_DOCK4_orthologues_DNA_l_100_a_4.dot        e=   99 pre42 -> 0.230s v=1
[89/900] Human_DOCK4_orthologues_DNA_l_100_a_4.dot        e=   99 new   -> 0.221s v=1
[90/900] Human_DOCK4_orthologues_DNA_l_100_a_5.dot        e=   99 pre41 -> 0.310s v=1
[90/900] Human_DOCK4_orthologues_DNA_l_100_a_5.dot        e=   99 pre42 -> 0.224s v=1
[90/900] Human_DOCK4_orthologues_DNA_l_100_a_5.dot        e=   99 new   -> 0.220s v=1
[91/900] Human_SPA17_orthologues_DNA_l_100_a_5.dot        e=   99 pre41 -> 0.316s v=1
[91/900] Human_SPA17_orthologues_DNA_l_100_a_5.dot        e=   99 pre42 -> 0.254s v=1
[91/900] Human_SPA17_orthologues_DNA_l_100_a_5.dot        e=   99 new   -> 0.257s v=1
[92/900] Human_SPA17_orthologues_DNA_l_100_a_6.dot        e=   99 pre41 -> 0.319s v=1
[92/900] Human_SPA17_orthologues_DNA_l_100_a_6.dot        e=   99 pre42 -> 0.253s v=1
[92/900] Human_SPA17_orthologues_DNA_l_100_a_6.dot        e=   99 new   -> 0.259s v=1
[93/900] Human_STAU2_orthologues_DNA_l_100_a_6.dot        e=   99 pre41 -> 0.321s v=1
[93/900] Human_STAU2_orthologues_DNA_l_100_a_6.dot        e=   99 pre42 -> 0.231s v=1
[93/900] Human_STAU2_orthologues_DNA_l_100_a_6.dot        e=   99 new   -> 0.227s v=1
[94/900] Human_DOCK4_orthologues_AA_l_100_a_4.dot         e=   99 pre41 -> 0.303s v=1
[94/900] Human_DOCK4_orthologues_AA_l_100_a_4.dot         e=   99 pre42 -> 0.182s v=1
[94/900] Human_DOCK4_orthologues_AA_l_100_a_4.dot         e=   99 new   -> 0.180s v=1
[95/900] Human_DOCK4_orthologues_AA_l_100_a_5.dot         e=   99 pre41 -> 0.306s v=1
[95/900] Human_DOCK4_orthologues_AA_l_100_a_5.dot         e=   99 pre42 -> 0.181s v=1
[95/900] Human_DOCK4_orthologues_AA_l_100_a_5.dot         e=   99 new   -> 0.181s v=1
[96/900] Human_TUNAR_orthologues_AA_k_4_l_2000_a_6.dot    e=  101 pre41 -> 0.241s v=1
[96/900] Human_TUNAR_orthologues_AA_k_4_l_2000_a_6.dot    e=  101 pre42 -> 0.153s v=1
[96/900] Human_TUNAR_orthologues_AA_k_4_l_2000_a_6.dot    e=  101 new   -> 0.152s v=1
[97/900] Human_TUNAR_orthologues_AA_k_4_l_2000_a_7.dot    e=  101 pre41 -> 0.245s v=1
[97/900] Human_TUNAR_orthologues_AA_k_4_l_2000_a_7.dot    e=  101 pre42 -> 0.153s v=1
[97/900] Human_TUNAR_orthologues_AA_k_4_l_2000_a_7.dot    e=  101 new   -> 0.153s v=1
[98/900] Human_TUNAR_orthologues_AA_k_4_l_2000_a_8.dot    e=  105 pre41 -> 0.276s v=1
[98/900] Human_TUNAR_orthologues_AA_k_4_l_2000_a_8.dot    e=  105 pre42 -> 0.163s v=1
[98/900] Human_TUNAR_orthologues_AA_k_4_l_2000_a_8.dot    e=  105 new   -> 0.162s v=1
[99/900] Human_TUNAR_orthologues_AA_k_5_l_2000_a_6.dot    e=  108 pre41 -> 0.308s v=1
[99/900] Human_TUNAR_orthologues_AA_k_5_l_2000_a_6.dot    e=  108 pre42 -> 0.181s v=1
[99/900] Human_TUNAR_orthologues_AA_k_5_l_2000_a_6.dot    e=  108 new   -> 0.180s v=1
[100/900] Human_TUNAR_orthologues_AA_k_5_l_2000_a_7.dot    e=  108 pre41 -> 0.307s v=1
[100/900] Human_TUNAR_orthologues_AA_k_5_l_2000_a_7.dot    e=  108 pre42 -> 0.182s v=1
[100/900] Human_TUNAR_orthologues_AA_k_5_l_2000_a_7.dot    e=  108 new   -> 0.182s v=1
[101/900] Human_STAU2_orthologues_DNA_l_100_a_4.dot        e=  109 pre41 -> 0.367s v=-1
[101/900] Human_STAU2_orthologues_DNA_l_100_a_4.dot        e=  109 pre42 -> 0.257s v=-1
[101/900] Human_STAU2_orthologues_DNA_l_100_a_4.dot        e=  109 new   -> 0.246s v=-1
[102/900] Human_STAU2_orthologues_DNA_l_100_a_5.dot        e=  109 pre41 -> 0.350s v=-1
[102/900] Human_STAU2_orthologues_DNA_l_100_a_5.dot        e=  109 pre42 -> 0.253s v=-1
[102/900] Human_STAU2_orthologues_DNA_l_100_a_5.dot        e=  109 new   -> 0.254s v=-1
[103/900] Human_STAU2_orthologues_AA_l_100_a_6.dot         e=  109 pre41 -> 0.302s v=-1
[103/900] Human_STAU2_orthologues_AA_l_100_a_6.dot         e=  109 pre42 -> 0.175s v=-1
[103/900] Human_STAU2_orthologues_AA_l_100_a_6.dot         e=  109 new   -> 0.182s v=-1
[104/900] Human_SPA17_orthologues_DNA_l_100_a_4.dot        e=  110 pre41 -> 0.343s v=-1
[104/900] Human_SPA17_orthologues_DNA_l_100_a_4.dot        e=  110 pre42 -> 0.249s v=-1
[104/900] Human_SPA17_orthologues_DNA_l_100_a_4.dot        e=  110 new   -> 0.248s v=-1
[105/900] Human_TUNAR_orthologues_AA_k_5_l_2000_a_8.dot    e=  113 pre41 -> 0.321s v=1
[105/900] Human_TUNAR_orthologues_AA_k_5_l_2000_a_8.dot    e=  113 pre42 -> 0.193s v=1
[105/900] Human_TUNAR_orthologues_AA_k_5_l_2000_a_8.dot    e=  113 new   -> 0.193s v=1
[106/900] Human_RPS27A_orthologues_AA_l_100_a_4.dot        e=  113 pre41 -> 0.316s v=-1
[106/900] Human_RPS27A_orthologues_AA_l_100_a_4.dot        e=  113 pre42 -> 0.178s v=-1
[106/900] Human_RPS27A_orthologues_AA_l_100_a_4.dot        e=  113 new   -> 0.180s v=-1
[107/900] Human_RPS27A_orthologues_AA_l_100_a_5.dot        e=  113 pre41 -> 0.315s v=-1
[107/900] Human_RPS27A_orthologues_AA_l_100_a_5.dot        e=  113 pre42 -> 0.180s v=-1
[107/900] Human_RPS27A_orthologues_AA_l_100_a_5.dot        e=  113 new   -> 0.178s v=-1
[108/900] Human_STAU2_orthologues_AA_l_100_a_4.dot         e=  113 pre41 -> 0.317s v=-1
[108/900] Human_STAU2_orthologues_AA_l_100_a_4.dot         e=  113 pre42 -> 0.178s v=-1
[108/900] Human_STAU2_orthologues_AA_l_100_a_4.dot         e=  113 new   -> 0.179s v=-1
[109/900] Human_RPS27A_orthologues_AA_l_100_a_6.dot        e=  115 pre41 -> 0.324s v=-1
[109/900] Human_RPS27A_orthologues_AA_l_100_a_6.dot        e=  115 pre42 -> 0.177s v=-1
[109/900] Human_RPS27A_orthologues_AA_l_100_a_6.dot        e=  115 new   -> 0.179s v=-1
[110/900] Human_FHIP1B_orthologues_DNA_l_100_a_5.dot       e=  117 pre41 -> 0.378s v=-1
[110/900] Human_FHIP1B_orthologues_DNA_l_100_a_5.dot       e=  117 pre42 -> 0.282s v=-1
[110/900] Human_FHIP1B_orthologues_DNA_l_100_a_5.dot       e=  117 new   -> 0.281s v=-1
[111/900] Human_FHIP1B_orthologues_DNA_l_100_a_6.dot       e=  117 pre41 -> 0.378s v=-1
[111/900] Human_FHIP1B_orthologues_DNA_l_100_a_6.dot       e=  117 pre42 -> 0.281s v=-1
[111/900] Human_FHIP1B_orthologues_DNA_l_100_a_6.dot       e=  117 new   -> 0.279s v=-1
[112/900] Human_RPS27A_orthologues_DNA_l_100_a_4.dot       e=  123 pre41 -> 0.404s v=-1
[112/900] Human_RPS27A_orthologues_DNA_l_100_a_4.dot       e=  123 pre42 -> 0.294s v=-1
[112/900] Human_RPS27A_orthologues_DNA_l_100_a_4.dot       e=  123 new   -> 0.293s v=-1
[113/900] Human_ELSPBP1_orthologues_DNA_l_100_a_4.dot      e=  124 pre41 -> 0.373s v=-1
[113/900] Human_ELSPBP1_orthologues_DNA_l_100_a_4.dot      e=  124 pre42 -> 0.278s v=-1
[113/900] Human_ELSPBP1_orthologues_DNA_l_100_a_4.dot      e=  124 new   -> 0.279s v=-1
[114/900] Human_FHIP1B_orthologues_DNA_l_100_a_4.dot       e=  124 pre41 -> 0.423s v=-1
[114/900] Human_FHIP1B_orthologues_DNA_l_100_a_4.dot       e=  124 pre42 -> 0.306s v=-1
[114/900] Human_FHIP1B_orthologues_DNA_l_100_a_4.dot       e=  124 new   -> 0.307s v=-1
[115/900] Human_UBE2L5_orthologues_AA_l_100_a_4.dot        e=  125 pre41 -> 0.347s v=-1
[115/900] Human_UBE2L5_orthologues_AA_l_100_a_4.dot        e=  125 pre42 -> 0.194s v=-1
[115/900] Human_UBE2L5_orthologues_AA_l_100_a_4.dot        e=  125 new   -> 0.193s v=-1
[116/900] Human_RPS27A_orthologues_DNA_l_100_a_5.dot       e=  128 pre41 -> 0.445s v=-1
[116/900] Human_RPS27A_orthologues_DNA_l_100_a_5.dot       e=  128 pre42 -> 0.319s v=-1
[116/900] Human_RPS27A_orthologues_DNA_l_100_a_5.dot       e=  128 new   -> 0.321s v=-1
[117/900] Human_UBE2L5_orthologues_AA_l_100_a_5.dot        e=  129 pre41 -> 0.353s v=-1
[117/900] Human_UBE2L5_orthologues_AA_l_100_a_5.dot        e=  129 pre42 -> 0.218s v=-1
[117/900] Human_UBE2L5_orthologues_AA_l_100_a_5.dot        e=  129 new   -> 0.215s v=-1
[118/900] Human_DOCK4_orthologues_DNA_l_100_a_6.dot        e=  130 pre41 -> 0.442s v=-1
[118/900] Human_DOCK4_orthologues_DNA_l_100_a_6.dot        e=  130 pre42 -> 0.323s v=-1
[118/900] Human_DOCK4_orthologues_DNA_l_100_a_6.dot        e=  130 new   -> 0.325s v=-1
[119/900] Human_RPS27A_orthologues_DNA_l_100_a_6.dot       e=  131 pre41 -> 0.456s v=-1
[119/900] Human_RPS27A_orthologues_DNA_l_100_a_6.dot       e=  131 pre42 -> 0.327s v=-1
[119/900] Human_RPS27A_orthologues_DNA_l_100_a_6.dot       e=  131 new   -> 0.327s v=-1
[120/900] Human_DOCK4_orthologues_AA_l_100_a_6.dot         e=  131 pre41 -> 0.394s v=-1
[120/900] Human_DOCK4_orthologues_AA_l_100_a_6.dot         e=  131 pre42 -> 0.244s v=-1
[120/900] Human_DOCK4_orthologues_AA_l_100_a_6.dot         e=  131 new   -> 0.241s v=-1
[121/900] Human_LEAP2_orthologues_AA_l_100_a_4.dot         e=  131 pre41 -> 0.309s v=-1
[121/900] Human_LEAP2_orthologues_AA_l_100_a_4.dot         e=  131 pre42 -> 0.183s v=-1
[121/900] Human_LEAP2_orthologues_AA_l_100_a_4.dot         e=  131 new   -> 0.186s v=-1
[122/900] Human_LEAP2_orthologues_AA_l_300_a_4.dot         e=  131 pre41 -> 0.309s v=-1
[122/900] Human_LEAP2_orthologues_AA_l_300_a_4.dot         e=  131 pre42 -> 0.187s v=-1
[122/900] Human_LEAP2_orthologues_AA_l_300_a_4.dot         e=  131 new   -> 0.187s v=-1
[123/900] Human_LEAP2_orthologues_AA_l_500_a_4.dot         e=  131 pre41 -> 0.310s v=-1
[123/900] Human_LEAP2_orthologues_AA_l_500_a_4.dot         e=  131 pre42 -> 0.188s v=-1
[123/900] Human_LEAP2_orthologues_AA_l_500_a_4.dot         e=  131 new   -> 0.191s v=-1
[124/900] Human_TUNAR_orthologues_DNA_l_100_a_4.dot        e=  134 pre41 -> 0.417s v=-1
[124/900] Human_TUNAR_orthologues_DNA_l_100_a_4.dot        e=  134 pre42 -> 0.325s v=-1
[124/900] Human_TUNAR_orthologues_DNA_l_100_a_4.dot        e=  134 new   -> 0.316s v=-1
[125/900] Human_SPA17_orthologues_AA_l_100_a_5.dot         e=  134 pre41 -> 0.387s v=-1
[125/900] Human_SPA17_orthologues_AA_l_100_a_5.dot         e=  134 pre42 -> 0.242s v=-1
[125/900] Human_SPA17_orthologues_AA_l_100_a_5.dot         e=  134 new   -> 0.244s v=-1
[126/900] Human_SPA17_orthologues_AA_l_100_a_6.dot         e=  137 pre41 -> 0.395s v=-1
[126/900] Human_SPA17_orthologues_AA_l_100_a_6.dot         e=  137 pre42 -> 0.248s v=-1
[126/900] Human_SPA17_orthologues_AA_l_100_a_6.dot         e=  137 new   -> 0.246s v=-1
[127/900] Human_LEAP2_orthologues_AA_l_100_a_5.dot         e=  139 pre41 -> 0.340s v=-1
[127/900] Human_LEAP2_orthologues_AA_l_100_a_5.dot         e=  139 pre42 -> 0.204s v=-1
[127/900] Human_LEAP2_orthologues_AA_l_100_a_5.dot         e=  139 new   -> 0.204s v=-1
[128/900] Human_LEAP2_orthologues_AA_l_300_a_5.dot         e=  139 pre41 -> 0.339s v=-1
[128/900] Human_LEAP2_orthologues_AA_l_300_a_5.dot         e=  139 pre42 -> 0.203s v=-1
[128/900] Human_LEAP2_orthologues_AA_l_300_a_5.dot         e=  139 new   -> 0.203s v=-1
[129/900] Human_LEAP2_orthologues_AA_l_500_a_5.dot         e=  139 pre41 -> 0.338s v=-1
[129/900] Human_LEAP2_orthologues_AA_l_500_a_5.dot         e=  139 pre42 -> 0.201s v=-1
[129/900] Human_LEAP2_orthologues_AA_l_500_a_5.dot         e=  139 new   -> 0.202s v=-1
[130/900] Human_TRPC1_orthologues_AA_l_100_a_4.dot         e=  140 pre41 -> 0.420s v=-1
[130/900] Human_TRPC1_orthologues_AA_l_100_a_4.dot         e=  140 pre42 -> 0.245s v=-1
[130/900] Human_TRPC1_orthologues_AA_l_100_a_4.dot         e=  140 new   -> 0.253s v=-1
[131/900] Human_TRPC1_orthologues_AA_l_100_a_5.dot         e=  140 pre41 -> 0.426s v=-1
[131/900] Human_TRPC1_orthologues_AA_l_100_a_5.dot         e=  140 pre42 -> 0.250s v=-1
[131/900] Human_TRPC1_orthologues_AA_l_100_a_5.dot         e=  140 new   -> 0.253s v=-1
[132/900] Human_STAU2_orthologues_AA_l_100_a_5.dot         e=  141 pre41 -> 0.443s v=-1
[132/900] Human_STAU2_orthologues_AA_l_100_a_5.dot         e=  141 pre42 -> 0.264s v=-1
[132/900] Human_STAU2_orthologues_AA_l_100_a_5.dot         e=  141 new   -> 0.258s v=-1
[133/900] Human_TUNAR_orthologues_DNA_l_100_a_5.dot        e=  144 pre41 -> 0.479s v=-1
[133/900] Human_TUNAR_orthologues_DNA_l_100_a_5.dot        e=  144 pre42 -> 0.359s v=-1
[133/900] Human_TUNAR_orthologues_DNA_l_100_a_5.dot        e=  144 new   -> 0.364s v=-1
[134/900] Human_OR10G8_orthologues_AA_l_100_a_4.dot        e=  144 pre41 -> 0.421s v=-1
[134/900] Human_OR10G8_orthologues_AA_l_100_a_4.dot        e=  144 pre42 -> 0.258s v=-1
[134/900] Human_OR10G8_orthologues_AA_l_100_a_4.dot        e=  144 new   -> 0.269s v=-1
[135/900] Human_ELSPBP1_orthologues_AA_l_100_a_4.dot       e=  145 pre41 -> 0.446s v=-1
[135/900] Human_ELSPBP1_orthologues_AA_l_100_a_4.dot       e=  145 pre42 -> 0.252s v=-1
[135/900] Human_ELSPBP1_orthologues_AA_l_100_a_4.dot       e=  145 new   -> 0.253s v=-1
[136/900] Human_UBE2L5_orthologues_AA_l_100_a_6.dot        e=  145 pre41 -> 0.402s v=-1
[136/900] Human_UBE2L5_orthologues_AA_l_100_a_6.dot        e=  145 pre42 -> 0.248s v=-1
[136/900] Human_UBE2L5_orthologues_AA_l_100_a_6.dot        e=  145 new   -> 0.248s v=-1
[137/900] Human_ELSPBP1_orthologues_DNA_l_100_a_5.dot      e=  146 pre41 -> 0.503s v=-1
[137/900] Human_ELSPBP1_orthologues_DNA_l_100_a_5.dot      e=  146 pre42 -> 0.380s v=-1
[137/900] Human_ELSPBP1_orthologues_DNA_l_100_a_5.dot      e=  146 new   -> 0.374s v=-1
[138/900] Human_UBE2L5_orthologues_DNA_l_100_a_4.dot       e=  146 pre41 -> 0.502s v=-1
[138/900] Human_UBE2L5_orthologues_DNA_l_100_a_4.dot       e=  146 pre42 -> 0.374s v=-1
[138/900] Human_UBE2L5_orthologues_DNA_l_100_a_4.dot       e=  146 new   -> 0.379s v=-1
[139/900] Human_LEAP2_orthologues_AA_l_100_a_6.dot         e=  147 pre41 -> 0.348s v=-1
[139/900] Human_LEAP2_orthologues_AA_l_100_a_6.dot         e=  147 pre42 -> 0.227s v=-1
[139/900] Human_LEAP2_orthologues_AA_l_100_a_6.dot         e=  147 new   -> 0.228s v=-1
[140/900] Human_LEAP2_orthologues_AA_l_300_a_6.dot         e=  147 pre41 -> 0.355s v=-1
[140/900] Human_LEAP2_orthologues_AA_l_300_a_6.dot         e=  147 pre42 -> 0.228s v=-1
[140/900] Human_LEAP2_orthologues_AA_l_300_a_6.dot         e=  147 new   -> 0.230s v=-1
[141/900] Human_LEAP2_orthologues_AA_l_500_a_6.dot         e=  147 pre41 -> 0.363s v=-1
[141/900] Human_LEAP2_orthologues_AA_l_500_a_6.dot         e=  147 pre42 -> 0.231s v=-1
[141/900] Human_LEAP2_orthologues_AA_l_500_a_6.dot         e=  147 new   -> 0.233s v=-1
[142/900] Human_OR10G8_orthologues_DNA_l_100_a_4.dot       e=  148 pre41 -> 0.557s v=-1
[142/900] Human_OR10G8_orthologues_DNA_l_100_a_4.dot       e=  148 pre42 -> 0.387s v=-1
[142/900] Human_OR10G8_orthologues_DNA_l_100_a_4.dot       e=  148 new   -> 0.388s v=-1
[143/900] Human_TRPC1_orthologues_AA_l_100_a_6.dot         e=  150 pre41 -> 0.500s v=-1
[143/900] Human_TRPC1_orthologues_AA_l_100_a_6.dot         e=  150 pre42 -> 0.286s v=-1
[143/900] Human_TRPC1_orthologues_AA_l_100_a_6.dot         e=  150 new   -> 0.288s v=-1
[144/900] Human_TUNAR_orthologues_DNA_l_100_a_6.dot        e=  151 pre41 -> 0.509s v=-1
[144/900] Human_TUNAR_orthologues_DNA_l_100_a_6.dot        e=  151 pre42 -> 0.381s v=-1
[144/900] Human_TUNAR_orthologues_DNA_l_100_a_6.dot        e=  151 new   -> 0.385s v=-1
[145/900] Human_FHIP1B_orthologues_AA_l_100_a_4.dot        e=  151 pre41 -> 0.478s v=-1
[145/900] Human_FHIP1B_orthologues_AA_l_100_a_4.dot        e=  151 pre42 -> 0.271s v=-1
[145/900] Human_FHIP1B_orthologues_AA_l_100_a_4.dot        e=  151 new   -> 0.270s v=-1
[146/900] Human_SLC22A2_orthologues_DNA_l_100_a_4.dot      e=  159 pre41 -> 0.684s v=-1
[146/900] Human_SLC22A2_orthologues_DNA_l_100_a_4.dot      e=  159 pre42 -> 0.478s v=-1
[146/900] Human_SLC22A2_orthologues_DNA_l_100_a_4.dot      e=  159 new   -> 0.476s v=-1
[147/900] Human_SLC22A2_orthologues_DNA_l_100_a_5.dot      e=  159 pre41 -> 0.678s v=-1
[147/900] Human_SLC22A2_orthologues_DNA_l_100_a_5.dot      e=  159 pre42 -> 0.472s v=-1
[147/900] Human_SLC22A2_orthologues_DNA_l_100_a_5.dot      e=  159 new   -> 0.465s v=-1
[148/900] Human_SLC22A2_orthologues_DNA_l_100_a_6.dot      e=  159 pre41 -> 0.694s v=-1
[148/900] Human_SLC22A2_orthologues_DNA_l_100_a_6.dot      e=  159 pre42 -> 0.481s v=-1
[148/900] Human_SLC22A2_orthologues_DNA_l_100_a_6.dot      e=  159 new   -> 0.497s v=-1
[149/900] Human_SLC22A2_orthologues_AA_l_100_a_4.dot       e=  159 pre41 -> 0.655s v=-1
[149/900] Human_SLC22A2_orthologues_AA_l_100_a_4.dot       e=  159 pre42 -> 0.338s v=-1
[149/900] Human_SLC22A2_orthologues_AA_l_100_a_4.dot       e=  159 new   -> 0.337s v=-1
[150/900] Human_FHIP1B_orthologues_AA_l_100_a_5.dot        e=  160 pre41 -> 0.526s v=-1
[150/900] Human_FHIP1B_orthologues_AA_l_100_a_5.dot        e=  160 pre42 -> 0.336s v=-1
[150/900] Human_FHIP1B_orthologues_AA_l_100_a_5.dot        e=  160 new   -> 0.300s v=-1
[151/900] Human_FHIP1B_orthologues_AA_l_100_a_6.dot        e=  160 pre41 -> 0.514s v=-1
[151/900] Human_FHIP1B_orthologues_AA_l_100_a_6.dot        e=  160 pre42 -> 0.302s v=-1
[151/900] Human_FHIP1B_orthologues_AA_l_100_a_6.dot        e=  160 new   -> 0.299s v=-1
[152/900] Human_OR10G8_orthologues_AA_l_100_a_5.dot        e=  160 pre41 -> 0.496s v=-1
[152/900] Human_OR10G8_orthologues_AA_l_100_a_5.dot        e=  160 pre42 -> 0.290s v=-1
[152/900] Human_OR10G8_orthologues_AA_l_100_a_5.dot        e=  160 new   -> 0.290s v=-1
[153/900] Human_DCSTAMP_orthologues_DNA_l_100_a_4.dot      e=  161 pre41 -> 0.742s v=-1
[153/900] Human_DCSTAMP_orthologues_DNA_l_100_a_4.dot      e=  161 pre42 -> 0.486s v=-1
[153/900] Human_DCSTAMP_orthologues_DNA_l_100_a_4.dot      e=  161 new   -> 0.486s v=-1
[154/900] Human_SLC22A2_orthologues_AA_l_100_a_5.dot       e=  161 pre41 -> 0.667s v=-1
[154/900] Human_SLC22A2_orthologues_AA_l_100_a_5.dot       e=  161 pre42 -> 0.355s v=-1
[154/900] Human_SLC22A2_orthologues_AA_l_100_a_5.dot       e=  161 new   -> 0.350s v=-1
[155/900] Human_SLC22A2_orthologues_AA_l_100_a_6.dot       e=  161 pre41 -> 0.664s v=-1
[155/900] Human_SLC22A2_orthologues_AA_l_100_a_6.dot       e=  161 pre42 -> 0.353s v=-1
[155/900] Human_SLC22A2_orthologues_AA_l_100_a_6.dot       e=  161 new   -> 0.352s v=-1
[156/900] Human_UBE2L5_orthologues_DNA_l_100_a_5.dot       e=  162 pre41 -> 0.598s v=-1
[156/900] Human_UBE2L5_orthologues_DNA_l_100_a_5.dot       e=  162 pre42 -> 0.441s v=-1
[156/900] Human_UBE2L5_orthologues_DNA_l_100_a_5.dot       e=  162 new   -> 0.438s v=-1
[157/900] Human_LEAP2_orthologues_DNA_l_100_a_4.dot        e=  164 pre41 -> 0.642s v=-1
[157/900] Human_LEAP2_orthologues_DNA_l_100_a_4.dot        e=  164 pre42 -> 0.448s v=-1
[157/900] Human_LEAP2_orthologues_DNA_l_100_a_4.dot        e=  164 new   -> 0.447s v=-1
[158/900] Human_C17orf67_orthologues_DNA_l_100_a_4.dot     e=  165 pre41 -> 0.673s v=-1
[158/900] Human_C17orf67_orthologues_DNA_l_100_a_4.dot     e=  165 pre42 -> 0.565s v=-1
[158/900] Human_C17orf67_orthologues_DNA_l_100_a_4.dot     e=  165 new   -> 0.540s v=-1
[159/900] Human_OR10G8_orthologues_DNA_l_100_a_5.dot       e=  165 pre41 -> 0.640s v=-1
[159/900] Human_OR10G8_orthologues_DNA_l_100_a_5.dot       e=  165 pre42 -> 0.465s v=-1
[159/900] Human_OR10G8_orthologues_DNA_l_100_a_5.dot       e=  165 new   -> 0.461s v=-1
[160/900] Human_UBE2L5_orthologues_DNA_l_100_a_6.dot       e=  166 pre41 -> 0.654s v=-1
[160/900] Human_UBE2L5_orthologues_DNA_l_100_a_6.dot       e=  166 pre42 -> 0.475s v=-1
[160/900] Human_UBE2L5_orthologues_DNA_l_100_a_6.dot       e=  166 new   -> 0.477s v=-1
[161/900] Human_DCSTAMP_orthologues_DNA_l_100_a_6.dot      e=  168 pre41 -> 0.704s v=-1
[161/900] Human_DCSTAMP_orthologues_DNA_l_100_a_6.dot      e=  168 pre42 -> 0.487s v=-1
[161/900] Human_DCSTAMP_orthologues_DNA_l_100_a_6.dot      e=  168 new   -> 0.483s v=-1
[162/900] Human_OR10G8_orthologues_DNA_l_100_a_6.dot       e=  168 pre41 -> 0.663s v=-1
[162/900] Human_OR10G8_orthologues_DNA_l_100_a_6.dot       e=  168 pre42 -> 0.478s v=-1
[162/900] Human_OR10G8_orthologues_DNA_l_100_a_6.dot       e=  168 new   -> 0.475s v=-1
[163/900] Human_ELSPBP1_orthologues_AA_l_100_a_5.dot       e=  168 pre41 -> 0.508s v=-1
[163/900] Human_ELSPBP1_orthologues_AA_l_100_a_5.dot       e=  168 pre42 -> 0.311s v=-1
[163/900] Human_ELSPBP1_orthologues_AA_l_100_a_5.dot       e=  168 new   -> 0.286s v=-1
[164/900] Human_LEAP2_orthologues_DNA_l_100_a_5.dot        e=  170 pre41 -> 0.664s v=-1
[164/900] Human_LEAP2_orthologues_DNA_l_100_a_5.dot        e=  170 pre42 -> 0.467s v=-1
[164/900] Human_LEAP2_orthologues_DNA_l_100_a_5.dot        e=  170 new   -> 0.467s v=-1
[165/900] Human_LEAP2_orthologues_DNA_l_100_a_6.dot        e=  171 pre41 -> 0.669s v=-1
[165/900] Human_LEAP2_orthologues_DNA_l_100_a_6.dot        e=  171 pre42 -> 0.478s v=-1
[165/900] Human_LEAP2_orthologues_DNA_l_100_a_6.dot        e=  171 new   -> 0.484s v=-1
[166/900] Human_LEAP2_orthologues_AA_k_3_l_2000_a_6.dot    e=  172 pre41 -> 0.471s v=1
[166/900] Human_LEAP2_orthologues_AA_k_3_l_2000_a_6.dot    e=  172 pre42 -> 0.296s v=1
[166/900] Human_LEAP2_orthologues_AA_k_3_l_2000_a_6.dot    e=  172 new   -> 0.286s v=1
[167/900] Human_ELSPBP1_orthologues_DNA_l_100_a_6.dot      e=  174 pre41 -> 0.703s v=-1
[167/900] Human_ELSPBP1_orthologues_DNA_l_100_a_6.dot      e=  174 pre42 -> 0.552s v=-1
[167/900] Human_ELSPBP1_orthologues_DNA_l_100_a_6.dot      e=  174 new   -> 0.554s v=-1
[168/900] Human_TRPC1_orthologues_DNA_l_100_a_4.dot        e=  175 pre41 -> 0.708s v=-1
[168/900] Human_TRPC1_orthologues_DNA_l_100_a_4.dot        e=  175 pre42 -> 0.485s v=-1
[168/900] Human_TRPC1_orthologues_DNA_l_100_a_4.dot        e=  175 new   -> 0.474s v=-1
[169/900] Human_TRPC1_orthologues_DNA_l_100_a_5.dot        e=  175 pre41 -> 0.653s v=-1
[169/900] Human_TRPC1_orthologues_DNA_l_100_a_5.dot        e=  175 pre42 -> 0.478s v=-1
[169/900] Human_TRPC1_orthologues_DNA_l_100_a_5.dot        e=  175 new   -> 0.473s v=-1
[170/900] Human_TRPC1_orthologues_DNA_l_100_a_6.dot        e=  175 pre41 -> 0.677s v=-1
[170/900] Human_TRPC1_orthologues_DNA_l_100_a_6.dot        e=  175 pre42 -> 0.494s v=-1
[170/900] Human_TRPC1_orthologues_DNA_l_100_a_6.dot        e=  175 new   -> 0.493s v=-1
[171/900] Human_OR10G8_orthologues_AA_l_100_a_6.dot        e=  175 pre41 -> 0.527s v=-1
[171/900] Human_OR10G8_orthologues_AA_l_100_a_6.dot        e=  175 pre42 -> 0.321s v=-1
[171/900] Human_OR10G8_orthologues_AA_l_100_a_6.dot        e=  175 new   -> 0.320s v=-1
[172/900] Human_FAM53A_orthologues_AA_l_100_a_5.dot        e=  177 pre41 -> 0.541s v=-1
[172/900] Human_FAM53A_orthologues_AA_l_100_a_5.dot        e=  177 pre42 -> 0.342s v=-1
[172/900] Human_FAM53A_orthologues_AA_l_100_a_5.dot        e=  177 new   -> 0.348s v=-1
[173/900] Human_SPA17_orthologues_AA_l_100_a_4.dot         e=  177 pre41 -> 0.789s v=-1
[173/900] Human_SPA17_orthologues_AA_l_100_a_4.dot         e=  177 pre42 -> 0.428s v=-1
[173/900] Human_SPA17_orthologues_AA_l_100_a_4.dot         e=  177 new   -> 0.431s v=-1
[174/900] Human_ZRANB3_orthologues_DNA_l_100_a_4.dot       e=  179 pre41 -> 0.799s v=-1
[174/900] Human_ZRANB3_orthologues_DNA_l_100_a_4.dot       e=  179 pre42 -> 0.595s v=-1
[174/900] Human_ZRANB3_orthologues_DNA_l_100_a_4.dot       e=  179 new   -> 0.593s v=-1
[175/900] Human_DCSTAMP_orthologues_DNA_l_100_a_5.dot      e=  186 pre41 -> 0.869s v=-1
[175/900] Human_DCSTAMP_orthologues_DNA_l_100_a_5.dot      e=  186 pre42 -> 0.651s v=-1
[175/900] Human_DCSTAMP_orthologues_DNA_l_100_a_5.dot      e=  186 new   -> 0.642s v=-1
[176/900] Human_C17orf67_orthologues_DNA_l_100_a_5.dot     e=  190 pre41 -> 0.863s v=-1
[176/900] Human_C17orf67_orthologues_DNA_l_100_a_5.dot     e=  190 pre42 -> 0.675s v=-1
[176/900] Human_C17orf67_orthologues_DNA_l_100_a_5.dot     e=  190 new   -> 0.659s v=-1
[177/900] Human_LEAP2_orthologues_AA_k_3_l_2000_a_7.dot    e=  191 pre41 -> 0.537s v=1
[177/900] Human_LEAP2_orthologues_AA_k_3_l_2000_a_7.dot    e=  191 pre42 -> 0.334s v=1
[177/900] Human_LEAP2_orthologues_AA_k_3_l_2000_a_7.dot    e=  191 new   -> 0.333s v=1
[178/900] Human_TUNAR_orthologues_DNA_k_4_l_2000_a_6.dot   e=  193 pre41 -> 0.250s v=1
[178/900] Human_TUNAR_orthologues_DNA_k_4_l_2000_a_6.dot   e=  193 pre42 -> 0.266s v=1
[178/900] Human_TUNAR_orthologues_DNA_k_4_l_2000_a_6.dot   e=  193 new   -> 0.152s v=1
[179/900] Human_LCP1_orthologues_DNA_l_100_a_4.dot         e=  194 pre41 -> 0.852s v=-1
[179/900] Human_LCP1_orthologues_DNA_l_100_a_4.dot         e=  194 pre42 -> 0.670s v=-1
[179/900] Human_LCP1_orthologues_DNA_l_100_a_4.dot         e=  194 new   -> 0.672s v=-1
[180/900] Human_TRAM1_orthologues_DNA_l_100_a_4.dot        e=  196 pre41 -> 0.909s v=-1
[180/900] Human_TRAM1_orthologues_DNA_l_100_a_4.dot        e=  196 pre42 -> 0.699s v=-1
[180/900] Human_TRAM1_orthologues_DNA_l_100_a_4.dot        e=  196 new   -> 0.710s v=-1
[181/900] Human_SHLD2_orthologues_AA_l_100_a_6.dot         e=  196 pre41 -> 0.850s v=-1
[181/900] Human_SHLD2_orthologues_AA_l_100_a_6.dot         e=  196 pre42 -> 0.448s v=-1
[181/900] Human_SHLD2_orthologues_AA_l_100_a_6.dot         e=  196 new   -> 0.473s v=-1
[182/900] Human_C17orf67_orthologues_DNA_l_100_a_6.dot     e=  198 pre41 -> 0.935s v=-1
[182/900] Human_C17orf67_orthologues_DNA_l_100_a_6.dot     e=  198 pre42 -> 0.732s v=-1
[182/900] Human_C17orf67_orthologues_DNA_l_100_a_6.dot     e=  198 new   -> 0.706s v=-1
[183/900] Human_GGT6_orthologues_DNA_l_100_a_4.dot         e=  198 pre41 -> 0.901s v=-1
[183/900] Human_GGT6_orthologues_DNA_l_100_a_4.dot         e=  198 pre42 -> 0.696s v=-1
[183/900] Human_GGT6_orthologues_DNA_l_100_a_4.dot         e=  198 new   -> 0.678s v=-1
[184/900] Human_BTBD17_orthologues_AA_l_100_a_4.dot        e=  198 pre41 -> 0.732s v=-1
[184/900] Human_BTBD17_orthologues_AA_l_100_a_4.dot        e=  198 pre42 -> 0.415s v=-1
[184/900] Human_BTBD17_orthologues_AA_l_100_a_4.dot        e=  198 new   -> 0.416s v=-1
[185/900] Human_TUNAR_orthologues_DNA_k_4_l_2000_a_7.dot   e=  199 pre41 -> 0.264s v=1
[185/900] Human_TUNAR_orthologues_DNA_k_4_l_2000_a_7.dot   e=  199 pre42 -> 0.283s v=1
[185/900] Human_TUNAR_orthologues_DNA_k_4_l_2000_a_7.dot   e=  199 new   -> 0.152s v=1
[186/900] Human_TUNAR_orthologues_DNA_k_4_l_2000_a_8.dot   e=  200 pre41 -> 0.259s v=1
[186/900] Human_TUNAR_orthologues_DNA_k_4_l_2000_a_8.dot   e=  200 pre42 -> 0.271s v=1
[186/900] Human_TUNAR_orthologues_DNA_k_4_l_2000_a_8.dot   e=  200 new   -> 0.152s v=1
[187/900] Human_BTBD17_orthologues_DNA_l_100_a_4.dot       e=  200 pre41 -> 0.861s v=-1
[187/900] Human_BTBD17_orthologues_DNA_l_100_a_4.dot       e=  200 pre42 -> 0.671s v=-1
[187/900] Human_BTBD17_orthologues_DNA_l_100_a_4.dot       e=  200 new   -> 0.674s v=-1
[188/900] Human_TRAM1_orthologues_DNA_l_100_a_5.dot        e=  200 pre41 -> 0.898s v=-1
[188/900] Human_TRAM1_orthologues_DNA_l_100_a_5.dot        e=  200 pre42 -> 0.698s v=-1
[188/900] Human_TRAM1_orthologues_DNA_l_100_a_5.dot        e=  200 new   -> 0.706s v=-1
[189/900] Human_TRAM1_orthologues_DNA_l_100_a_6.dot        e=  200 pre41 -> 0.898s v=-1
[189/900] Human_TRAM1_orthologues_DNA_l_100_a_6.dot        e=  200 pre42 -> 0.709s v=-1
[189/900] Human_TRAM1_orthologues_DNA_l_100_a_6.dot        e=  200 new   -> 0.691s v=-1
[190/900] Human_FAM53A_orthologues_DNA_l_100_a_4.dot       e=  201 pre41 -> 0.871s v=-1
[190/900] Human_FAM53A_orthologues_DNA_l_100_a_4.dot       e=  201 pre42 -> 0.732s v=-1
[190/900] Human_FAM53A_orthologues_DNA_l_100_a_4.dot       e=  201 new   -> 0.709s v=-1
[191/900] Human_LEAP2_orthologues_AA_k_4_l_2000_a_6.dot    e=  203 pre41 -> 1.153s v=1
[191/900] Human_LEAP2_orthologues_AA_k_4_l_2000_a_6.dot    e=  203 pre42 -> 0.646s v=1
[191/900] Human_LEAP2_orthologues_AA_k_4_l_2000_a_6.dot    e=  203 new   -> 0.639s v=1
[192/900] Human_SHLD2_orthologues_DNA_l_100_a_4.dot        e=  203 pre41 -> 1.038s v=-1
[192/900] Human_SHLD2_orthologues_DNA_l_100_a_4.dot        e=  203 pre42 -> 0.789s v=-1
[192/900] Human_SHLD2_orthologues_DNA_l_100_a_4.dot        e=  203 new   -> 0.781s v=-1
[193/900] Human_SHLD2_orthologues_DNA_l_100_a_5.dot        e=  203 pre41 -> 1.045s v=-1
[193/900] Human_SHLD2_orthologues_DNA_l_100_a_5.dot        e=  203 pre42 -> 0.799s v=-1
[193/900] Human_SHLD2_orthologues_DNA_l_100_a_5.dot        e=  203 new   -> 0.791s v=-1
[194/900] Human_CLPX_orthologues_AA_l_100_a_4.dot          e=  203 pre41 -> 0.826s v=-1
[194/900] Human_CLPX_orthologues_AA_l_100_a_4.dot          e=  203 pre42 -> 0.453s v=-1
[194/900] Human_CLPX_orthologues_AA_l_100_a_4.dot          e=  203 new   -> 0.450s v=-1
[195/900] Human_CEP57L1_orthologues_DNA_l_100_a_4.dot      e=  204 pre41 -> 1.069s v=-1
[195/900] Human_CEP57L1_orthologues_DNA_l_100_a_4.dot      e=  204 pre42 -> 0.760s v=-1
[195/900] Human_CEP57L1_orthologues_DNA_l_100_a_4.dot      e=  204 new   -> 0.777s v=-1
[196/900] Human_ZRANB3_orthologues_DNA_l_100_a_5.dot       e=  204 pre41 -> 0.956s v=-1
[196/900] Human_ZRANB3_orthologues_DNA_l_100_a_5.dot       e=  204 pre42 -> 0.751s v=-1
[196/900] Human_ZRANB3_orthologues_DNA_l_100_a_5.dot       e=  204 new   -> 0.783s v=-1
[197/900] Human_GGT6_orthologues_DNA_l_100_a_5.dot         e=  205 pre41 -> 1.011s v=-1
[197/900] Human_GGT6_orthologues_DNA_l_100_a_5.dot         e=  205 pre42 -> 0.777s v=-1
[197/900] Human_GGT6_orthologues_DNA_l_100_a_5.dot         e=  205 new   -> 0.782s v=-1
[198/900] Human_GGT6_orthologues_DNA_l_100_a_6.dot         e=  205 pre41 -> 1.002s v=-1
[198/900] Human_GGT6_orthologues_DNA_l_100_a_6.dot         e=  205 pre42 -> 0.758s v=-1
[198/900] Human_GGT6_orthologues_DNA_l_100_a_6.dot         e=  205 new   -> 0.750s v=-1
[199/900] Human_LCP1_orthologues_DNA_l_100_a_5.dot         e=  206 pre41 -> 0.939s v=-1
[199/900] Human_LCP1_orthologues_DNA_l_100_a_5.dot         e=  206 pre42 -> 0.736s v=-1
[199/900] Human_LCP1_orthologues_DNA_l_100_a_5.dot         e=  206 new   -> 0.754s v=-1
[200/900] Human_ELSPBP1_orthologues_AA_l_100_a_6.dot       e=  206 pre41 -> 0.754s v=-1
[200/900] Human_ELSPBP1_orthologues_AA_l_100_a_6.dot       e=  206 pre42 -> 0.420s v=-1
[200/900] Human_ELSPBP1_orthologues_AA_l_100_a_6.dot       e=  206 new   -> 0.417s v=-1
[201/900] Human_ZRANB3_orthologues_AA_l_100_a_4.dot        e=  206 pre41 -> 0.822s v=-1
[201/900] Human_ZRANB3_orthologues_AA_l_100_a_4.dot        e=  206 pre42 -> 0.448s v=-1
[201/900] Human_ZRANB3_orthologues_AA_l_100_a_4.dot        e=  206 new   -> 0.470s v=-1
[202/900] Human_CLPX_orthologues_DNA_l_100_a_4.dot         e=  207 pre41 -> 1.200s v=-1
[202/900] Human_CLPX_orthologues_DNA_l_100_a_4.dot         e=  207 pre42 -> 0.922s v=-1
[202/900] Human_CLPX_orthologues_DNA_l_100_a_4.dot         e=  207 new   -> 0.887s v=-1
[203/900] Human_C17orf67_orthologues_AA_l_100_a_4.dot      e=  208 pre41 -> 0.910s v=-1
[203/900] Human_C17orf67_orthologues_AA_l_100_a_4.dot      e=  208 pre42 -> 0.540s v=-1
[203/900] Human_C17orf67_orthologues_AA_l_100_a_4.dot      e=  208 new   -> 0.543s v=-1
[204/900] Human_LEAP2_orthologues_AA_k_3_l_2000_a_8.dot    e=  211 pre41 -> 0.648s v=1
[204/900] Human_LEAP2_orthologues_AA_k_3_l_2000_a_8.dot    e=  211 pre42 -> 0.392s v=1
[204/900] Human_LEAP2_orthologues_AA_k_3_l_2000_a_8.dot    e=  211 new   -> 0.390s v=1
[205/900] Human_CEP57L1_orthologues_AA_l_100_a_4.dot       e=  212 pre41 -> 1.062s v=-1
[205/900] Human_CEP57L1_orthologues_AA_l_100_a_4.dot       e=  212 pre42 -> 0.635s v=-1
[205/900] Human_CEP57L1_orthologues_AA_l_100_a_4.dot       e=  212 new   -> 0.602s v=-1
[206/900] Human_CEP57L1_orthologues_DNA_l_100_a_5.dot      e=  213 pre41 -> 1.078s v=-1
[206/900] Human_CEP57L1_orthologues_DNA_l_100_a_5.dot      e=  213 pre42 -> 0.827s v=-1
[206/900] Human_CEP57L1_orthologues_DNA_l_100_a_5.dot      e=  213 new   -> 0.830s v=-1
[207/900] Human_FAM53A_orthologues_DNA_l_100_a_5.dot       e=  213 pre41 -> 0.969s v=-1
[207/900] Human_FAM53A_orthologues_DNA_l_100_a_5.dot       e=  213 pre42 -> 0.800s v=-1
[207/900] Human_FAM53A_orthologues_DNA_l_100_a_5.dot       e=  213 new   -> 0.798s v=-1
[208/900] Human_SHLD2_orthologues_AA_l_100_a_4.dot         e=  214 pre41 -> 0.991s v=-1
[208/900] Human_SHLD2_orthologues_AA_l_100_a_4.dot         e=  214 pre42 -> 0.580s v=-1
[208/900] Human_SHLD2_orthologues_AA_l_100_a_4.dot         e=  214 new   -> 0.580s v=-1
[209/900] Human_SHLD2_orthologues_AA_l_100_a_5.dot         e=  214 pre41 -> 0.962s v=-1
[209/900] Human_SHLD2_orthologues_AA_l_100_a_5.dot         e=  214 pre42 -> 0.566s v=-1
[209/900] Human_SHLD2_orthologues_AA_l_100_a_5.dot         e=  214 new   -> 0.565s v=-1
[210/900] Human_LCP1_orthologues_DNA_l_100_a_6.dot         e=  215 pre41 -> 1.013s v=-1
[210/900] Human_LCP1_orthologues_DNA_l_100_a_6.dot         e=  215 pre42 -> 0.856s v=-1
[210/900] Human_LCP1_orthologues_DNA_l_100_a_6.dot         e=  215 new   -> 0.813s v=-1
[211/900] Human_FAM53A_orthologues_DNA_l_100_a_6.dot       e=  216 pre41 -> 0.980s v=-1
[211/900] Human_FAM53A_orthologues_DNA_l_100_a_6.dot       e=  216 pre42 -> 0.829s v=-1
[211/900] Human_FAM53A_orthologues_DNA_l_100_a_6.dot       e=  216 new   -> 0.805s v=-1
[212/900] Human_TRAM1_orthologues_AA_l_100_a_4.dot         e=  216 pre41 -> 0.914s v=-1
[212/900] Human_TRAM1_orthologues_AA_l_100_a_4.dot         e=  216 pre42 -> 0.537s v=-1
[212/900] Human_TRAM1_orthologues_AA_l_100_a_4.dot         e=  216 new   -> 0.535s v=-1
[213/900] Human_TRAM1_orthologues_AA_l_100_a_5.dot         e=  220 pre41 -> 0.935s v=-1
[213/900] Human_TRAM1_orthologues_AA_l_100_a_5.dot         e=  220 pre42 -> 0.559s v=-1
[213/900] Human_TRAM1_orthologues_AA_l_100_a_5.dot         e=  220 new   -> 0.559s v=-1
[214/900] Human_GGT6_orthologues_AA_l_100_a_4.dot          e=  221 pre41 -> 1.064s v=-1
[214/900] Human_GGT6_orthologues_AA_l_100_a_4.dot          e=  221 pre42 -> 0.606s v=-1
[214/900] Human_GGT6_orthologues_AA_l_100_a_4.dot          e=  221 new   -> 0.603s v=-1
[215/900] Human_DCSTAMP_orthologues_AA_l_100_a_4.dot       e=  222 pre41 -> 1.096s v=-1
[215/900] Human_DCSTAMP_orthologues_AA_l_100_a_4.dot       e=  222 pre42 -> 0.596s v=-1
[215/900] Human_DCSTAMP_orthologues_AA_l_100_a_4.dot       e=  222 new   -> 0.594s v=-1
[216/900] Human_TRAM1_orthologues_AA_l_100_a_6.dot         e=  222 pre41 -> 0.945s v=-1
[216/900] Human_TRAM1_orthologues_AA_l_100_a_6.dot         e=  222 pre42 -> 0.587s v=-1
[216/900] Human_TRAM1_orthologues_AA_l_100_a_6.dot         e=  222 new   -> 0.556s v=-1
[217/900] Human_LCP1_orthologues_AA_l_100_a_4.dot          e=  223 pre41 -> 0.969s v=-1
[217/900] Human_LCP1_orthologues_AA_l_100_a_4.dot          e=  223 pre42 -> 0.549s v=-1
[217/900] Human_LCP1_orthologues_AA_l_100_a_4.dot          e=  223 new   -> 0.554s v=-1
[218/900] Human_ZRANB3_orthologues_DNA_l_100_a_6.dot       e=  224 pre41 -> 1.151s v=-1
[218/900] Human_ZRANB3_orthologues_DNA_l_100_a_6.dot       e=  224 pre42 -> 0.916s v=-1
[218/900] Human_ZRANB3_orthologues_DNA_l_100_a_6.dot       e=  224 new   -> 0.902s v=-1
[219/900] Human_LEAP2_orthologues_AA_k_4_l_2000_a_7.dot    e=  226 pre41 -> 1.561s v=1
[219/900] Human_LEAP2_orthologues_AA_k_4_l_2000_a_7.dot    e=  226 pre42 -> 0.811s v=1
[219/900] Human_LEAP2_orthologues_AA_k_4_l_2000_a_7.dot    e=  226 new   -> 0.811s v=1
[220/900] Human_LEAP2_orthologues_AA_k_5_l_2000_a_6.dot    e=  226 pre41 -> 1.858s v=1
[220/900] Human_LEAP2_orthologues_AA_k_5_l_2000_a_6.dot    e=  226 pre42 -> 0.969s v=1
[220/900] Human_LEAP2_orthologues_AA_k_5_l_2000_a_6.dot    e=  226 new   -> 0.959s v=1
[221/900] Human_LEAP2_orthologues_DNA_k_4_l_2000_a_6.dot   e=  229 pre41 -> 0.340s v=1
[221/900] Human_LEAP2_orthologues_DNA_k_4_l_2000_a_6.dot   e=  229 pre42 -> 0.350s v=1
[221/900] Human_LEAP2_orthologues_DNA_k_4_l_2000_a_6.dot   e=  229 new   -> 0.174s v=1
[222/900] Human_BTBD17_orthologues_AA_l_100_a_5.dot        e=  229 pre41 -> 0.964s v=-1
[222/900] Human_BTBD17_orthologues_AA_l_100_a_5.dot        e=  229 pre42 -> 0.557s v=-1
[222/900] Human_BTBD17_orthologues_AA_l_100_a_5.dot        e=  229 new   -> 0.558s v=-1
[223/900] Human_CLPX_orthologues_AA_l_100_a_5.dot          e=  229 pre41 -> 1.029s v=-1
[223/900] Human_CLPX_orthologues_AA_l_100_a_5.dot          e=  229 pre42 -> 0.594s v=-1
[223/900] Human_CLPX_orthologues_AA_l_100_a_5.dot          e=  229 new   -> 0.599s v=-1
[224/900] Human_BTBD17_orthologues_DNA_l_100_a_5.dot       e=  231 pre41 -> 1.267s v=-1
[224/900] Human_BTBD17_orthologues_DNA_l_100_a_5.dot       e=  231 pre42 -> 0.975s v=-1
[224/900] Human_BTBD17_orthologues_DNA_l_100_a_5.dot       e=  231 new   -> 1.026s v=-1
[225/900] Human_LEAP2_orthologues_DNA_k_4_l_2000_a_7.dot   e=  233 pre41 -> 0.351s v=1
[225/900] Human_LEAP2_orthologues_DNA_k_4_l_2000_a_7.dot   e=  233 pre42 -> 0.360s v=1
[225/900] Human_LEAP2_orthologues_DNA_k_4_l_2000_a_7.dot   e=  233 new   -> 0.177s v=1
[226/900] Human_FAM53A_orthologues_AA_l_100_a_4.dot        e=  234 pre41 -> 1.150s v=-1
[226/900] Human_FAM53A_orthologues_AA_l_100_a_4.dot        e=  234 pre42 -> 0.651s v=-1
[226/900] Human_FAM53A_orthologues_AA_l_100_a_4.dot        e=  234 new   -> 0.651s v=-1
[227/900] Human_UBE2L5_orthologues_AA_l_300_a_4.dot        e=  235 pre41 -> 1.557s v=-1
[227/900] Human_UBE2L5_orthologues_AA_l_300_a_4.dot        e=  235 pre42 -> 0.777s v=-1
[227/900] Human_UBE2L5_orthologues_AA_l_300_a_4.dot        e=  235 new   -> 0.813s v=-1
[228/900] Human_UBE2L5_orthologues_AA_l_500_a_4.dot        e=  235 pre41 -> 1.555s v=-1
[228/900] Human_UBE2L5_orthologues_AA_l_500_a_4.dot        e=  235 pre42 -> 0.776s v=-1
[228/900] Human_UBE2L5_orthologues_AA_l_500_a_4.dot        e=  235 new   -> 0.768s v=-1
[229/900] Human_ZRANB3_orthologues_AA_l_100_a_5.dot        e=  235 pre41 -> 1.007s v=-1
[229/900] Human_ZRANB3_orthologues_AA_l_100_a_5.dot        e=  235 pre42 -> 0.609s v=-1
[229/900] Human_ZRANB3_orthologues_AA_l_100_a_5.dot        e=  235 new   -> 0.584s v=-1
[230/900] Human_LEAP2_orthologues_DNA_k_4_l_2000_a_8.dot   e=  236 pre41 -> 0.351s v=1
[230/900] Human_LEAP2_orthologues_DNA_k_4_l_2000_a_8.dot   e=  236 pre42 -> 0.373s v=1
[230/900] Human_LEAP2_orthologues_DNA_k_4_l_2000_a_8.dot   e=  236 new   -> 0.175s v=1
[231/900] Human_ANGPTL4_orthologues_AA_l_100_a_4.dot       e=  236 pre41 -> 1.145s v=-1
[231/900] Human_ANGPTL4_orthologues_AA_l_100_a_4.dot       e=  236 pre42 -> 0.642s v=-1
[231/900] Human_ANGPTL4_orthologues_AA_l_100_a_4.dot       e=  236 new   -> 0.637s v=-1
[232/900] Human_BTBD17_orthologues_AA_l_100_a_6.dot        e=  237 pre41 -> 1.001s v=-1
[232/900] Human_BTBD17_orthologues_AA_l_100_a_6.dot        e=  237 pre42 -> 0.578s v=-1
[232/900] Human_BTBD17_orthologues_AA_l_100_a_6.dot        e=  237 new   -> 0.572s v=-1
[233/900] Human_LCP1_orthologues_AA_l_100_a_5.dot          e=  237 pre41 -> 1.119s v=-1
[233/900] Human_LCP1_orthologues_AA_l_100_a_5.dot          e=  237 pre42 -> 0.609s v=-1
[233/900] Human_LCP1_orthologues_AA_l_100_a_5.dot          e=  237 new   -> 0.608s v=-1
[234/900] Human_ANGPTL4_orthologues_DNA_l_100_a_4.dot      e=  240 pre41 -> 1.625s v=-1
[234/900] Human_ANGPTL4_orthologues_DNA_l_100_a_4.dot      e=  240 pre42 -> 1.093s v=-1
[234/900] Human_ANGPTL4_orthologues_DNA_l_100_a_4.dot      e=  240 new   -> 1.097s v=-1
[235/900] Human_CEP57L1_orthologues_DNA_l_100_a_6.dot      e=  240 pre41 -> 1.342s v=-1
[235/900] Human_CEP57L1_orthologues_DNA_l_100_a_6.dot      e=  240 pre42 -> 1.076s v=-1
[235/900] Human_CEP57L1_orthologues_DNA_l_100_a_6.dot      e=  240 new   -> 1.038s v=-1
[236/900] Human_CEP57L1_orthologues_AA_l_100_a_5.dot       e=  242 pre41 -> 1.445s v=-1
[236/900] Human_CEP57L1_orthologues_AA_l_100_a_5.dot       e=  242 pre42 -> 0.796s v=-1
[236/900] Human_CEP57L1_orthologues_AA_l_100_a_5.dot       e=  242 new   -> 0.744s v=-1
[237/900] Human_LCP1_orthologues_AA_l_100_a_6.dot          e=  242 pre41 -> 1.090s v=-1
[237/900] Human_LCP1_orthologues_AA_l_100_a_6.dot          e=  242 pre42 -> 0.664s v=-1
[237/900] Human_LCP1_orthologues_AA_l_100_a_6.dot          e=  242 new   -> 0.626s v=-1
[238/900] Human_C17orf67_orthologues_DNA_k_4_l_2000_a_6.do e=  244 pre41 -> 0.409s v=1
[238/900] Human_C17orf67_orthologues_DNA_k_4_l_2000_a_6.do e=  244 pre42 -> 0.386s v=1
[238/900] Human_C17orf67_orthologues_DNA_k_4_l_2000_a_6.do e=  244 new   -> 0.188s v=1
[239/900] Human_CLPX_orthologues_DNA_l_100_a_5.dot         e=  244 pre41 -> 1.762s v=-1
[239/900] Human_CLPX_orthologues_DNA_l_100_a_5.dot         e=  244 pre42 -> 1.182s v=-1
[239/900] Human_CLPX_orthologues_DNA_l_100_a_5.dot         e=  244 new   -> 1.230s v=-1
[240/900] Human_CLPX_orthologues_AA_l_100_a_6.dot          e=  244 pre41 -> 1.119s v=-1
[240/900] Human_CLPX_orthologues_AA_l_100_a_6.dot          e=  244 pre42 -> 0.634s v=-1
[240/900] Human_CLPX_orthologues_AA_l_100_a_6.dot          e=  244 new   -> 0.650s v=-1
[241/900] Human_BTBD17_orthologues_DNA_l_100_a_6.dot       e=  247 pre41 -> 1.404s v=-1
[241/900] Human_BTBD17_orthologues_DNA_l_100_a_6.dot       e=  247 pre42 -> 1.035s v=-1
[241/900] Human_BTBD17_orthologues_DNA_l_100_a_6.dot       e=  247 new   -> 1.044s v=-1
[242/900] Human_DCSTAMP_orthologues_AA_l_100_a_5.dot       e=  247 pre41 -> 1.241s v=-1
[242/900] Human_DCSTAMP_orthologues_AA_l_100_a_5.dot       e=  247 pre42 -> 0.699s v=-1
[242/900] Human_DCSTAMP_orthologues_AA_l_100_a_5.dot       e=  247 new   -> 0.739s v=-1
[243/900] Human_C17orf67_orthologues_DNA_k_4_l_2000_a_7.do e=  248 pre41 -> 0.377s v=1
[243/900] Human_C17orf67_orthologues_DNA_k_4_l_2000_a_7.do e=  248 pre42 -> 0.376s v=1
[243/900] Human_C17orf67_orthologues_DNA_k_4_l_2000_a_7.do e=  248 new   -> 0.185s v=1
[244/900] Human_UBE2L5_orthologues_AA_l_300_a_5.dot        e=  248 pre41 -> 1.822s v=-1
[244/900] Human_UBE2L5_orthologues_AA_l_300_a_5.dot        e=  248 pre42 -> 0.816s v=-1
[244/900] Human_UBE2L5_orthologues_AA_l_300_a_5.dot        e=  248 new   -> 0.807s v=-1
[245/900] Human_UBE2L5_orthologues_AA_l_500_a_5.dot        e=  248 pre41 -> 1.755s v=-1
[245/900] Human_UBE2L5_orthologues_AA_l_500_a_5.dot        e=  248 pre42 -> 0.802s v=-1
[245/900] Human_UBE2L5_orthologues_AA_l_500_a_5.dot        e=  248 new   -> 0.805s v=-1
[246/900] Human_LEAP2_orthologues_AA_k_4_l_2000_a_8.dot    e=  250 pre41 -> 2.119s v=1
[246/900] Human_LEAP2_orthologues_AA_k_4_l_2000_a_8.dot    e=  250 pre42 -> 0.991s v=1
[246/900] Human_LEAP2_orthologues_AA_k_4_l_2000_a_8.dot    e=  250 new   -> 1.003s v=1
[247/900] Human_C17orf67_orthologues_DNA_k_4_l_2000_a_8.do e=  251 pre41 -> 0.373s v=1
[247/900] Human_C17orf67_orthologues_DNA_k_4_l_2000_a_8.do e=  251 pre42 -> 0.390s v=1
[247/900] Human_C17orf67_orthologues_DNA_k_4_l_2000_a_8.do e=  251 new   -> 0.188s v=1
[248/900] Human_TUNAR_orthologues_DNA_l_300_a_4.dot        e=  251 pre41 -> 2.417s v=-1
[248/900] Human_TUNAR_orthologues_DNA_l_300_a_4.dot        e=  251 pre42 -> 1.655s v=-1
[248/900] Human_TUNAR_orthologues_DNA_l_300_a_4.dot        e=  251 new   -> 1.605s v=-1
[249/900] Human_TUNAR_orthologues_DNA_l_500_a_4.dot        e=  251 pre41 -> 2.429s v=-1
[249/900] Human_TUNAR_orthologues_DNA_l_500_a_4.dot        e=  251 pre42 -> 1.571s v=-1
[249/900] Human_TUNAR_orthologues_DNA_l_500_a_4.dot        e=  251 new   -> 1.607s v=-1
[250/900] Human_LEAP2_orthologues_AA_k_5_l_2000_a_7.dot    e=  254 pre41 -> 2.448s v=1
[250/900] Human_LEAP2_orthologues_AA_k_5_l_2000_a_7.dot    e=  254 pre42 -> 1.178s v=1
[250/900] Human_LEAP2_orthologues_AA_k_5_l_2000_a_7.dot    e=  254 new   -> 1.127s v=1
[251/900] Human_SLC38A9_orthologues_DNA_l_100_a_4.dot      e=  254 pre41 -> 1.739s v=-1
[251/900] Human_SLC38A9_orthologues_DNA_l_100_a_4.dot      e=  254 pre42 -> 1.286s v=-1
[251/900] Human_SLC38A9_orthologues_DNA_l_100_a_4.dot      e=  254 new   -> 1.272s v=-1
[252/900] Human_C17orf67_orthologues_AA_l_300_a_4.dot      e=  254 pre41 -> 1.731s v=-1
[252/900] Human_C17orf67_orthologues_AA_l_300_a_4.dot      e=  254 pre42 -> 0.806s v=-1
[252/900] Human_C17orf67_orthologues_AA_l_300_a_4.dot      e=  254 new   -> 0.804s v=-1
[253/900] Human_C17orf67_orthologues_AA_l_500_a_4.dot      e=  254 pre41 -> 1.738s v=-1
[253/900] Human_C17orf67_orthologues_AA_l_500_a_4.dot      e=  254 pre42 -> 0.804s v=-1
[253/900] Human_C17orf67_orthologues_AA_l_500_a_4.dot      e=  254 new   -> 0.803s v=-1
[254/900] Human_UBE2L5_orthologues_DNA_k_4_l_2000_a_6.dot  e=  255 pre41 -> 0.352s v=1
[254/900] Human_UBE2L5_orthologues_DNA_k_4_l_2000_a_6.dot  e=  255 pre42 -> 0.368s v=1
[254/900] Human_UBE2L5_orthologues_DNA_k_4_l_2000_a_6.dot  e=  255 new   -> 0.160s v=1
[255/900] Human_CLPX_orthologues_DNA_l_100_a_6.dot         e=  257 pre41 -> 1.816s v=-1
[255/900] Human_CLPX_orthologues_DNA_l_100_a_6.dot         e=  257 pre42 -> 1.325s v=-1
[255/900] Human_CLPX_orthologues_DNA_l_100_a_6.dot         e=  257 new   -> 1.339s v=-1
[256/900] Human_ELSPBP1_orthologues_DNA_k_4_l_2000_a_6.dot e=  259 pre41 -> 0.383s v=1
[256/900] Human_ELSPBP1_orthologues_DNA_k_4_l_2000_a_6.dot e=  259 pre42 -> 0.394s v=1
[256/900] Human_ELSPBP1_orthologues_DNA_k_4_l_2000_a_6.dot e=  259 new   -> 0.177s v=1
[257/900] Human_UBE2L5_orthologues_DNA_k_4_l_2000_a_7.dot  e=  259 pre41 -> 0.354s v=1
[257/900] Human_UBE2L5_orthologues_DNA_k_4_l_2000_a_7.dot  e=  259 pre42 -> 0.371s v=1
[257/900] Human_UBE2L5_orthologues_DNA_k_4_l_2000_a_7.dot  e=  259 new   -> 0.159s v=1
[258/900] Human_ZRANB3_orthologues_AA_l_100_a_6.dot        e=  259 pre41 -> 1.106s v=-1
[258/900] Human_ZRANB3_orthologues_AA_l_100_a_6.dot        e=  259 pre42 -> 0.632s v=-1
[258/900] Human_ZRANB3_orthologues_AA_l_100_a_6.dot        e=  259 new   -> 0.636s v=-1
[259/900] Human_C17orf67_orthologues_AA_l_100_a_5.dot      e=  260 pre41 -> 1.535s v=-1
[259/900] Human_C17orf67_orthologues_AA_l_100_a_5.dot      e=  260 pre42 -> 0.748s v=-1
[259/900] Human_C17orf67_orthologues_AA_l_100_a_5.dot      e=  260 new   -> 0.743s v=-1
[260/900] Human_ELSPBP1_orthologues_DNA_k_4_l_2000_a_7.dot e=  261 pre41 -> 0.437s v=1
[260/900] Human_ELSPBP1_orthologues_DNA_k_4_l_2000_a_7.dot e=  261 pre42 -> 0.402s v=1
[260/900] Human_ELSPBP1_orthologues_DNA_k_4_l_2000_a_7.dot e=  261 new   -> 0.184s v=1
[261/900] Human_ELSPBP1_orthologues_DNA_k_4_l_2000_a_8.dot e=  261 pre41 -> 0.389s v=1
[261/900] Human_ELSPBP1_orthologues_DNA_k_4_l_2000_a_8.dot e=  261 pre42 -> 0.405s v=1
[261/900] Human_ELSPBP1_orthologues_DNA_k_4_l_2000_a_8.dot e=  261 new   -> 0.186s v=1
[262/900] Human_RPS27A_orthologues_DNA_k_4_l_2000_a_6.dot  e=  262 pre41 -> 0.382s v=1
[262/900] Human_RPS27A_orthologues_DNA_k_4_l_2000_a_6.dot  e=  262 pre42 -> 0.394s v=1
[262/900] Human_RPS27A_orthologues_DNA_k_4_l_2000_a_6.dot  e=  262 new   -> 0.180s v=1
[263/900] Human_RPS27A_orthologues_DNA_k_4_l_2000_a_7.dot  e=  262 pre41 -> 0.383s v=1
[263/900] Human_RPS27A_orthologues_DNA_k_4_l_2000_a_7.dot  e=  262 pre42 -> 0.396s v=1
[263/900] Human_RPS27A_orthologues_DNA_k_4_l_2000_a_7.dot  e=  262 new   -> 0.181s v=1
[264/900] Human_SLC38A9_orthologues_DNA_k_4_l_2000_a_6.dot e=  263 pre41 -> 0.376s v=1
[264/900] Human_SLC38A9_orthologues_DNA_k_4_l_2000_a_6.dot e=  263 pre42 -> 0.390s v=1
[264/900] Human_SLC38A9_orthologues_DNA_k_4_l_2000_a_6.dot e=  263 new   -> 0.172s v=1
[265/900] Human_SLC38A9_orthologues_DNA_k_4_l_2000_a_7.dot e=  263 pre41 -> 0.376s v=1
[265/900] Human_SLC38A9_orthologues_DNA_k_4_l_2000_a_7.dot e=  263 pre42 -> 0.395s v=1
[265/900] Human_SLC38A9_orthologues_DNA_k_4_l_2000_a_7.dot e=  263 new   -> 0.173s v=1
[266/900] Human_LCP1_orthologues_DNA_k_4_l_2000_a_6.dot    e=  264 pre41 -> 0.387s v=1
[266/900] Human_LCP1_orthologues_DNA_k_4_l_2000_a_6.dot    e=  264 pre42 -> 0.399s v=1
[266/900] Human_LCP1_orthologues_DNA_k_4_l_2000_a_6.dot    e=  264 new   -> 0.182s v=1
[267/900] Human_LCP1_orthologues_DNA_k_4_l_2000_a_7.dot    e=  264 pre41 -> 0.391s v=1
[267/900] Human_LCP1_orthologues_DNA_k_4_l_2000_a_7.dot    e=  264 pre42 -> 0.397s v=1
[267/900] Human_LCP1_orthologues_DNA_k_4_l_2000_a_7.dot    e=  264 new   -> 0.179s v=1
[268/900] Human_LCP1_orthologues_DNA_k_4_l_2000_a_8.dot    e=  264 pre41 -> 0.390s v=1
[268/900] Human_LCP1_orthologues_DNA_k_4_l_2000_a_8.dot    e=  264 pre42 -> 0.400s v=1
[268/900] Human_LCP1_orthologues_DNA_k_4_l_2000_a_8.dot    e=  264 new   -> 0.182s v=1
[269/900] Human_TRAM1_orthologues_DNA_k_4_l_2000_a_6.dot   e=  264 pre41 -> 0.392s v=1
[269/900] Human_TRAM1_orthologues_DNA_k_4_l_2000_a_6.dot   e=  264 pre42 -> 0.400s v=1
[269/900] Human_TRAM1_orthologues_DNA_k_4_l_2000_a_6.dot   e=  264 new   -> 0.181s v=1
[270/900] Human_UBE2L5_orthologues_AA_l_300_a_6.dot        e=  264 pre41 -> 1.913s v=-1
[270/900] Human_UBE2L5_orthologues_AA_l_300_a_6.dot        e=  264 pre42 -> 0.863s v=-1
[270/900] Human_UBE2L5_orthologues_AA_l_300_a_6.dot        e=  264 new   -> 0.863s v=-1
[271/900] Human_UBE2L5_orthologues_AA_l_500_a_6.dot        e=  264 pre41 -> 1.914s v=-1
[271/900] Human_UBE2L5_orthologues_AA_l_500_a_6.dot        e=  264 pre42 -> 0.866s v=-1
[271/900] Human_UBE2L5_orthologues_AA_l_500_a_6.dot        e=  264 new   -> 0.853s v=-1
[272/900] Human_TRAM1_orthologues_DNA_k_4_l_2000_a_7.dot   e=  265 pre41 -> 0.383s v=1
[272/900] Human_TRAM1_orthologues_DNA_k_4_l_2000_a_7.dot   e=  265 pre42 -> 0.391s v=1
[272/900] Human_TRAM1_orthologues_DNA_k_4_l_2000_a_7.dot   e=  265 new   -> 0.179s v=1
[273/900] Human_TRAM1_orthologues_DNA_k_4_l_2000_a_8.dot   e=  265 pre41 -> 0.374s v=1
[273/900] Human_TRAM1_orthologues_DNA_k_4_l_2000_a_8.dot   e=  265 pre42 -> 0.393s v=1
[273/900] Human_TRAM1_orthologues_DNA_k_4_l_2000_a_8.dot   e=  265 new   -> 0.180s v=1
[274/900] Human_SLC38A9_orthologues_DNA_k_4_l_2000_a_8.dot e=  266 pre41 -> 0.386s v=1
[274/900] Human_SLC38A9_orthologues_DNA_k_4_l_2000_a_8.dot e=  266 pre42 -> 0.365s v=1
[274/900] Human_SLC38A9_orthologues_DNA_k_4_l_2000_a_8.dot e=  266 new   -> 0.173s v=1
[275/900] Human_UBE2L5_orthologues_DNA_k_4_l_2000_a_8.dot  e=  266 pre41 -> 0.367s v=1
[275/900] Human_UBE2L5_orthologues_DNA_k_4_l_2000_a_8.dot  e=  266 pre42 -> 0.393s v=1
[275/900] Human_UBE2L5_orthologues_DNA_k_4_l_2000_a_8.dot  e=  266 new   -> 0.178s v=1
[276/900] Human_BTBD17_orthologues_DNA_k_4_l_2000_a_6.dot  e=  267 pre41 -> 0.399s v=1
[276/900] Human_BTBD17_orthologues_DNA_k_4_l_2000_a_6.dot  e=  267 pre42 -> 0.415s v=1
[276/900] Human_BTBD17_orthologues_DNA_k_4_l_2000_a_6.dot  e=  267 new   -> 0.187s v=1
[277/900] Human_BTBD17_orthologues_DNA_k_4_l_2000_a_7.dot  e=  267 pre41 -> 0.403s v=1
[277/900] Human_BTBD17_orthologues_DNA_k_4_l_2000_a_7.dot  e=  267 pre42 -> 0.424s v=1
[277/900] Human_BTBD17_orthologues_DNA_k_4_l_2000_a_7.dot  e=  267 new   -> 0.186s v=1
[278/900] Human_CEP57L1_orthologues_DNA_k_4_l_2000_a_6.dot e=  267 pre41 -> 0.403s v=1
[278/900] Human_CEP57L1_orthologues_DNA_k_4_l_2000_a_6.dot e=  267 pre42 -> 0.419s v=1
[278/900] Human_CEP57L1_orthologues_DNA_k_4_l_2000_a_6.dot e=  267 new   -> 0.185s v=1
[279/900] Human_DCSTAMP_orthologues_DNA_k_4_l_2000_a_6.dot e=  267 pre41 -> 0.387s v=1
[279/900] Human_DCSTAMP_orthologues_DNA_k_4_l_2000_a_6.dot e=  267 pre42 -> 0.399s v=1
[279/900] Human_DCSTAMP_orthologues_DNA_k_4_l_2000_a_6.dot e=  267 new   -> 0.182s v=1
[280/900] Human_GGT6_orthologues_DNA_k_4_l_2000_a_6.dot    e=  267 pre41 -> 0.385s v=1
[280/900] Human_GGT6_orthologues_DNA_k_4_l_2000_a_6.dot    e=  267 pre42 -> 0.399s v=1
[280/900] Human_GGT6_orthologues_DNA_k_4_l_2000_a_6.dot    e=  267 new   -> 0.184s v=1
[281/900] Human_OR10G8_orthologues_DNA_k_4_l_2000_a_6.dot  e=  267 pre41 -> 0.389s v=1
[281/900] Human_OR10G8_orthologues_DNA_k_4_l_2000_a_6.dot  e=  267 pre42 -> 0.406s v=1
[281/900] Human_OR10G8_orthologues_DNA_k_4_l_2000_a_6.dot  e=  267 new   -> 0.189s v=1
[282/900] Human_ANGPTL4_orthologues_DNA_l_100_a_5.dot      e=  267 pre41 -> 1.832s v=-1
[282/900] Human_ANGPTL4_orthologues_DNA_l_100_a_5.dot      e=  267 pre42 -> 1.362s v=-1
[282/900] Human_ANGPTL4_orthologues_DNA_l_100_a_5.dot      e=  267 new   -> 1.378s v=-1
[283/900] Human_GGT6_orthologues_AA_l_100_a_5.dot          e=  267 pre41 -> 1.708s v=-1
[283/900] Human_GGT6_orthologues_AA_l_100_a_5.dot          e=  267 pre42 -> 0.820s v=-1
[283/900] Human_GGT6_orthologues_AA_l_100_a_5.dot          e=  267 new   -> 0.814s v=-1
[284/900] Human_GGT6_orthologues_AA_l_100_a_6.dot          e=  267 pre41 -> 1.648s v=-1
[284/900] Human_GGT6_orthologues_AA_l_100_a_6.dot          e=  267 pre42 -> 0.799s v=-1
[284/900] Human_GGT6_orthologues_AA_l_100_a_6.dot          e=  267 new   -> 0.801s v=-1
[285/900] Human_OR10G8_orthologues_DNA_k_4_l_2000_a_7.dot  e=  268 pre41 -> 0.406s v=1
[285/900] Human_OR10G8_orthologues_DNA_k_4_l_2000_a_7.dot  e=  268 pre42 -> 0.417s v=1
[285/900] Human_OR10G8_orthologues_DNA_k_4_l_2000_a_7.dot  e=  268 new   -> 0.193s v=1
[286/900] Human_OR10G8_orthologues_DNA_k_4_l_2000_a_8.dot  e=  268 pre41 -> 0.409s v=1
[286/900] Human_OR10G8_orthologues_DNA_k_4_l_2000_a_8.dot  e=  268 pre42 -> 0.421s v=1
[286/900] Human_OR10G8_orthologues_DNA_k_4_l_2000_a_8.dot  e=  268 new   -> 0.191s v=1
[287/900] Human_SLC22A2_orthologues_DNA_k_4_l_2000_a_6.dot e=  268 pre41 -> 0.386s v=1
[287/900] Human_SLC22A2_orthologues_DNA_k_4_l_2000_a_6.dot e=  268 pre42 -> 0.402s v=1
[287/900] Human_SLC22A2_orthologues_DNA_k_4_l_2000_a_6.dot e=  268 new   -> 0.184s v=1
[288/900] Human_STAU2_orthologues_DNA_k_4_l_2000_a_6.dot   e=  268 pre41 -> 0.388s v=1
[288/900] Human_STAU2_orthologues_DNA_k_4_l_2000_a_6.dot   e=  268 pre42 -> 0.396s v=1
[288/900] Human_STAU2_orthologues_DNA_k_4_l_2000_a_6.dot   e=  268 new   -> 0.183s v=1
[289/900] Human_BTBD17_orthologues_DNA_k_4_l_2000_a_8.dot  e=  269 pre41 -> 0.393s v=1
[289/900] Human_BTBD17_orthologues_DNA_k_4_l_2000_a_8.dot  e=  269 pre42 -> 0.408s v=1
[289/900] Human_BTBD17_orthologues_DNA_k_4_l_2000_a_8.dot  e=  269 new   -> 0.191s v=1
[290/900] Human_CEP57L1_orthologues_DNA_k_4_l_2000_a_7.dot e=  269 pre41 -> 0.400s v=1
[290/900] Human_CEP57L1_orthologues_DNA_k_4_l_2000_a_7.dot e=  269 pre42 -> 0.424s v=1
[290/900] Human_CEP57L1_orthologues_DNA_k_4_l_2000_a_7.dot e=  269 new   -> 0.191s v=1
[291/900] Human_CEP57L1_orthologues_DNA_k_4_l_2000_a_8.dot e=  269 pre41 -> 0.408s v=1
[291/900] Human_CEP57L1_orthologues_DNA_k_4_l_2000_a_8.dot e=  269 pre42 -> 0.422s v=1
[291/900] Human_CEP57L1_orthologues_DNA_k_4_l_2000_a_8.dot e=  269 new   -> 0.191s v=1
[292/900] Human_CLPX_orthologues_DNA_k_4_l_2000_a_6.dot    e=  269 pre41 -> 0.395s v=1
[292/900] Human_CLPX_orthologues_DNA_k_4_l_2000_a_6.dot    e=  269 pre42 -> 0.411s v=1
[292/900] Human_CLPX_orthologues_DNA_k_4_l_2000_a_6.dot    e=  269 new   -> 0.184s v=1
[293/900] Human_CLPX_orthologues_DNA_k_4_l_2000_a_7.dot    e=  269 pre41 -> 0.391s v=1
[293/900] Human_CLPX_orthologues_DNA_k_4_l_2000_a_7.dot    e=  269 pre42 -> 0.415s v=1
[293/900] Human_CLPX_orthologues_DNA_k_4_l_2000_a_7.dot    e=  269 new   -> 0.188s v=1
[294/900] Human_CLPX_orthologues_DNA_k_4_l_2000_a_8.dot    e=  269 pre41 -> 0.401s v=1
[294/900] Human_CLPX_orthologues_DNA_k_4_l_2000_a_8.dot    e=  269 pre42 -> 0.419s v=1
[294/900] Human_CLPX_orthologues_DNA_k_4_l_2000_a_8.dot    e=  269 new   -> 0.187s v=1
[295/900] Human_DCSTAMP_orthologues_DNA_k_4_l_2000_a_7.dot e=  269 pre41 -> 0.409s v=1
[295/900] Human_DCSTAMP_orthologues_DNA_k_4_l_2000_a_7.dot e=  269 pre42 -> 0.426s v=1
[295/900] Human_DCSTAMP_orthologues_DNA_k_4_l_2000_a_7.dot e=  269 new   -> 0.193s v=1
[296/900] Human_DCSTAMP_orthologues_DNA_k_4_l_2000_a_8.dot e=  269 pre41 -> 0.413s v=1
[296/900] Human_DCSTAMP_orthologues_DNA_k_4_l_2000_a_8.dot e=  269 pre42 -> 0.426s v=1
[296/900] Human_DCSTAMP_orthologues_DNA_k_4_l_2000_a_8.dot e=  269 new   -> 0.196s v=1
[297/900] Human_DOCK4_orthologues_DNA_k_4_l_2000_a_6.dot   e=  269 pre41 -> 0.417s v=1
[297/900] Human_DOCK4_orthologues_DNA_k_4_l_2000_a_6.dot   e=  269 pre42 -> 0.432s v=1
[297/900] Human_DOCK4_orthologues_DNA_k_4_l_2000_a_6.dot   e=  269 new   -> 0.190s v=1
[298/900] Human_DOCK4_orthologues_DNA_k_4_l_2000_a_7.dot   e=  269 pre41 -> 0.408s v=1
[298/900] Human_DOCK4_orthologues_DNA_k_4_l_2000_a_7.dot   e=  269 pre42 -> 0.425s v=1
[298/900] Human_DOCK4_orthologues_DNA_k_4_l_2000_a_7.dot   e=  269 new   -> 0.189s v=1
[299/900] Human_STAU2_orthologues_DNA_k_4_l_2000_a_7.dot   e=  269 pre41 -> 0.409s v=1
[299/900] Human_STAU2_orthologues_DNA_k_4_l_2000_a_7.dot   e=  269 pre42 -> 0.426s v=1
[299/900] Human_STAU2_orthologues_DNA_k_4_l_2000_a_7.dot   e=  269 new   -> 0.188s v=1
[300/900] Human_STAU2_orthologues_DNA_k_4_l_2000_a_8.dot   e=  269 pre41 -> 0.394s v=1
[300/900] Human_STAU2_orthologues_DNA_k_4_l_2000_a_8.dot   e=  269 pre42 -> 0.407s v=1
[300/900] Human_STAU2_orthologues_DNA_k_4_l_2000_a_8.dot   e=  269 new   -> 0.182s v=1
[301/900] Human_ANGPTL4_orthologues_AA_l_100_a_5.dot       e=  269 pre41 -> 1.513s v=-1
[301/900] Human_ANGPTL4_orthologues_AA_l_100_a_5.dot       e=  269 pre42 -> 0.738s v=-1
[301/900] Human_ANGPTL4_orthologues_AA_l_100_a_5.dot       e=  269 new   -> 0.734s v=-1
[302/900] Human_GGT6_orthologues_DNA_k_4_l_2000_a_7.dot    e=  270 pre41 -> 0.421s v=1
[302/900] Human_GGT6_orthologues_DNA_k_4_l_2000_a_7.dot    e=  270 pre42 -> 0.433s v=1
[302/900] Human_GGT6_orthologues_DNA_k_4_l_2000_a_7.dot    e=  270 new   -> 0.198s v=1
[303/900] Human_SHLD2_orthologues_DNA_k_4_l_2000_a_6.dot   e=  270 pre41 -> 0.414s v=1
[303/900] Human_SHLD2_orthologues_DNA_k_4_l_2000_a_6.dot   e=  270 pre42 -> 0.431s v=1
[303/900] Human_SHLD2_orthologues_DNA_k_4_l_2000_a_6.dot   e=  270 new   -> 0.194s v=1
[304/900] Human_SHLD2_orthologues_DNA_k_4_l_2000_a_7.dot   e=  270 pre41 -> 0.413s v=1
[304/900] Human_SHLD2_orthologues_DNA_k_4_l_2000_a_7.dot   e=  270 pre42 -> 0.426s v=1
[304/900] Human_SHLD2_orthologues_DNA_k_4_l_2000_a_7.dot   e=  270 new   -> 0.190s v=1
[305/900] Human_SLC22A2_orthologues_DNA_k_4_l_2000_a_7.dot e=  270 pre41 -> 0.409s v=1
[305/900] Human_SLC22A2_orthologues_DNA_k_4_l_2000_a_7.dot e=  270 pre42 -> 0.414s v=1
[305/900] Human_SLC22A2_orthologues_DNA_k_4_l_2000_a_7.dot e=  270 new   -> 0.194s v=1
[306/900] Human_SPA17_orthologues_DNA_k_4_l_2000_a_6.dot   e=  270 pre41 -> 0.400s v=1
[306/900] Human_SPA17_orthologues_DNA_k_4_l_2000_a_6.dot   e=  270 pre42 -> 0.409s v=1
[306/900] Human_SPA17_orthologues_DNA_k_4_l_2000_a_6.dot   e=  270 new   -> 0.188s v=1
[307/900] Human_ANGPTL4_orthologues_DNA_k_4_l_2000_a_6.dot e=  271 pre41 -> 0.408s v=1
[307/900] Human_ANGPTL4_orthologues_DNA_k_4_l_2000_a_6.dot e=  271 pre42 -> 0.420s v=1
[307/900] Human_ANGPTL4_orthologues_DNA_k_4_l_2000_a_6.dot e=  271 new   -> 0.201s v=1
[308/900] Human_FAM53A_orthologues_DNA_k_4_l_2000_a_6.dot  e=  271 pre41 -> 0.410s v=1
[308/900] Human_FAM53A_orthologues_DNA_k_4_l_2000_a_6.dot  e=  271 pre42 -> 0.401s v=1
[308/900] Human_FAM53A_orthologues_DNA_k_4_l_2000_a_6.dot  e=  271 new   -> 0.192s v=1
[309/900] Human_FHIP1B_orthologues_DNA_k_4_l_2000_a_6.dot  e=  271 pre41 -> 0.414s v=1
[309/900] Human_FHIP1B_orthologues_DNA_k_4_l_2000_a_6.dot  e=  271 pre42 -> 0.434s v=1
[309/900] Human_FHIP1B_orthologues_DNA_k_4_l_2000_a_6.dot  e=  271 new   -> 0.198s v=1
[310/900] Human_FHIP1B_orthologues_DNA_k_4_l_2000_a_7.dot  e=  271 pre41 -> 0.425s v=1
[310/900] Human_FHIP1B_orthologues_DNA_k_4_l_2000_a_7.dot  e=  271 pre42 -> 0.439s v=1
[310/900] Human_FHIP1B_orthologues_DNA_k_4_l_2000_a_7.dot  e=  271 new   -> 0.196s v=1
[311/900] Human_ZRANB3_orthologues_DNA_k_4_l_2000_a_6.dot  e=  271 pre41 -> 0.419s v=1
[311/900] Human_ZRANB3_orthologues_DNA_k_4_l_2000_a_6.dot  e=  271 pre42 -> 0.433s v=1
[311/900] Human_ZRANB3_orthologues_DNA_k_4_l_2000_a_6.dot  e=  271 new   -> 0.200s v=1
[312/900] Human_TUNAR_orthologues_DNA_l_300_a_5.dot        e=  271 pre41 -> 2.641s v=-1
[312/900] Human_TUNAR_orthologues_DNA_l_300_a_5.dot        e=  271 pre42 -> 1.799s v=-1
[312/900] Human_TUNAR_orthologues_DNA_l_300_a_5.dot        e=  271 new   -> 1.814s v=-1
[313/900] Human_TUNAR_orthologues_DNA_l_500_a_5.dot        e=  271 pre41 -> 2.724s v=-1
[313/900] Human_TUNAR_orthologues_DNA_l_500_a_5.dot        e=  271 pre42 -> 1.834s v=-1
[313/900] Human_TUNAR_orthologues_DNA_l_500_a_5.dot        e=  271 new   -> 1.826s v=-1
[314/900] Human_DCSTAMP_orthologues_AA_l_100_a_6.dot       e=  271 pre41 -> 1.674s v=-1
[314/900] Human_DCSTAMP_orthologues_AA_l_100_a_6.dot       e=  271 pre42 -> 0.794s v=-1
[314/900] Human_DCSTAMP_orthologues_AA_l_100_a_6.dot       e=  271 new   -> 0.803s v=-1
[315/900] Human_DOCK4_orthologues_DNA_k_4_l_2000_a_8.dot   e=  272 pre41 -> 0.419s v=1
[315/900] Human_DOCK4_orthologues_DNA_k_4_l_2000_a_8.dot   e=  272 pre42 -> 0.437s v=1
[315/900] Human_DOCK4_orthologues_DNA_k_4_l_2000_a_8.dot   e=  272 new   -> 0.200s v=1
[316/900] Human_FAM53A_orthologues_DNA_k_4_l_2000_a_7.dot  e=  272 pre41 -> 0.406s v=1
[316/900] Human_FAM53A_orthologues_DNA_k_4_l_2000_a_7.dot  e=  272 pre42 -> 0.421s v=1
[316/900] Human_FAM53A_orthologues_DNA_k_4_l_2000_a_7.dot  e=  272 new   -> 0.197s v=1
[317/900] Human_GGT6_orthologues_DNA_k_4_l_2000_a_8.dot    e=  272 pre41 -> 0.410s v=1
[317/900] Human_GGT6_orthologues_DNA_k_4_l_2000_a_8.dot    e=  272 pre42 -> 0.430s v=1
[317/900] Human_GGT6_orthologues_DNA_k_4_l_2000_a_8.dot    e=  272 new   -> 0.200s v=1
[318/900] Human_RPS27A_orthologues_DNA_k_4_l_2000_a_8.dot  e=  272 pre41 -> 0.418s v=1
[318/900] Human_RPS27A_orthologues_DNA_k_4_l_2000_a_8.dot  e=  272 pre42 -> 0.411s v=1
[318/900] Human_RPS27A_orthologues_DNA_k_4_l_2000_a_8.dot  e=  272 new   -> 0.200s v=1
[319/900] Human_SHLD2_orthologues_DNA_k_4_l_2000_a_8.dot   e=  272 pre41 -> 0.410s v=1
[319/900] Human_SHLD2_orthologues_DNA_k_4_l_2000_a_8.dot   e=  272 pre42 -> 0.433s v=1
[319/900] Human_SHLD2_orthologues_DNA_k_4_l_2000_a_8.dot   e=  272 new   -> 0.194s v=1
[320/900] Human_SPA17_orthologues_DNA_k_4_l_2000_a_7.dot   e=  272 pre41 -> 0.401s v=1
[320/900] Human_SPA17_orthologues_DNA_k_4_l_2000_a_7.dot   e=  272 pre42 -> 0.415s v=1
[320/900] Human_SPA17_orthologues_DNA_k_4_l_2000_a_7.dot   e=  272 new   -> 0.199s v=1
[321/900] Human_SPA17_orthologues_DNA_k_4_l_2000_a_8.dot   e=  272 pre41 -> 0.414s v=1
[321/900] Human_SPA17_orthologues_DNA_k_4_l_2000_a_8.dot   e=  272 pre42 -> 0.425s v=1
[321/900] Human_SPA17_orthologues_DNA_k_4_l_2000_a_8.dot   e=  272 new   -> 0.199s v=1
[322/900] Human_TRPC1_orthologues_DNA_k_4_l_2000_a_6.dot   e=  272 pre41 -> 0.422s v=1
[322/900] Human_TRPC1_orthologues_DNA_k_4_l_2000_a_6.dot   e=  272 pre42 -> 0.430s v=1
[322/900] Human_TRPC1_orthologues_DNA_k_4_l_2000_a_6.dot   e=  272 new   -> 0.204s v=1
[323/900] Human_ZRANB3_orthologues_DNA_k_4_l_2000_a_7.dot  e=  272 pre41 -> 0.413s v=1
[323/900] Human_ZRANB3_orthologues_DNA_k_4_l_2000_a_7.dot  e=  272 pre42 -> 0.425s v=1
[323/900] Human_ZRANB3_orthologues_DNA_k_4_l_2000_a_7.dot  e=  272 new   -> 0.199s v=1
[324/900] Human_ANGPTL4_orthologues_DNA_k_4_l_2000_a_7.dot e=  273 pre41 -> 0.434s v=1
[324/900] Human_ANGPTL4_orthologues_DNA_k_4_l_2000_a_7.dot e=  273 pre42 -> 0.449s v=1
[324/900] Human_ANGPTL4_orthologues_DNA_k_4_l_2000_a_7.dot e=  273 new   -> 0.208s v=1
[325/900] Human_ANGPTL4_orthologues_DNA_k_4_l_2000_a_8.dot e=  273 pre41 -> 0.430s v=1
[325/900] Human_ANGPTL4_orthologues_DNA_k_4_l_2000_a_8.dot e=  273 pre42 -> 0.437s v=1
[325/900] Human_ANGPTL4_orthologues_DNA_k_4_l_2000_a_8.dot e=  273 new   -> 0.207s v=1
[326/900] Human_SLC22A2_orthologues_DNA_k_4_l_2000_a_8.dot e=  273 pre41 -> 0.392s v=1
[326/900] Human_SLC22A2_orthologues_DNA_k_4_l_2000_a_8.dot e=  273 pre42 -> 0.439s v=1
[326/900] Human_SLC22A2_orthologues_DNA_k_4_l_2000_a_8.dot e=  273 new   -> 0.202s v=1
[327/900] Human_FHIP1B_orthologues_DNA_k_4_l_2000_a_8.dot  e=  274 pre41 -> 0.432s v=1
[327/900] Human_FHIP1B_orthologues_DNA_k_4_l_2000_a_8.dot  e=  274 pre42 -> 0.449s v=1
[327/900] Human_FHIP1B_orthologues_DNA_k_4_l_2000_a_8.dot  e=  274 new   -> 0.210s v=1
[328/900] Human_TRPC1_orthologues_DNA_k_4_l_2000_a_7.dot   e=  274 pre41 -> 0.437s v=1
[328/900] Human_TRPC1_orthologues_DNA_k_4_l_2000_a_7.dot   e=  274 pre42 -> 0.454s v=1
[328/900] Human_TRPC1_orthologues_DNA_k_4_l_2000_a_7.dot   e=  274 new   -> 0.211s v=1
[329/900] Human_ZRANB3_orthologues_DNA_k_4_l_2000_a_8.dot  e=  274 pre41 -> 0.438s v=1
[329/900] Human_ZRANB3_orthologues_DNA_k_4_l_2000_a_8.dot  e=  274 pre42 -> 0.460s v=1
[329/900] Human_ZRANB3_orthologues_DNA_k_4_l_2000_a_8.dot  e=  274 new   -> 0.207s v=1
[330/900] Human_FAM53A_orthologues_DNA_k_4_l_2000_a_8.dot  e=  275 pre41 -> 0.461s v=1
[330/900] Human_FAM53A_orthologues_DNA_k_4_l_2000_a_8.dot  e=  275 pre42 -> 0.449s v=1
[330/900] Human_FAM53A_orthologues_DNA_k_4_l_2000_a_8.dot  e=  275 new   -> 0.213s v=1
[331/900] Human_TRPC1_orthologues_DNA_k_4_l_2000_a_8.dot   e=  275 pre41 -> 0.448s v=1
[331/900] Human_TRPC1_orthologues_DNA_k_4_l_2000_a_8.dot   e=  275 pre42 -> 0.456s v=1
[331/900] Human_TRPC1_orthologues_DNA_k_4_l_2000_a_8.dot   e=  275 new   -> 0.212s v=1
[332/900] Human_C17orf67_orthologues_AA_l_100_a_6.dot      e=  275 pre41 -> 1.673s v=-1
[332/900] Human_C17orf67_orthologues_AA_l_100_a_6.dot      e=  275 pre42 -> 0.813s v=-1
[332/900] Human_C17orf67_orthologues_AA_l_100_a_6.dot      e=  275 new   -> 0.807s v=-1
[333/900] Human_FAM53A_orthologues_AA_l_100_a_6.dot        e=  277 pre41 -> 1.628s v=-1
[333/900] Human_FAM53A_orthologues_AA_l_100_a_6.dot        e=  277 pre42 -> 0.812s v=-1
[333/900] Human_FAM53A_orthologues_AA_l_100_a_6.dot        e=  277 new   -> 0.809s v=-1
[334/900] Human_SLC38A9_orthologues_DNA_l_100_a_5.dot      e=  278 pre41 -> 1.964s v=-1
[334/900] Human_SLC38A9_orthologues_DNA_l_100_a_5.dot      e=  278 pre42 -> 1.483s v=-1
[334/900] Human_SLC38A9_orthologues_DNA_l_100_a_5.dot      e=  278 new   -> 1.489s v=-1
[335/900] Human_LEAP2_orthologues_AA_k_5_l_2000_a_8.dot    e=  281 pre41 -> 3.218s v=1
[335/900] Human_LEAP2_orthologues_AA_k_5_l_2000_a_8.dot    e=  281 pre42 -> 1.590s v=1
[335/900] Human_LEAP2_orthologues_AA_k_5_l_2000_a_8.dot    e=  281 new   -> 1.593s v=1
[336/900] Human_CEP57L1_orthologues_AA_l_100_a_6.dot       e=  283 pre41 -> 2.108s v=-1
[336/900] Human_CEP57L1_orthologues_AA_l_100_a_6.dot       e=  283 pre42 -> 0.973s v=-1
[336/900] Human_CEP57L1_orthologues_AA_l_100_a_6.dot       e=  283 new   -> 0.977s v=-1
[337/900] Human_TUNAR_orthologues_DNA_l_300_a_6.dot        e=  284 pre41 -> 2.901s v=-1
[337/900] Human_TUNAR_orthologues_DNA_l_300_a_6.dot        e=  284 pre42 -> 1.997s v=-1
[337/900] Human_TUNAR_orthologues_DNA_l_300_a_6.dot        e=  284 new   -> 1.987s v=-1
[338/900] Human_TUNAR_orthologues_DNA_l_500_a_6.dot        e=  284 pre41 -> 2.865s v=-1
[338/900] Human_TUNAR_orthologues_DNA_l_500_a_6.dot        e=  284 pre42 -> 1.980s v=-1
[338/900] Human_TUNAR_orthologues_DNA_l_500_a_6.dot        e=  284 new   -> 1.965s v=-1
[339/900] Human_SLC38A9_orthologues_AA_l_100_a_4.dot       e=  289 pre41 -> 1.953s v=-1
[339/900] Human_SLC38A9_orthologues_AA_l_100_a_4.dot       e=  289 pre42 -> 0.927s v=-1
[339/900] Human_SLC38A9_orthologues_AA_l_100_a_4.dot       e=  289 new   -> 0.932s v=-1
[340/900] Human_UBE2L5_orthologues_AA_k_3_l_2000_a_6.dot   e=  293 pre41 -> 1.273s v=1
[340/900] Human_UBE2L5_orthologues_AA_k_3_l_2000_a_6.dot   e=  293 pre42 -> 0.746s v=1
[340/900] Human_UBE2L5_orthologues_AA_k_3_l_2000_a_6.dot   e=  293 new   -> 0.743s v=1
[341/900] Human_DOCK4_orthologues_DNA_l_300_a_4.dot        e=  299 pre41 -> 6.055s v=1
[341/900] Human_DOCK4_orthologues_DNA_l_300_a_4.dot        e=  299 pre42 -> 4.580s v=1
[341/900] Human_DOCK4_orthologues_DNA_l_300_a_4.dot        e=  299 new   -> 4.943s v=1
[342/900] Human_DOCK4_orthologues_DNA_l_300_a_5.dot        e=  299 pre41 -> 6.196s v=1
[342/900] Human_DOCK4_orthologues_DNA_l_300_a_5.dot        e=  299 pre42 -> 4.995s v=1
[342/900] Human_DOCK4_orthologues_DNA_l_300_a_5.dot        e=  299 new   -> 5.054s v=1
[343/900] Human_ANGPTL4_orthologues_DNA_l_100_a_6.dot      e=  301 pre41 -> 2.218s v=-1
[343/900] Human_ANGPTL4_orthologues_DNA_l_100_a_6.dot      e=  301 pre42 -> 1.684s v=-1
[343/900] Human_ANGPTL4_orthologues_DNA_l_100_a_6.dot      e=  301 new   -> 1.717s v=-1
[344/900] Human_ANGPTL4_orthologues_AA_l_100_a_6.dot       e=  307 pre41 -> 2.112s v=-1
[344/900] Human_ANGPTL4_orthologues_AA_l_100_a_6.dot       e=  307 pre42 -> 0.969s v=-1
[344/900] Human_ANGPTL4_orthologues_AA_l_100_a_6.dot       e=  307 new   -> 0.958s v=-1
[345/900] Human_C17orf67_orthologues_AA_l_300_a_5.dot      e=  308 pre41 -> 2.529s v=-1
[345/900] Human_C17orf67_orthologues_AA_l_300_a_5.dot      e=  308 pre42 -> 1.172s v=-1
[345/900] Human_C17orf67_orthologues_AA_l_300_a_5.dot      e=  308 new   -> 1.162s v=-1
[346/900] Human_C17orf67_orthologues_AA_l_500_a_5.dot      e=  308 pre41 -> 2.483s v=-1
[346/900] Human_C17orf67_orthologues_AA_l_500_a_5.dot      e=  308 pre42 -> 1.167s v=-1
[346/900] Human_C17orf67_orthologues_AA_l_500_a_5.dot      e=  308 new   -> 1.178s v=-1
[347/900] Human_SLC38A9_orthologues_DNA_l_100_a_6.dot      e=  310 pre41 -> 2.388s v=-1
[347/900] Human_SLC38A9_orthologues_DNA_l_100_a_6.dot      e=  310 pre42 -> 1.959s v=-1
[347/900] Human_SLC38A9_orthologues_DNA_l_100_a_6.dot      e=  310 new   -> 1.811s v=-1
[348/900] Human_SLC38A9_orthologues_AA_l_100_a_5.dot       e=  322 pre41 -> 2.353s v=-1
[348/900] Human_SLC38A9_orthologues_AA_l_100_a_5.dot       e=  322 pre42 -> 1.217s v=-1
[348/900] Human_SLC38A9_orthologues_AA_l_100_a_5.dot       e=  322 new   -> 1.170s v=-1
[349/900] Human_TUNAR_orthologues_DNA_k_5_l_2000_a_6.dot   e=  328 pre41 -> 2.495s v=1
[349/900] Human_TUNAR_orthologues_DNA_k_5_l_2000_a_6.dot   e=  328 pre42 -> 1.944s v=1
[349/900] Human_TUNAR_orthologues_DNA_k_5_l_2000_a_6.dot   e=  328 new   -> 1.947s v=1
[350/900] Human_STAU2_orthologues_DNA_l_300_a_6.dot        e=  332 pre41 -> 6.453s v=-1
[350/900] Human_STAU2_orthologues_DNA_l_300_a_6.dot        e=  332 pre42 -> 4.135s v=-1
[350/900] Human_STAU2_orthologues_DNA_l_300_a_6.dot        e=  332 new   -> 3.937s v=-1
[351/900] Human_STAU2_orthologues_DNA_l_300_a_4.dot        e=  333 pre41 -> 6.170s v=-1
[351/900] Human_STAU2_orthologues_DNA_l_300_a_4.dot        e=  333 pre42 -> 4.171s v=-1
[351/900] Human_STAU2_orthologues_DNA_l_300_a_4.dot        e=  333 new   -> 3.828s v=-1
[352/900] Human_UBE2L5_orthologues_AA_k_3_l_2000_a_7.dot   e=  337 pre41 -> 1.864s v=1
[352/900] Human_UBE2L5_orthologues_AA_k_3_l_2000_a_7.dot   e=  337 pre42 -> 0.969s v=1
[352/900] Human_UBE2L5_orthologues_AA_k_3_l_2000_a_7.dot   e=  337 new   -> 1.015s v=1
[353/900] Human_UBE2L5_orthologues_AA_k_4_l_2000_a_6.dot   e=  338 pre41 -> 5.561s v=1
[353/900] Human_UBE2L5_orthologues_AA_k_4_l_2000_a_6.dot   e=  338 pre42 -> 2.898s v=1
[353/900] Human_UBE2L5_orthologues_AA_k_4_l_2000_a_6.dot   e=  338 new   -> 2.958s v=1
[354/900] Human_C17orf67_orthologues_AA_l_300_a_6.dot      e=  342 pre41 -> 2.925s v=-1
[354/900] Human_C17orf67_orthologues_AA_l_300_a_6.dot      e=  342 pre42 -> 1.399s v=-1
[354/900] Human_C17orf67_orthologues_AA_l_300_a_6.dot      e=  342 new   -> 1.383s v=-1
[355/900] Human_C17orf67_orthologues_AA_l_500_a_6.dot      e=  342 pre41 -> 2.928s v=-1
[355/900] Human_C17orf67_orthologues_AA_l_500_a_6.dot      e=  342 pre42 -> 1.413s v=-1
[355/900] Human_C17orf67_orthologues_AA_l_500_a_6.dot      e=  342 new   -> 1.402s v=-1
[356/900] Human_UBE2L5_orthologues_AA_k_3_l_2000_a_8.dot   e=  345 pre41 -> 1.983s v=1
[356/900] Human_UBE2L5_orthologues_AA_k_3_l_2000_a_8.dot   e=  345 pre42 -> 0.990s v=1
[356/900] Human_UBE2L5_orthologues_AA_k_3_l_2000_a_8.dot   e=  345 new   -> 1.035s v=1
[357/900] Human_SLC38A9_orthologues_AA_l_100_a_6.dot       e=  345 pre41 -> 2.584s v=-1
[357/900] Human_SLC38A9_orthologues_AA_l_100_a_6.dot       e=  345 pre42 -> 1.384s v=-1
[357/900] Human_SLC38A9_orthologues_AA_l_100_a_6.dot       e=  345 new   -> 1.332s v=-1
[358/900] Human_C17orf67_orthologues_AA_k_3_l_2000_a_6.dot e=  353 pre41 -> 1.731s v=1
[358/900] Human_C17orf67_orthologues_AA_k_3_l_2000_a_6.dot e=  353 pre42 -> 0.938s v=1
[358/900] Human_C17orf67_orthologues_AA_k_3_l_2000_a_6.dot e=  353 new   -> 0.911s v=1
[359/900] Human_TUNAR_orthologues_DNA_k_5_l_2000_a_7.dot   e=  354 pre41 -> 2.802s v=1
[359/900] Human_TUNAR_orthologues_DNA_k_5_l_2000_a_7.dot   e=  354 pre42 -> 2.171s v=1
[359/900] Human_TUNAR_orthologues_DNA_k_5_l_2000_a_7.dot   e=  354 new   -> 2.178s v=1
[360/900] Human_TUNAR_orthologues_DNA_k_5_l_2000_a_8.dot   e=  360 pre41 -> 2.893s v=1
[360/900] Human_TUNAR_orthologues_DNA_k_5_l_2000_a_8.dot   e=  360 pre42 -> 2.260s v=1
[360/900] Human_TUNAR_orthologues_DNA_k_5_l_2000_a_8.dot   e=  360 new   -> 2.298s v=1
[361/900] Human_UBE2L5_orthologues_AA_k_5_l_2000_a_6.dot   e=  370 pre41 -> 8.740s v=1
[361/900] Human_UBE2L5_orthologues_AA_k_5_l_2000_a_6.dot   e=  370 pre42 -> 4.501s v=1
[361/900] Human_UBE2L5_orthologues_AA_k_5_l_2000_a_6.dot   e=  370 new   -> 4.556s v=1
[362/900] Human_LEAP2_orthologues_DNA_l_300_a_4.dot        e=  373 pre41 -> 6.248s v=-1
[362/900] Human_LEAP2_orthologues_DNA_l_300_a_4.dot        e=  373 pre42 -> 4.044s v=-1
[362/900] Human_LEAP2_orthologues_DNA_l_300_a_4.dot        e=  373 new   -> 4.045s v=-1
[363/900] Human_LEAP2_orthologues_DNA_l_500_a_4.dot        e=  373 pre41 -> 6.213s v=-1
[363/900] Human_LEAP2_orthologues_DNA_l_500_a_4.dot        e=  373 pre42 -> 4.062s v=-1
[363/900] Human_LEAP2_orthologues_DNA_l_500_a_4.dot        e=  373 new   -> 4.127s v=-1
[364/900] Human_SPA17_orthologues_DNA_l_300_a_5.dot        e=  390 pre41 -> 8.769s v=-1
[364/900] Human_SPA17_orthologues_DNA_l_300_a_5.dot        e=  390 pre42 -> 5.495s v=-1
[364/900] Human_SPA17_orthologues_DNA_l_300_a_5.dot        e=  390 new   -> 5.551s v=-1
[365/900] Human_LEAP2_orthologues_DNA_l_300_a_5.dot        e=  391 pre41 -> 6.675s v=-1
[365/900] Human_LEAP2_orthologues_DNA_l_300_a_5.dot        e=  391 pre42 -> 4.467s v=-1
[365/900] Human_LEAP2_orthologues_DNA_l_300_a_5.dot        e=  391 new   -> 4.379s v=-1
[366/900] Human_LEAP2_orthologues_DNA_l_500_a_5.dot        e=  391 pre41 -> 6.948s v=-1
[366/900] Human_LEAP2_orthologues_DNA_l_500_a_5.dot        e=  391 pre42 -> 4.753s v=-1
[366/900] Human_LEAP2_orthologues_DNA_l_500_a_5.dot        e=  391 new   -> 4.370s v=-1
[367/900] Human_C17orf67_orthologues_AA_k_3_l_2000_a_7.dot e=  394 pre41 -> 2.318s v=1
[367/900] Human_C17orf67_orthologues_AA_k_3_l_2000_a_7.dot e=  394 pre42 -> 1.143s v=1
[367/900] Human_C17orf67_orthologues_AA_k_3_l_2000_a_7.dot e=  394 new   -> 1.146s v=1
[368/900] Human_UBE2L5_orthologues_AA_k_4_l_2000_a_7.dot   e=  398 pre41 -> 7.636s v=1
[368/900] Human_UBE2L5_orthologues_AA_k_4_l_2000_a_7.dot   e=  398 pre42 -> 4.616s v=1
[368/900] Human_UBE2L5_orthologues_AA_k_4_l_2000_a_7.dot   e=  398 new   -> 4.374s v=1
[369/900] Human_RPS27A_orthologues_DNA_l_300_a_4.dot       e=  398 pre41 -> 9.144s v=-1
[369/900] Human_RPS27A_orthologues_DNA_l_300_a_4.dot       e=  398 pre42 -> 5.634s v=-1
[369/900] Human_RPS27A_orthologues_DNA_l_300_a_4.dot       e=  398 new   -> 5.652s v=-1
[370/900] Human_SPA17_orthologues_DNA_l_300_a_6.dot        e=  398 pre41 -> 8.948s v=-1
[370/900] Human_SPA17_orthologues_DNA_l_300_a_6.dot        e=  398 pre42 -> 5.572s v=-1
[370/900] Human_SPA17_orthologues_DNA_l_300_a_6.dot        e=  398 new   -> 5.581s v=-1
[371/900] Human_LEAP2_orthologues_DNA_l_300_a_6.dot        e=  403 pre41 -> 7.012s v=-1
[371/900] Human_LEAP2_orthologues_DNA_l_300_a_6.dot        e=  403 pre42 -> 4.624s v=-1
[371/900] Human_LEAP2_orthologues_DNA_l_300_a_6.dot        e=  403 new   -> 4.651s v=-1
[372/900] Human_LEAP2_orthologues_DNA_l_500_a_6.dot        e=  403 pre41 -> 6.973s v=-1
[372/900] Human_LEAP2_orthologues_DNA_l_500_a_6.dot        e=  403 pre42 -> 4.624s v=-1
[372/900] Human_LEAP2_orthologues_DNA_l_500_a_6.dot        e=  403 new   -> 4.592s v=-1
[373/900] Human_RPS27A_orthologues_AA_l_300_a_4.dot        e=  405 pre41 -> 7.021s v=-1
[373/900] Human_RPS27A_orthologues_AA_l_300_a_4.dot        e=  405 pre42 -> 3.307s v=-1
[373/900] Human_RPS27A_orthologues_AA_l_300_a_4.dot        e=  405 new   -> 3.272s v=-1
[374/900] Human_RPS27A_orthologues_AA_l_300_a_5.dot        e=  405 pre41 -> 6.958s v=-1
[374/900] Human_RPS27A_orthologues_AA_l_300_a_5.dot        e=  405 pre42 -> 3.296s v=-1
[374/900] Human_RPS27A_orthologues_AA_l_300_a_5.dot        e=  405 new   -> 3.286s v=-1
[375/900] Human_C17orf67_orthologues_AA_k_4_l_2000_a_6.dot e=  406 pre41 -> 9.513s v=1
[375/900] Human_C17orf67_orthologues_AA_k_4_l_2000_a_6.dot e=  406 pre42 -> 5.248s v=1
[375/900] Human_C17orf67_orthologues_AA_k_4_l_2000_a_6.dot e=  406 new   -> 5.120s v=1
[376/900] Human_DOCK4_orthologues_AA_l_300_a_4.dot         e=  407 pre41 -> 7.304s v=-1
[376/900] Human_DOCK4_orthologues_AA_l_300_a_4.dot         e=  407 pre42 -> 3.608s v=-1
[376/900] Human_DOCK4_orthologues_AA_l_300_a_4.dot         e=  407 new   -> 3.543s v=-1
[377/900] Human_DOCK4_orthologues_AA_l_300_a_5.dot         e=  407 pre41 -> 7.296s v=-1
[377/900] Human_DOCK4_orthologues_AA_l_300_a_5.dot         e=  407 pre42 -> 3.591s v=-1
[377/900] Human_DOCK4_orthologues_AA_l_300_a_5.dot         e=  407 new   -> 3.530s v=-1
[378/900] Human_RPS27A_orthologues_AA_l_300_a_6.dot        e=  407 pre41 -> 7.056s v=-1
[378/900] Human_RPS27A_orthologues_AA_l_300_a_6.dot        e=  407 pre42 -> 3.307s v=-1
[378/900] Human_RPS27A_orthologues_AA_l_300_a_6.dot        e=  407 new   -> 3.284s v=-1
[379/900] Human_STAU2_orthologues_DNA_l_300_a_5.dot        e=  408 pre41 -> 9.545s v=-1
[379/900] Human_STAU2_orthologues_DNA_l_300_a_5.dot        e=  408 pre42 -> 5.852s v=-1
[379/900] Human_STAU2_orthologues_DNA_l_300_a_5.dot        e=  408 new   -> 5.666s v=-1
[380/900] Human_UBE2L5_orthologues_AA_k_4_l_2000_a_8.dot   e=  409 pre41 -> 8.100s v=1
[380/900] Human_UBE2L5_orthologues_AA_k_4_l_2000_a_8.dot   e=  409 pre42 -> 4.795s v=1
[380/900] Human_UBE2L5_orthologues_AA_k_4_l_2000_a_8.dot   e=  409 new   -> 4.717s v=1
[381/900] Human_RPS27A_orthologues_DNA_l_300_a_5.dot       e=  411 pre41 -> 9.371s v=-1
[381/900] Human_RPS27A_orthologues_DNA_l_300_a_5.dot       e=  411 pre42 -> 5.936s v=-1
[381/900] Human_RPS27A_orthologues_DNA_l_300_a_5.dot       e=  411 new   -> 5.472s v=-1
[382/900] Human_OR10G8_orthologues_DNA_l_300_a_4.dot       e=  412 pre41 -> 8.712s v=-1
[382/900] Human_OR10G8_orthologues_DNA_l_300_a_4.dot       e=  412 pre42 -> 5.401s v=-1
[382/900] Human_OR10G8_orthologues_DNA_l_300_a_4.dot       e=  412 new   -> 5.131s v=-1
[383/900] Human_OR10G8_orthologues_AA_l_300_a_4.dot        e=  417 pre41 -> 7.147s v=-1
[383/900] Human_OR10G8_orthologues_AA_l_300_a_4.dot        e=  417 pre42 -> 3.224s v=-1
[383/900] Human_OR10G8_orthologues_AA_l_300_a_4.dot        e=  417 new   -> 3.199s v=-1
[384/900] Human_SPA17_orthologues_AA_l_300_a_5.dot         e=  421 pre41 -> 8.206s v=-1
[384/900] Human_SPA17_orthologues_AA_l_300_a_5.dot         e=  421 pre42 -> 3.851s v=-1
[384/900] Human_SPA17_orthologues_AA_l_300_a_5.dot         e=  421 new   -> 3.766s v=-1
[385/900] Human_DOCK4_orthologues_DNA_l_300_a_6.dot        e=  422 pre41 -> 10.161s v=-1
[385/900] Human_DOCK4_orthologues_DNA_l_300_a_6.dot        e=  422 pre42 -> 6.204s v=-1
[385/900] Human_DOCK4_orthologues_DNA_l_300_a_6.dot        e=  422 new   -> 5.896s v=-1
[386/900] Human_C17orf67_orthologues_AA_k_3_l_2000_a_8.dot e=  424 pre41 -> 2.538s v=1
[386/900] Human_C17orf67_orthologues_AA_k_3_l_2000_a_8.dot e=  424 pre42 -> 1.191s v=1
[386/900] Human_C17orf67_orthologues_AA_k_3_l_2000_a_8.dot e=  424 new   -> 1.224s v=1
[387/900] Human_ELSPBP1_orthologues_DNA_l_300_a_4.dot      e=  427 pre41 -> 9.278s v=-1
[387/900] Human_ELSPBP1_orthologues_DNA_l_300_a_4.dot      e=  427 pre42 -> 5.778s v=-1
[387/900] Human_ELSPBP1_orthologues_DNA_l_300_a_4.dot      e=  427 new   -> 5.587s v=-1
[388/900] Human_SPA17_orthologues_AA_l_300_a_6.dot         e=  427 pre41 -> 8.465s v=-1
[388/900] Human_SPA17_orthologues_AA_l_300_a_6.dot         e=  427 pre42 -> 3.955s v=-1
[388/900] Human_SPA17_orthologues_AA_l_300_a_6.dot         e=  427 new   -> 4.014s v=-1
[389/900] Human_RPS27A_orthologues_DNA_l_300_a_6.dot       e=  428 pre41 -> 10.670s v=-1
[389/900] Human_RPS27A_orthologues_DNA_l_300_a_6.dot       e=  428 pre42 -> 6.267s v=-1
[389/900] Human_RPS27A_orthologues_DNA_l_300_a_6.dot       e=  428 new   -> 6.084s v=-1
[390/900] Human_C17orf67_orthologues_AA_k_5_l_2000_a_6.dot e=  433 pre41 -> 14.299s v=1
[390/900] Human_C17orf67_orthologues_AA_k_5_l_2000_a_6.dot e=  433 pre42 -> 7.196s v=1
[390/900] Human_C17orf67_orthologues_AA_k_5_l_2000_a_6.dot e=  433 new   -> 7.090s v=1
[391/900] Human_UBE2L5_orthologues_AA_k_5_l_2000_a_7.dot   e=  440 pre41 -> 12.996s v=1
[391/900] Human_UBE2L5_orthologues_AA_k_5_l_2000_a_7.dot   e=  440 pre42 -> 7.202s v=1
[391/900] Human_UBE2L5_orthologues_AA_k_5_l_2000_a_7.dot   e=  440 new   -> 6.452s v=1
[392/900] Human_OR10G8_orthologues_AA_l_500_a_4.dot        e=  440 pre41 -> 8.246s v=-1
[392/900] Human_OR10G8_orthologues_AA_l_500_a_4.dot        e=  440 pre42 -> 3.661s v=-1
[392/900] Human_OR10G8_orthologues_AA_l_500_a_4.dot        e=  440 new   -> 3.700s v=-1
[393/900] Human_LEAP2_orthologues_DNA_k_5_l_2000_a_6.dot   e=  450 pre41 -> 4.470s v=1
[393/900] Human_LEAP2_orthologues_DNA_k_5_l_2000_a_6.dot   e=  450 pre42 -> 3.481s v=1
[393/900] Human_LEAP2_orthologues_DNA_k_5_l_2000_a_6.dot   e=  450 new   -> 3.546s v=1
[394/900] Human_ELSPBP1_orthologues_AA_l_300_a_4.dot       e=  451 pre41 -> 7.690s v=-1
[394/900] Human_ELSPBP1_orthologues_AA_l_300_a_4.dot       e=  451 pre42 -> 3.410s v=-1
[394/900] Human_ELSPBP1_orthologues_AA_l_300_a_4.dot       e=  451 new   -> 3.469s v=-1
[395/900] Human_ELSPBP1_orthologues_AA_l_500_a_4.dot       e=  451 pre41 -> 7.826s v=-1
[395/900] Human_ELSPBP1_orthologues_AA_l_500_a_4.dot       e=  451 pre42 -> 3.434s v=-1
[395/900] Human_ELSPBP1_orthologues_AA_l_500_a_4.dot       e=  451 new   -> 3.292s v=-1
[396/900] Human_UBE2L5_orthologues_AA_k_5_l_2000_a_8.dot   e=  454 pre41 -> 14.746s v=1
[396/900] Human_UBE2L5_orthologues_AA_k_5_l_2000_a_8.dot   e=  454 pre42 -> 7.278s v=1
[396/900] Human_UBE2L5_orthologues_AA_k_5_l_2000_a_8.dot   e=  454 new   -> 7.726s v=1
[397/900] Human_OR10G8_orthologues_DNA_l_300_a_5.dot       e=  457 pre41 -> 10.980s v=-1
[397/900] Human_OR10G8_orthologues_DNA_l_300_a_5.dot       e=  457 pre42 -> 6.599s v=-1
[397/900] Human_OR10G8_orthologues_DNA_l_300_a_5.dot       e=  457 new   -> 6.109s v=-1
[398/900] Human_C17orf67_orthologues_AA_k_4_l_2000_a_7.dot e=  460 pre41 -> 13.128s v=1
[398/900] Human_C17orf67_orthologues_AA_k_4_l_2000_a_7.dot e=  460 pre42 -> 7.180s v=1
[398/900] Human_C17orf67_orthologues_AA_k_4_l_2000_a_7.dot e=  460 new   -> 6.723s v=1
[399/900] Human_FHIP1B_orthologues_DNA_l_300_a_4.dot       e=  465 pre41 -> 12.744s v=-1
[399/900] Human_FHIP1B_orthologues_DNA_l_300_a_4.dot       e=  465 pre42 -> 7.194s v=-1
[399/900] Human_FHIP1B_orthologues_DNA_l_300_a_4.dot       e=  465 new   -> 7.283s v=-1
[400/900] Human_TRPC1_orthologues_AA_l_300_a_4.dot         e=  467 pre41 -> 10.124s v=-1
[400/900] Human_TRPC1_orthologues_AA_l_300_a_4.dot         e=  467 pre42 -> 3.996s v=-1
[400/900] Human_TRPC1_orthologues_AA_l_300_a_4.dot         e=  467 new   -> 3.872s v=-1
[401/900] Human_OR10G8_orthologues_AA_l_300_a_5.dot        e=  471 pre41 -> 8.785s v=-1
[401/900] Human_OR10G8_orthologues_AA_l_300_a_5.dot        e=  471 pre42 -> 3.923s v=-1
[401/900] Human_OR10G8_orthologues_AA_l_300_a_5.dot        e=  471 new   -> 3.841s v=-1
[402/900] Human_OR10G8_orthologues_DNA_l_300_a_6.dot       e=  473 pre41 -> 11.760s v=-1
[402/900] Human_OR10G8_orthologues_DNA_l_300_a_6.dot       e=  473 pre42 -> 6.863s v=-1
[402/900] Human_OR10G8_orthologues_DNA_l_300_a_6.dot       e=  473 new   -> 6.589s v=-1
[403/900] Human_UBE2L5_orthologues_DNA_l_300_a_4.dot       e=  473 pre41 -> 12.006s v=-1
[403/900] Human_UBE2L5_orthologues_DNA_l_300_a_4.dot       e=  473 pre42 -> 6.933s v=-1
[403/900] Human_UBE2L5_orthologues_DNA_l_300_a_4.dot       e=  473 new   -> 7.134s v=-1
[404/900] Human_LEAP2_orthologues_DNA_k_5_l_2000_a_7.dot   e=  475 pre41 -> 5.012s v=1
[404/900] Human_LEAP2_orthologues_DNA_k_5_l_2000_a_7.dot   e=  475 pre42 -> 4.043s v=1
[404/900] Human_LEAP2_orthologues_DNA_k_5_l_2000_a_7.dot   e=  475 new   -> 4.353s v=1
[405/900] Human_ELSPBP1_orthologues_DNA_l_300_a_5.dot      e=  482 pre41 -> 12.566s v=-1
[405/900] Human_ELSPBP1_orthologues_DNA_l_300_a_5.dot      e=  482 pre42 -> 7.288s v=-1
[405/900] Human_ELSPBP1_orthologues_DNA_l_300_a_5.dot      e=  482 new   -> 7.297s v=-1
[406/900] Human_SLC22A2_orthologues_DNA_l_300_a_4.dot      e=  484 pre41 -> 14.740s v=-1
[406/900] Human_SLC22A2_orthologues_DNA_l_300_a_4.dot      e=  484 pre42 -> 8.487s v=-1
[406/900] Human_SLC22A2_orthologues_DNA_l_300_a_4.dot      e=  484 new   -> 7.998s v=-1
[407/900] Human_SLC22A2_orthologues_DNA_l_300_a_5.dot      e=  486 pre41 -> 14.799s v=-1
[407/900] Human_SLC22A2_orthologues_DNA_l_300_a_5.dot      e=  486 pre42 -> 8.498s v=-1
[407/900] Human_SLC22A2_orthologues_DNA_l_300_a_5.dot      e=  486 new   -> 8.130s v=-1
[408/900] Human_SLC22A2_orthologues_DNA_l_300_a_6.dot      e=  486 pre41 -> 14.647s v=-1
[408/900] Human_SLC22A2_orthologues_DNA_l_300_a_6.dot      e=  486 pre42 -> 8.673s v=-1
[408/900] Human_SLC22A2_orthologues_DNA_l_300_a_6.dot      e=  486 new   -> 8.070s v=-1
[409/900] Human_DOCK4_orthologues_AA_l_300_a_6.dot         e=  491 pre41 -> 11.080s v=-1
[409/900] Human_DOCK4_orthologues_AA_l_300_a_6.dot         e=  491 pre42 -> 4.759s v=-1
[409/900] Human_DOCK4_orthologues_AA_l_300_a_6.dot         e=  491 new   -> 4.846s v=-1
[410/900] Human_C17orf67_orthologues_AA_k_5_l_2000_a_7.dot e=  494 pre41 -> 20.074s v=1
[410/900] Human_C17orf67_orthologues_AA_k_5_l_2000_a_7.dot e=  494 pre42 -> 10.936s v=1
[410/900] Human_C17orf67_orthologues_AA_k_5_l_2000_a_7.dot e=  494 new   -> 10.747s v=1
[411/900] Human_STAU2_orthologues_AA_l_300_a_4.dot         e=  494 pre41 -> 11.419s v=-1
[411/900] Human_STAU2_orthologues_AA_l_300_a_4.dot         e=  494 pre42 -> 4.798s v=-1
[411/900] Human_STAU2_orthologues_AA_l_300_a_4.dot         e=  494 new   -> 4.809s v=-1
[412/900] Human_STAU2_orthologues_AA_l_300_a_6.dot         e=  495 pre41 -> 12.119s v=-1
[412/900] Human_STAU2_orthologues_AA_l_300_a_6.dot         e=  495 pre42 -> 4.786s v=-1
[412/900] Human_STAU2_orthologues_AA_l_300_a_6.dot         e=  495 new   -> 4.664s v=-1
[413/900] Human_FAM53A_orthologues_DNA_l_300_a_5.dot       e=  496 pre41 -> 10.960s v=-1
[413/900] Human_FAM53A_orthologues_DNA_l_300_a_5.dot       e=  496 pre42 -> 6.217s v=-1
[413/900] Human_FAM53A_orthologues_DNA_l_300_a_5.dot       e=  496 new   -> 6.034s v=-1
[414/900] Human_OR10G8_orthologues_AA_l_500_a_5.dot        e=  496 pre41 -> 10.601s v=-1
[414/900] Human_OR10G8_orthologues_AA_l_500_a_5.dot        e=  496 pre42 -> 4.402s v=-1
[414/900] Human_OR10G8_orthologues_AA_l_500_a_5.dot        e=  496 new   -> 4.211s v=-1
[415/900] Human_FHIP1B_orthologues_DNA_l_300_a_5.dot       e=  497 pre41 -> 14.344s v=-1
[415/900] Human_FHIP1B_orthologues_DNA_l_300_a_5.dot       e=  497 pre42 -> 8.588s v=-1
[415/900] Human_FHIP1B_orthologues_DNA_l_300_a_5.dot       e=  497 new   -> 8.605s v=-1
[416/900] Human_FHIP1B_orthologues_DNA_l_300_a_6.dot       e=  497 pre41 -> 14.381s v=-1
[416/900] Human_FHIP1B_orthologues_DNA_l_300_a_6.dot       e=  497 pre42 -> 8.620s v=-1
[416/900] Human_FHIP1B_orthologues_DNA_l_300_a_6.dot       e=  497 new   -> 8.475s v=-1
[417/900] Human_LEAP2_orthologues_DNA_k_5_l_2000_a_8.dot   e=  499 pre41 -> 5.193s v=1
[417/900] Human_LEAP2_orthologues_DNA_k_5_l_2000_a_8.dot   e=  499 pre42 -> 4.192s v=1
[417/900] Human_LEAP2_orthologues_DNA_k_5_l_2000_a_8.dot   e=  499 new   -> 4.545s v=1
[418/900] Human_SPA17_orthologues_DNA_l_300_a_4.dot        e=  501 pre41 -> 17.033s v=-1
[418/900] Human_SPA17_orthologues_DNA_l_300_a_4.dot        e=  501 pre42 -> 9.768s v=-1
[418/900] Human_SPA17_orthologues_DNA_l_300_a_4.dot        e=  501 new   -> 9.779s v=-1
[419/900] Human_C17orf67_orthologues_AA_k_4_l_2000_a_8.dot e=  505 pre41 -> 16.443s v=1
[419/900] Human_C17orf67_orthologues_AA_k_4_l_2000_a_8.dot e=  505 pre42 -> 8.074s v=1
[419/900] Human_C17orf67_orthologues_AA_k_4_l_2000_a_8.dot e=  505 new   -> 7.771s v=1
[420/900] Human_RPS27A_orthologues_AA_k_3_l_2000_a_6.dot   e=  505 pre41 -> 3.633s v=1
[420/900] Human_RPS27A_orthologues_AA_k_3_l_2000_a_6.dot   e=  505 pre42 -> 1.851s v=1
[420/900] Human_RPS27A_orthologues_AA_k_3_l_2000_a_6.dot   e=  505 new   -> 1.800s v=1
[421/900] Human_RPS27A_orthologues_AA_k_3_l_2000_a_7.dot   e=  505 pre41 -> 3.582s v=1
[421/900] Human_RPS27A_orthologues_AA_k_3_l_2000_a_7.dot   e=  505 pre42 -> 1.891s v=1
[421/900] Human_RPS27A_orthologues_AA_k_3_l_2000_a_7.dot   e=  505 new   -> 1.841s v=1
[422/900] Human_RPS27A_orthologues_AA_l_500_a_4.dot        e=  506 pre41 -> 12.871s v=-1
[422/900] Human_RPS27A_orthologues_AA_l_500_a_4.dot        e=  506 pre42 -> 5.167s v=-1
[422/900] Human_RPS27A_orthologues_AA_l_500_a_4.dot        e=  506 new   -> 5.093s v=-1
[423/900] Human_FHIP1B_orthologues_AA_l_300_a_4.dot        e=  511 pre41 -> 11.380s v=-1
[423/900] Human_FHIP1B_orthologues_AA_l_300_a_4.dot        e=  511 pre42 -> 4.669s v=-1
[423/900] Human_FHIP1B_orthologues_AA_l_300_a_4.dot        e=  511 new   -> 4.716s v=-1
[424/900] Human_RPS27A_orthologues_AA_k_3_l_2000_a_8.dot   e=  516 pre41 -> 3.728s v=1
[424/900] Human_RPS27A_orthologues_AA_k_3_l_2000_a_8.dot   e=  516 pre42 -> 2.005s v=1
[424/900] Human_RPS27A_orthologues_AA_k_3_l_2000_a_8.dot   e=  516 new   -> 1.860s v=1
[425/900] Human_OR10G8_orthologues_AA_l_300_a_6.dot        e=  516 pre41 -> 10.048s v=-1
[425/900] Human_OR10G8_orthologues_AA_l_300_a_6.dot        e=  516 pre42 -> 4.330s v=-1
[425/900] Human_OR10G8_orthologues_AA_l_300_a_6.dot        e=  516 new   -> 4.332s v=-1
[426/900] Human_UBE2L5_orthologues_DNA_l_300_a_5.dot       e=  518 pre41 -> 13.775s v=-1
[426/900] Human_UBE2L5_orthologues_DNA_l_300_a_5.dot       e=  518 pre42 -> 8.466s v=-1
[426/900] Human_UBE2L5_orthologues_DNA_l_300_a_5.dot       e=  518 new   -> 8.495s v=-1
[427/900] Human_RPS27A_orthologues_AA_l_500_a_5.dot        e=  522 pre41 -> 14.441s v=-1
[427/900] Human_RPS27A_orthologues_AA_l_500_a_5.dot        e=  522 pre42 -> 5.670s v=-1
[427/900] Human_RPS27A_orthologues_AA_l_500_a_5.dot        e=  522 new   -> 5.585s v=-1
[428/900] Human_TRPC1_orthologues_DNA_l_300_a_4.dot        e=  525 pre41 -> 14.811s v=-1
[428/900] Human_TRPC1_orthologues_DNA_l_300_a_4.dot        e=  525 pre42 -> 8.820s v=-1
[428/900] Human_TRPC1_orthologues_DNA_l_300_a_4.dot        e=  525 new   -> 8.858s v=-1
[429/900] Human_TRPC1_orthologues_DNA_l_300_a_5.dot        e=  525 pre41 -> 14.619s v=-1
[429/900] Human_TRPC1_orthologues_DNA_l_300_a_5.dot        e=  525 pre42 -> 8.906s v=-1
[429/900] Human_TRPC1_orthologues_DNA_l_300_a_5.dot        e=  525 new   -> 8.961s v=-1
[430/900] Human_ELSPBP1_orthologues_AA_l_300_a_5.dot       e=  526 pre41 -> 10.506s v=-1
[430/900] Human_ELSPBP1_orthologues_AA_l_300_a_5.dot       e=  526 pre42 -> 4.286s v=-1
[430/900] Human_ELSPBP1_orthologues_AA_l_300_a_5.dot       e=  526 new   -> 4.213s v=-1
[431/900] Human_ELSPBP1_orthologues_AA_l_500_a_5.dot       e=  526 pre41 -> 10.552s v=-1
[431/900] Human_ELSPBP1_orthologues_AA_l_500_a_5.dot       e=  526 pre42 -> 4.213s v=-1
[431/900] Human_ELSPBP1_orthologues_AA_l_500_a_5.dot       e=  526 new   -> 4.192s v=-1
[432/900] Human_RPS27A_orthologues_AA_l_500_a_6.dot        e=  526 pre41 -> 14.697s v=-1
[432/900] Human_RPS27A_orthologues_AA_l_500_a_6.dot        e=  526 pre42 -> 5.733s v=-1
[432/900] Human_RPS27A_orthologues_AA_l_500_a_6.dot        e=  526 new   -> 5.763s v=-1
[433/900] Human_RPS27A_orthologues_AA_k_4_l_2000_a_6.dot   e=  539 pre41 -> 26.913s v=1
[433/900] Human_RPS27A_orthologues_AA_k_4_l_2000_a_6.dot   e=  539 pre42 -> 13.147s v=1
[433/900] Human_RPS27A_orthologues_AA_k_4_l_2000_a_6.dot   e=  539 new   -> 12.597s v=1
[434/900] Human_RPS27A_orthologues_AA_k_4_l_2000_a_7.dot   e=  539 pre41 -> 26.000s v=1
[434/900] Human_RPS27A_orthologues_AA_k_4_l_2000_a_7.dot   e=  539 pre42 -> 12.956s v=1
[434/900] Human_RPS27A_orthologues_AA_k_4_l_2000_a_7.dot   e=  539 new   -> 12.892s v=1
[435/900] Human_OR10G8_orthologues_AA_l_500_a_6.dot        e=  541 pre41 -> 12.083s v=-1
[435/900] Human_OR10G8_orthologues_AA_l_500_a_6.dot        e=  541 pre42 -> 4.960s v=-1
[435/900] Human_OR10G8_orthologues_AA_l_500_a_6.dot        e=  541 new   -> 4.887s v=-1
[436/900] Human_UBE2L5_orthologues_DNA_l_300_a_6.dot       e=  542 pre41 -> 15.095s v=-1
[436/900] Human_UBE2L5_orthologues_DNA_l_300_a_6.dot       e=  542 pre42 -> 9.307s v=-1
[436/900] Human_UBE2L5_orthologues_DNA_l_300_a_6.dot       e=  542 new   -> 9.282s v=-1
[437/900] Human_RPS27A_orthologues_AA_k_5_l_2000_a_6.dot   e=  544 pre41 -> 32.861s v=1
[437/900] Human_RPS27A_orthologues_AA_k_5_l_2000_a_6.dot   e=  544 pre42 -> 16.140s v=1
[437/900] Human_RPS27A_orthologues_AA_k_5_l_2000_a_6.dot   e=  544 new   -> 15.967s v=1
[438/900] Human_RPS27A_orthologues_AA_k_5_l_2000_a_7.dot   e=  544 pre41 -> 32.417s v=1
[438/900] Human_RPS27A_orthologues_AA_k_5_l_2000_a_7.dot   e=  544 pre42 -> 15.935s v=1
[438/900] Human_RPS27A_orthologues_AA_k_5_l_2000_a_7.dot   e=  544 new   -> 15.949s v=1
[439/900] Human_C17orf67_orthologues_AA_k_5_l_2000_a_8.dot e=  548 pre41 -> 26.913s v=1
[439/900] Human_C17orf67_orthologues_AA_k_5_l_2000_a_8.dot e=  548 pre42 -> 13.040s v=1
[439/900] Human_C17orf67_orthologues_AA_k_5_l_2000_a_8.dot e=  548 new   -> 13.448s v=1
[440/900] Human_SHLD2_orthologues_DNA_l_300_a_6.dot        e=  548 pre41 -> 17.997s v=-1
[440/900] Human_SHLD2_orthologues_DNA_l_300_a_6.dot        e=  548 pre42 -> 10.508s v=-1
[440/900] Human_SHLD2_orthologues_DNA_l_300_a_6.dot        e=  548 new   -> 10.580s v=-1
[441/900] Human_ELSPBP1_orthologues_DNA_l_300_a_6.dot      e=  549 pre41 -> 16.269s v=-1
[441/900] Human_ELSPBP1_orthologues_DNA_l_300_a_6.dot      e=  549 pre42 -> 9.915s v=-1
[441/900] Human_ELSPBP1_orthologues_DNA_l_300_a_6.dot      e=  549 new   -> 9.857s v=-1
[442/900] Human_DOCK4_orthologues_DNA_l_500_a_4.dot        e=  550 pre41 -> 27.369s v=-1
[442/900] Human_DOCK4_orthologues_DNA_l_500_a_4.dot        e=  550 pre42 -> 15.960s v=-1
[442/900] Human_DOCK4_orthologues_DNA_l_500_a_4.dot        e=  550 new   -> 15.873s v=-1
[443/900] Human_DOCK4_orthologues_DNA_l_500_a_5.dot        e=  550 pre41 -> 27.480s v=-1
[443/900] Human_DOCK4_orthologues_DNA_l_500_a_5.dot        e=  550 pre42 -> 16.010s v=-1
[443/900] Human_DOCK4_orthologues_DNA_l_500_a_5.dot        e=  550 new   -> 15.914s v=-1
[444/900] Human_TRPC1_orthologues_DNA_l_300_a_6.dot        e=  552 pre41 -> 16.372s v=-1
[444/900] Human_TRPC1_orthologues_DNA_l_300_a_6.dot        e=  552 pre42 -> 10.176s v=-1
[444/900] Human_TRPC1_orthologues_DNA_l_300_a_6.dot        e=  552 new   -> 10.203s v=-1
[445/900] Human_RPS27A_orthologues_AA_k_4_l_2000_a_8.dot   e=  553 pre41 -> 28.089s v=1
[445/900] Human_RPS27A_orthologues_AA_k_4_l_2000_a_8.dot   e=  553 pre42 -> 14.024s v=1
[445/900] Human_RPS27A_orthologues_AA_k_4_l_2000_a_8.dot   e=  553 new   -> 14.448s v=1
[446/900] Human_RPS27A_orthologues_AA_k_5_l_2000_a_8.dot   e=  561 pre41 -> 35.209s v=1
[446/900] Human_RPS27A_orthologues_AA_k_5_l_2000_a_8.dot   e=  561 pre42 -> 17.131s v=1
[446/900] Human_RPS27A_orthologues_AA_k_5_l_2000_a_8.dot   e=  561 new   -> 17.089s v=1
[447/900] Human_CLPX_orthologues_AA_l_300_a_4.dot          e=  564 pre41 -> 14.889s v=-1
[447/900] Human_CLPX_orthologues_AA_l_300_a_4.dot          e=  564 pre42 -> 5.946s v=-1
[447/900] Human_CLPX_orthologues_AA_l_300_a_4.dot          e=  564 new   -> 5.966s v=-1
[448/900] Human_BTBD17_orthologues_DNA_l_300_a_4.dot       e=  566 pre41 -> 17.595s v=-1
[448/900] Human_BTBD17_orthologues_DNA_l_300_a_4.dot       e=  566 pre42 -> 10.876s v=-1
[448/900] Human_BTBD17_orthologues_DNA_l_300_a_4.dot       e=  566 new   -> 10.329s v=-1
[449/900] Human_TRPC1_orthologues_AA_l_300_a_5.dot         e=  566 pre41 -> 15.906s v=-1
[449/900] Human_TRPC1_orthologues_AA_l_300_a_5.dot         e=  566 pre42 -> 6.229s v=-1
[449/900] Human_TRPC1_orthologues_AA_l_300_a_5.dot         e=  566 new   -> 5.813s v=-1
[450/900] Human_STAU2_orthologues_AA_l_300_a_5.dot         e=  574 pre41 -> 15.349s v=-1
[450/900] Human_STAU2_orthologues_AA_l_300_a_5.dot         e=  574 pre42 -> 6.080s v=-1
[450/900] Human_STAU2_orthologues_AA_l_300_a_5.dot         e=  574 new   -> 6.149s v=-1
[451/900] Human_STAU2_orthologues_DNA_l_500_a_6.dot        e=  575 pre41 -> 28.273s v=-1
[451/900] Human_STAU2_orthologues_DNA_l_500_a_6.dot        e=  575 pre42 -> 15.676s v=-1
[451/900] Human_STAU2_orthologues_DNA_l_500_a_6.dot        e=  575 new   -> 15.950s v=-1
[452/900] Human_SPA17_orthologues_AA_l_300_a_4.dot         e=  583 pre41 -> 17.872s v=-1
[452/900] Human_SPA17_orthologues_AA_l_300_a_4.dot         e=  583 pre42 -> 7.731s v=-1
[452/900] Human_SPA17_orthologues_AA_l_300_a_4.dot         e=  583 new   -> 7.265s v=-1
[453/900] Human_C17orf67_orthologues_DNA_l_300_a_4.dot     e=  588 pre41 -> 23.452s v=-1
[453/900] Human_C17orf67_orthologues_DNA_l_300_a_4.dot     e=  588 pre42 -> 12.351s v=-1
[453/900] Human_C17orf67_orthologues_DNA_l_300_a_4.dot     e=  588 new   -> 12.529s v=-1
[454/900] Human_CEP57L1_orthologues_DNA_l_300_a_4.dot      e=  588 pre41 -> 23.443s v=-1
[454/900] Human_CEP57L1_orthologues_DNA_l_300_a_4.dot      e=  588 pre42 -> 13.479s v=-1
[454/900] Human_CEP57L1_orthologues_DNA_l_300_a_4.dot      e=  588 new   -> 13.170s v=-1
[455/900] Human_ZRANB3_orthologues_DNA_l_300_a_4.dot       e=  588 pre41 -> 21.018s v=-1
[455/900] Human_ZRANB3_orthologues_DNA_l_300_a_4.dot       e=  588 pre42 -> 12.327s v=-1
[455/900] Human_ZRANB3_orthologues_DNA_l_300_a_4.dot       e=  588 new   -> 12.343s v=-1
[456/900] Human_FHIP1B_orthologues_AA_l_300_a_6.dot        e=  588 pre41 -> 15.416s v=-1
[456/900] Human_FHIP1B_orthologues_AA_l_300_a_6.dot        e=  588 pre42 -> 6.147s v=-1
[456/900] Human_FHIP1B_orthologues_AA_l_300_a_6.dot        e=  588 new   -> 6.078s v=-1
[457/900] Human_OR10G8_orthologues_AA_k_3_l_2000_a_6.dot   e=  595 pre41 -> 4.172s v=1
[457/900] Human_OR10G8_orthologues_AA_k_3_l_2000_a_6.dot   e=  595 pre42 -> 2.280s v=1
[457/900] Human_OR10G8_orthologues_AA_k_3_l_2000_a_6.dot   e=  595 new   -> 2.037s v=1
[458/900] Human_FHIP1B_orthologues_AA_l_300_a_5.dot        e=  598 pre41 -> 16.177s v=-1
[458/900] Human_FHIP1B_orthologues_AA_l_300_a_5.dot        e=  598 pre42 -> 6.484s v=-1
[458/900] Human_FHIP1B_orthologues_AA_l_300_a_5.dot        e=  598 new   -> 6.374s v=-1
[459/900] Human_ELSPBP1_orthologues_AA_l_300_a_6.dot       e=  601 pre41 -> 14.327s v=-1
[459/900] Human_ELSPBP1_orthologues_AA_l_300_a_6.dot       e=  601 pre42 -> 5.651s v=-1
[459/900] Human_ELSPBP1_orthologues_AA_l_300_a_6.dot       e=  601 new   -> 5.662s v=-1
[460/900] Human_ELSPBP1_orthologues_AA_l_500_a_6.dot       e=  601 pre41 -> 14.440s v=-1
[460/900] Human_ELSPBP1_orthologues_AA_l_500_a_6.dot       e=  601 pre42 -> 5.652s v=-1
[460/900] Human_ELSPBP1_orthologues_AA_l_500_a_6.dot       e=  601 new   -> 5.591s v=-1
[461/900] Human_SHLD2_orthologues_DNA_l_300_a_4.dot        e=  606 pre41 -> 23.908s v=-1
[461/900] Human_SHLD2_orthologues_DNA_l_300_a_4.dot        e=  606 pre42 -> 14.094s v=-1
[461/900] Human_SHLD2_orthologues_DNA_l_300_a_4.dot        e=  606 new   -> 14.295s v=-1
[462/900] Human_SHLD2_orthologues_DNA_l_300_a_5.dot        e=  606 pre41 -> 24.572s v=-1
[462/900] Human_SHLD2_orthologues_DNA_l_300_a_5.dot        e=  606 pre42 -> 14.029s v=-1
[462/900] Human_SHLD2_orthologues_DNA_l_300_a_5.dot        e=  606 new   -> 13.982s v=-1
[463/900] Human_CLPX_orthologues_AA_l_300_a_5.dot          e=  606 pre41 -> 17.042s v=-1
[463/900] Human_CLPX_orthologues_AA_l_300_a_5.dot          e=  606 pre42 -> 6.832s v=-1
[463/900] Human_CLPX_orthologues_AA_l_300_a_5.dot          e=  606 new   -> 6.873s v=-1
[464/900] Human_OR10G8_orthologues_AA_k_3_l_2000_a_7.dot   e=  614 pre41 -> 4.294s v=1
[464/900] Human_OR10G8_orthologues_AA_k_3_l_2000_a_7.dot   e=  614 pre42 -> 2.380s v=1
[464/900] Human_OR10G8_orthologues_AA_k_3_l_2000_a_7.dot   e=  614 new   -> 2.358s v=1
[465/900] Human_SLC22A2_orthologues_AA_l_300_a_4.dot       e=  616 pre41 -> 20.166s v=-1
[465/900] Human_SLC22A2_orthologues_AA_l_300_a_4.dot       e=  616 pre42 -> 8.099s v=-1
[465/900] Human_SLC22A2_orthologues_AA_l_300_a_4.dot       e=  616 new   -> 8.224s v=-1
[466/900] Human_CLPX_orthologues_DNA_l_300_a_4.dot         e=  617 pre41 -> 25.866s v=-1
[466/900] Human_CLPX_orthologues_DNA_l_300_a_4.dot         e=  617 pre42 -> 15.109s v=-1
[466/900] Human_CLPX_orthologues_DNA_l_300_a_4.dot         e=  617 new   -> 15.774s v=-1
[467/900] Human_C17orf67_orthologues_DNA_k_5_l_2000_a_6.do e=  618 pre41 -> 6.979s v=1
[467/900] Human_C17orf67_orthologues_DNA_k_5_l_2000_a_6.do e=  618 pre42 -> 5.822s v=1
[467/900] Human_C17orf67_orthologues_DNA_k_5_l_2000_a_6.do e=  618 new   -> 5.415s v=1
[468/900] Human_SLC22A2_orthologues_AA_l_300_a_5.dot       e=  618 pre41 -> 20.390s v=-1
[468/900] Human_SLC22A2_orthologues_AA_l_300_a_5.dot       e=  618 pre42 -> 8.263s v=-1
[468/900] Human_SLC22A2_orthologues_AA_l_300_a_5.dot       e=  618 new   -> 8.276s v=-1
[469/900] Human_FAM53A_orthologues_AA_l_300_a_4.dot        e=  621 pre41 -> 18.762s v=-1
[469/900] Human_FAM53A_orthologues_AA_l_300_a_4.dot        e=  621 pre42 -> 7.963s v=-1
[469/900] Human_FAM53A_orthologues_AA_l_300_a_4.dot        e=  621 new   -> 7.953s v=-1
[470/900] Human_SLC22A2_orthologues_AA_l_300_a_6.dot       e=  621 pre41 -> 20.112s v=-1
[470/900] Human_SLC22A2_orthologues_AA_l_300_a_6.dot       e=  621 pre42 -> 8.320s v=-1
[470/900] Human_SLC22A2_orthologues_AA_l_300_a_6.dot       e=  621 new   -> 8.352s v=-1
[471/900] Human_ELSPBP1_orthologues_AA_k_3_l_2000_a_6.dot  e=  630 pre41 -> 5.176s v=1
[471/900] Human_ELSPBP1_orthologues_AA_k_3_l_2000_a_6.dot  e=  630 pre42 -> 2.650s v=1
[471/900] Human_ELSPBP1_orthologues_AA_k_3_l_2000_a_6.dot  e=  630 new   -> 3.190s v=1
[472/900] Human_DCSTAMP_orthologues_DNA_l_300_a_4.dot      e=  630 pre41 -> 24.602s v=-1
[472/900] Human_DCSTAMP_orthologues_DNA_l_300_a_4.dot      e=  630 pre42 -> 14.573s v=-1
[472/900] Human_DCSTAMP_orthologues_DNA_l_300_a_4.dot      e=  630 new   -> 14.619s v=-1
[473/900] Human_TRAM1_orthologues_DNA_l_300_a_4.dot        e=  630 pre41 -> 22.756s v=-1
[473/900] Human_TRAM1_orthologues_DNA_l_300_a_4.dot        e=  630 pre42 -> 14.027s v=-1
[473/900] Human_TRAM1_orthologues_DNA_l_300_a_4.dot        e=  630 new   -> 14.371s v=-1
[474/900] Human_CLPX_orthologues_AA_l_300_a_6.dot          e=  630 pre41 -> 18.323s v=-1
[474/900] Human_CLPX_orthologues_AA_l_300_a_6.dot          e=  630 pre42 -> 7.770s v=-1
[474/900] Human_CLPX_orthologues_AA_l_300_a_6.dot          e=  630 new   -> 7.736s v=-1
[475/900] Human_GGT6_orthologues_DNA_l_300_a_4.dot         e=  631 pre41 -> 27.006s v=-1
[475/900] Human_GGT6_orthologues_DNA_l_300_a_4.dot         e=  631 pre42 -> 15.660s v=-1
[475/900] Human_GGT6_orthologues_DNA_l_300_a_4.dot         e=  631 new   -> 15.789s v=-1
[476/900] Human_OR10G8_orthologues_AA_k_3_l_2000_a_8.dot   e=  633 pre41 -> 4.343s v=1
[476/900] Human_OR10G8_orthologues_AA_k_3_l_2000_a_8.dot   e=  633 pre42 -> 2.504s v=1
[476/900] Human_OR10G8_orthologues_AA_k_3_l_2000_a_8.dot   e=  633 new   -> 2.425s v=1
[477/900] Human_BTBD17_orthologues_DNA_l_300_a_5.dot       e=  638 pre41 -> 22.898s v=-1
[477/900] Human_BTBD17_orthologues_DNA_l_300_a_5.dot       e=  638 pre42 -> 14.365s v=-1
[477/900] Human_BTBD17_orthologues_DNA_l_300_a_5.dot       e=  638 new   -> 14.429s v=-1
[478/900] Human_BTBD17_orthologues_AA_l_300_a_4.dot        e=  638 pre41 -> 19.748s v=-1
[478/900] Human_BTBD17_orthologues_AA_l_300_a_4.dot        e=  638 pre42 -> 8.205s v=-1
[478/900] Human_BTBD17_orthologues_AA_l_300_a_4.dot        e=  638 new   -> 8.131s v=-1
[479/900] Human_CEP57L1_orthologues_DNA_l_300_a_5.dot      e=  642 pre41 -> 26.463s v=-1
[479/900] Human_CEP57L1_orthologues_DNA_l_300_a_5.dot      e=  642 pre42 -> 15.840s v=-1
[479/900] Human_CEP57L1_orthologues_DNA_l_300_a_5.dot      e=  642 new   -> 15.801s v=-1
[480/900] Human_FAM53A_orthologues_DNA_l_300_a_4.dot       e=  642 pre41 -> 24.998s v=-1
[480/900] Human_FAM53A_orthologues_DNA_l_300_a_4.dot       e=  642 pre42 -> 15.195s v=-1
[480/900] Human_FAM53A_orthologues_DNA_l_300_a_4.dot       e=  642 new   -> 15.251s v=-1
[481/900] Human_LCP1_orthologues_AA_l_300_a_4.dot          e=  642 pre41 -> 18.243s v=-1
[481/900] Human_LCP1_orthologues_AA_l_300_a_4.dot          e=  642 pre42 -> 7.153s v=-1
[481/900] Human_LCP1_orthologues_AA_l_300_a_4.dot          e=  642 new   -> 7.103s v=-1
[482/900] Human_GGT6_orthologues_AA_l_300_a_4.dot          e=  644 pre41 -> 20.142s v=-1
[482/900] Human_GGT6_orthologues_AA_l_300_a_4.dot          e=  644 pre42 -> 8.182s v=-1
[482/900] Human_GGT6_orthologues_AA_l_300_a_4.dot          e=  644 new   -> 8.048s v=-1
[483/900] Human_C17orf67_orthologues_DNA_k_5_l_2000_a_7.do e=  647 pre41 -> 7.273s v=1
[483/900] Human_C17orf67_orthologues_DNA_k_5_l_2000_a_7.do e=  647 pre42 -> 6.409s v=1
[483/900] Human_C17orf67_orthologues_DNA_k_5_l_2000_a_7.do e=  647 new   -> 5.846s v=1
[484/900] Human_RPS27A_orthologues_DNA_l_500_a_4.dot       e=  650 pre41 -> 42.349s v=-1
[484/900] Human_RPS27A_orthologues_DNA_l_500_a_4.dot       e=  650 pre42 -> 21.505s v=-1
[484/900] Human_RPS27A_orthologues_DNA_l_500_a_4.dot       e=  650 new   -> 21.379s v=-1
[485/900] Human_TRAM1_orthologues_DNA_l_300_a_5.dot        e=  650 pre41 -> 25.172s v=-1
[485/900] Human_TRAM1_orthologues_DNA_l_300_a_5.dot        e=  650 pre42 -> 14.635s v=-1
[485/900] Human_TRAM1_orthologues_DNA_l_300_a_5.dot        e=  650 new   -> 14.528s v=-1
[486/900] Human_ZRANB3_orthologues_DNA_l_300_a_5.dot       e=  658 pre41 -> 24.513s v=-1
[486/900] Human_ZRANB3_orthologues_DNA_l_300_a_5.dot       e=  658 pre42 -> 14.971s v=-1
[486/900] Human_ZRANB3_orthologues_DNA_l_300_a_5.dot       e=  658 new   -> 15.084s v=-1
[487/900] Human_TRAM1_orthologues_DNA_l_300_a_6.dot        e=  659 pre41 -> 24.548s v=-1
[487/900] Human_TRAM1_orthologues_DNA_l_300_a_6.dot        e=  659 pre42 -> 15.219s v=-1
[487/900] Human_TRAM1_orthologues_DNA_l_300_a_6.dot        e=  659 new   -> 15.134s v=-1
[488/900] Human_RPS27A_orthologues_DNA_l_500_a_5.dot       e=  665 pre41 -> 45.178s v=-1
[488/900] Human_RPS27A_orthologues_DNA_l_500_a_5.dot       e=  665 pre42 -> 22.838s v=-1
[488/900] Human_RPS27A_orthologues_DNA_l_500_a_5.dot       e=  665 new   -> 22.978s v=-1
[489/900] Human_TRPC1_orthologues_AA_l_300_a_6.dot         e=  671 pre41 -> 24.730s v=-1
[489/900] Human_TRPC1_orthologues_AA_l_300_a_6.dot         e=  671 pre42 -> 9.490s v=-1
[489/900] Human_TRPC1_orthologues_AA_l_300_a_6.dot         e=  671 new   -> 9.516s v=-1
[490/900] Human_SPA17_orthologues_AA_l_500_a_4.dot         e=  676 pre41 -> 29.460s v=-1
[490/900] Human_SPA17_orthologues_AA_l_500_a_4.dot         e=  676 pre42 -> 10.844s v=-1
[490/900] Human_SPA17_orthologues_AA_l_500_a_4.dot         e=  676 new   -> 10.816s v=-1
[491/900] Human_LCP1_orthologues_DNA_l_300_a_4.dot         e=  677 pre41 -> 29.266s v=-1
[491/900] Human_LCP1_orthologues_DNA_l_300_a_4.dot         e=  677 pre42 -> 16.693s v=-1
[491/900] Human_LCP1_orthologues_DNA_l_300_a_4.dot         e=  677 new   -> 16.676s v=-1
[492/900] Human_OR10G8_orthologues_DNA_l_500_a_4.dot       e=  677 pre41 -> 43.236s v=-1
[492/900] Human_OR10G8_orthologues_DNA_l_500_a_4.dot       e=  677 pre42 -> 22.624s v=-1
[492/900] Human_OR10G8_orthologues_DNA_l_500_a_4.dot       e=  677 new   -> 21.917s v=-1
[493/900] Human_DCSTAMP_orthologues_DNA_l_300_a_5.dot      e=  679 pre41 -> 30.007s v=-1
[493/900] Human_DCSTAMP_orthologues_DNA_l_300_a_5.dot      e=  679 pre42 -> 17.576s v=-1
[493/900] Human_DCSTAMP_orthologues_DNA_l_300_a_5.dot      e=  679 new   -> 16.964s v=-1
[494/900] Human_TRAM1_orthologues_AA_l_300_a_4.dot         e=  681 pre41 -> 21.934s v=-1
[494/900] Human_TRAM1_orthologues_AA_l_300_a_4.dot         e=  681 pre42 -> 9.023s v=-1
[494/900] Human_TRAM1_orthologues_AA_l_300_a_4.dot         e=  681 new   -> 8.953s v=-1
[495/900] Human_RPS27A_orthologues_DNA_l_500_a_6.dot       e=  682 pre41 -> 47.829s v=-1
[495/900] Human_RPS27A_orthologues_DNA_l_500_a_6.dot       e=  682 pre42 -> 24.323s v=-1
[495/900] Human_RPS27A_orthologues_DNA_l_500_a_6.dot       e=  682 new   -> 24.098s v=-1
[496/900] Human_LCP1_orthologues_AA_l_300_a_5.dot          e=  683 pre41 -> 20.480s v=-1
[496/900] Human_LCP1_orthologues_AA_l_300_a_5.dot          e=  683 pre42 -> 8.431s v=-1
[496/900] Human_LCP1_orthologues_AA_l_300_a_5.dot          e=  683 new   -> 8.488s v=-1
[497/900] Human_ZRANB3_orthologues_AA_l_300_a_4.dot        e=  685 pre41 -> 22.667s v=-1
[497/900] Human_ZRANB3_orthologues_AA_l_300_a_4.dot        e=  685 pre42 -> 9.135s v=-1
[497/900] Human_ZRANB3_orthologues_AA_l_300_a_4.dot        e=  685 new   -> 9.259s v=-1
[498/900] Human_CEP57L1_orthologues_AA_l_300_a_4.dot       e=  690 pre41 -> 28.695s v=-1
[498/900] Human_CEP57L1_orthologues_AA_l_300_a_4.dot       e=  690 pre42 -> 10.823s v=-1
[498/900] Human_CEP57L1_orthologues_AA_l_300_a_4.dot       e=  690 new   -> 10.881s v=-1
[499/900] Human_C17orf67_orthologues_DNA_k_5_l_2000_a_8.do e=  691 pre41 -> 8.009s v=1
[499/900] Human_C17orf67_orthologues_DNA_k_5_l_2000_a_8.do e=  691 pre42 -> 7.426s v=1
[499/900] Human_C17orf67_orthologues_DNA_k_5_l_2000_a_8.do e=  691 new   -> 5.706s v=1
[500/900] Human_BTBD17_orthologues_DNA_l_300_a_6.dot       e=  692 pre41 -> 27.088s v=-1
[500/900] Human_BTBD17_orthologues_DNA_l_300_a_6.dot       e=  692 pre42 -> 16.458s v=-1
[500/900] Human_BTBD17_orthologues_DNA_l_300_a_6.dot       e=  692 new   -> 16.471s v=-1
[501/900] Human_TRAM1_orthologues_AA_l_300_a_5.dot         e=  693 pre41 -> 22.070s v=-1
[501/900] Human_TRAM1_orthologues_AA_l_300_a_5.dot         e=  693 pre42 -> 9.348s v=-1
[501/900] Human_TRAM1_orthologues_AA_l_300_a_5.dot         e=  693 new   -> 9.211s v=-1
[502/900] Human_TRAM1_orthologues_AA_l_300_a_6.dot         e=  697 pre41 -> 22.812s v=-1
[502/900] Human_TRAM1_orthologues_AA_l_300_a_6.dot         e=  697 pre42 -> 9.319s v=-1
[502/900] Human_TRAM1_orthologues_AA_l_300_a_6.dot         e=  697 new   -> 9.328s v=-1
[503/900] Human_ANGPTL4_orthologues_DNA_l_300_a_4.dot      e=  698 pre41 -> 32.991s v=-1
[503/900] Human_ANGPTL4_orthologues_DNA_l_300_a_4.dot      e=  698 pre42 -> 18.525s v=-1
[503/900] Human_ANGPTL4_orthologues_DNA_l_300_a_4.dot      e=  698 new   -> 18.902s v=-1
[504/900] Human_ELSPBP1_orthologues_AA_k_3_l_2000_a_7.dot  e=  700 pre41 -> 5.997s v=1
[504/900] Human_ELSPBP1_orthologues_AA_k_3_l_2000_a_7.dot  e=  700 pre42 -> 3.112s v=1
[504/900] Human_ELSPBP1_orthologues_AA_k_3_l_2000_a_7.dot  e=  700 new   -> 3.359s v=1
[505/900] Human_ZRANB3_orthologues_DNA_l_300_a_6.dot       e=  701 pre41 -> 29.243s v=-1
[505/900] Human_ZRANB3_orthologues_DNA_l_300_a_6.dot       e=  701 pre42 -> 16.985s v=-1
[505/900] Human_ZRANB3_orthologues_DNA_l_300_a_6.dot       e=  701 new   -> 16.674s v=-1
[506/900] Human_C17orf67_orthologues_DNA_l_300_a_5.dot     e=  705 pre41 -> 35.446s v=-1
[506/900] Human_C17orf67_orthologues_DNA_l_300_a_5.dot     e=  705 pre42 -> 17.433s v=-1
[506/900] Human_C17orf67_orthologues_DNA_l_300_a_5.dot     e=  705 new   -> 17.402s v=-1
[507/900] Human_SPA17_orthologues_AA_l_500_a_5.dot         e=  709 pre41 -> 42.611s v=-1
[507/900] Human_SPA17_orthologues_AA_l_500_a_5.dot         e=  709 pre42 -> 15.032s v=-1
[507/900] Human_SPA17_orthologues_AA_l_500_a_5.dot         e=  709 new   -> 15.046s v=-1
[508/900] Human_LCP1_orthologues_AA_l_300_a_6.dot          e=  715 pre41 -> 21.740s v=-1
[508/900] Human_LCP1_orthologues_AA_l_300_a_6.dot          e=  715 pre42 -> 8.991s v=-1
[508/900] Human_LCP1_orthologues_AA_l_300_a_6.dot          e=  715 new   -> 8.955s v=-1
[509/900] Human_FAM53A_orthologues_DNA_l_300_a_6.dot       e=  719 pre41 -> 32.588s v=-1
[509/900] Human_FAM53A_orthologues_DNA_l_300_a_6.dot       e=  719 pre42 -> 19.356s v=-1
[509/900] Human_FAM53A_orthologues_DNA_l_300_a_6.dot       e=  719 new   -> 19.170s v=-1
[510/900] Human_DCSTAMP_orthologues_DNA_l_300_a_6.dot      e=  720 pre41 -> 33.376s v=-1
[510/900] Human_DCSTAMP_orthologues_DNA_l_300_a_6.dot      e=  720 pre42 -> 18.786s v=-1
[510/900] Human_DCSTAMP_orthologues_DNA_l_300_a_6.dot      e=  720 new   -> 18.826s v=-1
[511/900] Human_LCP1_orthologues_DNA_l_300_a_5.dot         e=  721 pre41 -> 33.369s v=-1
[511/900] Human_LCP1_orthologues_DNA_l_300_a_5.dot         e=  721 pre42 -> 19.196s v=-1
[511/900] Human_LCP1_orthologues_DNA_l_300_a_5.dot         e=  721 new   -> 19.209s v=-1
[512/900] Human_SPA17_orthologues_AA_l_500_a_6.dot         e=  726 pre41 -> 43.501s v=-1
[512/900] Human_SPA17_orthologues_AA_l_500_a_6.dot         e=  726 pre42 -> 15.666s v=-1
[512/900] Human_SPA17_orthologues_AA_l_500_a_6.dot         e=  726 new   -> 15.594s v=-1
[513/900] Human_ELSPBP1_orthologues_AA_k_3_l_2000_a_8.dot  e=  727 pre41 -> 5.965s v=1
[513/900] Human_ELSPBP1_orthologues_AA_k_3_l_2000_a_8.dot  e=  727 pre42 -> 3.074s v=1
[513/900] Human_ELSPBP1_orthologues_AA_k_3_l_2000_a_8.dot  e=  727 new   -> 3.217s v=1
[514/900] Human_CLPX_orthologues_DNA_l_300_a_5.dot         e=  730 pre41 -> 35.989s v=-1
[514/900] Human_CLPX_orthologues_DNA_l_300_a_5.dot         e=  730 pre42 -> 20.326s v=-1
[514/900] Human_CLPX_orthologues_DNA_l_300_a_5.dot         e=  730 new   -> 20.041s v=-1
[515/900] Human_STAU2_orthologues_DNA_l_500_a_4.dot        e=  732 pre41 -> 54.181s v=-1
[515/900] Human_STAU2_orthologues_DNA_l_500_a_4.dot        e=  732 pre42 -> 28.139s v=-1
[515/900] Human_STAU2_orthologues_DNA_l_500_a_4.dot        e=  732 new   -> 28.750s v=-1
[516/900] Human_UBE2L5_orthologues_DNA_k_5_l_2000_a_6.dot  e=  733 pre41 -> 9.007s v=1
[516/900] Human_UBE2L5_orthologues_DNA_k_5_l_2000_a_6.dot  e=  733 pre42 -> 8.041s v=1
[516/900] Human_UBE2L5_orthologues_DNA_k_5_l_2000_a_6.dot  e=  733 new   -> 6.176s v=1
[517/900] Human_OR10G8_orthologues_AA_k_4_l_2000_a_6.dot   e=  736 pre41 -> 49.822s v=1
[517/900] Human_OR10G8_orthologues_AA_k_4_l_2000_a_6.dot   e=  736 pre42 -> 23.901s v=1
[517/900] Human_OR10G8_orthologues_AA_k_4_l_2000_a_6.dot   e=  736 new   -> 22.707s v=1
[518/900] Human_C17orf67_orthologues_DNA_l_300_a_6.dot     e=  736 pre41 -> 37.781s v=-1
[518/900] Human_C17orf67_orthologues_DNA_l_300_a_6.dot     e=  736 pre42 -> 18.798s v=-1
[518/900] Human_C17orf67_orthologues_DNA_l_300_a_6.dot     e=  736 new   -> 19.014s v=-1
[519/900] Human_C17orf67_orthologues_DNA_l_500_a_4.dot     e=  736 pre41 -> 44.699s v=-1
[519/900] Human_C17orf67_orthologues_DNA_l_500_a_4.dot     e=  736 pre42 -> 24.926s v=-1
[519/900] Human_C17orf67_orthologues_DNA_l_500_a_4.dot     e=  736 new   -> 24.995s v=-1
[520/900] Human_FAM53A_orthologues_AA_l_300_a_5.dot        e=  737 pre41 -> 29.769s v=-1
[520/900] Human_FAM53A_orthologues_AA_l_300_a_5.dot        e=  737 pre42 -> 11.630s v=-1
[520/900] Human_FAM53A_orthologues_AA_l_300_a_5.dot        e=  737 new   -> 11.275s v=-1
[521/900] Human_ZRANB3_orthologues_AA_l_300_a_5.dot        e=  738 pre41 -> 26.434s v=-1
[521/900] Human_ZRANB3_orthologues_AA_l_300_a_5.dot        e=  738 pre42 -> 10.383s v=-1
[521/900] Human_ZRANB3_orthologues_AA_l_300_a_5.dot        e=  738 new   -> 10.345s v=-1
[522/900] Human_CEP57L1_orthologues_DNA_l_300_a_6.dot      e=  740 pre41 -> 38.072s v=-1
[522/900] Human_CEP57L1_orthologues_DNA_l_300_a_6.dot      e=  740 pre42 -> 22.111s v=-1
[522/900] Human_CEP57L1_orthologues_DNA_l_300_a_6.dot      e=  740 new   -> 22.395s v=-1
[523/900] Human_DOCK4_orthologues_DNA_l_500_a_6.dot        e=  741 pre41 -> 57.992s v=-1
[523/900] Human_DOCK4_orthologues_DNA_l_500_a_6.dot        e=  741 pre42 -> 30.163s v=-1
[523/900] Human_DOCK4_orthologues_DNA_l_500_a_6.dot        e=  741 new   -> 29.821s v=-1
[524/900] Human_BTBD17_orthologues_AA_l_300_a_5.dot        e=  741 pre41 -> 26.043s v=-1
[524/900] Human_BTBD17_orthologues_AA_l_300_a_5.dot        e=  741 pre42 -> 10.193s v=-1
[524/900] Human_BTBD17_orthologues_AA_l_300_a_5.dot        e=  741 new   -> 10.232s v=-1
[525/900] Human_SHLD2_orthologues_AA_l_300_a_4.dot         e=  743 pre41 -> 33.277s v=-1
[525/900] Human_SHLD2_orthologues_AA_l_300_a_4.dot         e=  743 pre42 -> 11.893s v=-1
[525/900] Human_SHLD2_orthologues_AA_l_300_a_4.dot         e=  743 new   -> 11.830s v=-1
[526/900] Human_SHLD2_orthologues_AA_l_300_a_5.dot         e=  743 pre41 -> 33.682s v=-1
[526/900] Human_SHLD2_orthologues_AA_l_300_a_5.dot         e=  743 pre42 -> 11.893s v=-1
[526/900] Human_SHLD2_orthologues_AA_l_300_a_5.dot         e=  743 new   -> 11.780s v=-1
[527/900] Human_ELSPBP1_orthologues_DNA_l_500_a_4.dot      e=  744 pre41 -> 52.477s v=-1
[527/900] Human_ELSPBP1_orthologues_DNA_l_500_a_4.dot      e=  744 pre42 -> 26.556s v=-1
[527/900] Human_ELSPBP1_orthologues_DNA_l_500_a_4.dot      e=  744 new   -> 26.546s v=-1
[528/900] Human_ANGPTL4_orthologues_AA_l_300_a_4.dot       e=  745 pre41 -> 30.063s v=-1
[528/900] Human_ANGPTL4_orthologues_AA_l_300_a_4.dot       e=  745 pre42 -> 11.238s v=-1
[528/900] Human_ANGPTL4_orthologues_AA_l_300_a_4.dot       e=  745 new   -> 11.149s v=-1
[529/900] Human_DOCK4_orthologues_AA_l_500_a_4.dot         e=  745 pre41 -> 44.877s v=-1
[529/900] Human_DOCK4_orthologues_AA_l_500_a_4.dot         e=  745 pre42 -> 15.160s v=-1
[529/900] Human_DOCK4_orthologues_AA_l_500_a_4.dot         e=  745 new   -> 15.091s v=-1
[530/900] Human_DOCK4_orthologues_AA_l_500_a_5.dot         e=  745 pre41 -> 45.104s v=-1
[530/900] Human_DOCK4_orthologues_AA_l_500_a_5.dot         e=  745 pre42 -> 15.238s v=-1
[530/900] Human_DOCK4_orthologues_AA_l_500_a_5.dot         e=  745 new   -> 15.168s v=-1
[531/900] Human_GGT6_orthologues_DNA_l_300_a_5.dot         e=  747 pre41 -> 43.707s v=-1
[531/900] Human_GGT6_orthologues_DNA_l_300_a_5.dot         e=  747 pre42 -> 23.173s v=-1
[531/900] Human_GGT6_orthologues_DNA_l_300_a_5.dot         e=  747 new   -> 23.442s v=-1
[532/900] Human_GGT6_orthologues_DNA_l_300_a_6.dot         e=  747 pre41 -> 42.747s v=-1
[532/900] Human_GGT6_orthologues_DNA_l_300_a_6.dot         e=  747 pre42 -> 23.199s v=-1
[532/900] Human_GGT6_orthologues_DNA_l_300_a_6.dot         e=  747 new   -> 23.378s v=-1
[533/900] Human_OR10G8_orthologues_DNA_l_500_a_5.dot       e=  748 pre41 -> 54.073s v=-1
[533/900] Human_OR10G8_orthologues_DNA_l_500_a_5.dot       e=  748 pre42 -> 26.799s v=-1
[533/900] Human_OR10G8_orthologues_DNA_l_500_a_5.dot       e=  748 new   -> 26.145s v=-1
[534/900] Human_TRPC1_orthologues_AA_l_500_a_4.dot         e=  759 pre41 -> 41.332s v=-1
[534/900] Human_TRPC1_orthologues_AA_l_500_a_4.dot         e=  759 pre42 -> 13.916s v=-1
[534/900] Human_TRPC1_orthologues_AA_l_500_a_4.dot         e=  759 new   -> 13.895s v=-1
[535/900] Human_CEP57L1_orthologues_AA_l_300_a_5.dot       e=  764 pre41 -> 35.128s v=-1
[535/900] Human_CEP57L1_orthologues_AA_l_300_a_5.dot       e=  764 pre42 -> 12.946s v=-1
[535/900] Human_CEP57L1_orthologues_AA_l_300_a_5.dot       e=  764 new   -> 12.915s v=-1
[536/900] Human_ELSPBP1_orthologues_AA_k_4_l_2000_a_6.dot  e=  765 pre41 -> 57.508s v=1
[536/900] Human_ELSPBP1_orthologues_AA_k_4_l_2000_a_6.dot  e=  765 pre42 -> 24.997s v=1
[536/900] Human_ELSPBP1_orthologues_AA_k_4_l_2000_a_6.dot  e=  765 new   -> 25.162s v=1
[537/900] Human_LCP1_orthologues_DNA_l_300_a_6.dot         e=  766 pre41 -> 37.851s v=-1
[537/900] Human_LCP1_orthologues_DNA_l_300_a_6.dot         e=  766 pre42 -> 22.062s v=-1
[537/900] Human_LCP1_orthologues_DNA_l_300_a_6.dot         e=  766 new   -> 20.616s v=-1
[538/900] Human_OR10G8_orthologues_AA_k_4_l_2000_a_7.dot   e=  772 pre41 -> 53.365s v=1
[538/900] Human_OR10G8_orthologues_AA_k_4_l_2000_a_7.dot   e=  772 pre42 -> 26.749s v=1
[538/900] Human_OR10G8_orthologues_AA_k_4_l_2000_a_7.dot   e=  772 new   -> 25.969s v=1
[539/900] Human_BTBD17_orthologues_AA_l_300_a_6.dot        e=  772 pre41 -> 29.597s v=-1
[539/900] Human_BTBD17_orthologues_AA_l_300_a_6.dot        e=  772 pre42 -> 10.930s v=-1
[539/900] Human_BTBD17_orthologues_AA_l_300_a_6.dot        e=  772 new   -> 10.885s v=-1
[540/900] Human_ANGPTL4_orthologues_DNA_l_300_a_5.dot      e=  775 pre41 -> 41.745s v=-1
[540/900] Human_ANGPTL4_orthologues_DNA_l_300_a_5.dot      e=  775 pre42 -> 24.319s v=-1
[540/900] Human_ANGPTL4_orthologues_DNA_l_300_a_5.dot      e=  775 new   -> 24.010s v=-1
[541/900] Human_SLC38A9_orthologues_DNA_l_300_a_4.dot      e=  780 pre41 -> 43.520s v=-1
[541/900] Human_SLC38A9_orthologues_DNA_l_300_a_4.dot      e=  780 pre42 -> 24.476s v=-1
[541/900] Human_SLC38A9_orthologues_DNA_l_300_a_4.dot      e=  780 new   -> 24.435s v=-1
[542/900] Human_OR10G8_orthologues_DNA_l_500_a_6.dot       e=  782 pre41 -> 59.478s v=-1
[542/900] Human_OR10G8_orthologues_DNA_l_500_a_6.dot       e=  782 pre42 -> 30.023s v=-1
[542/900] Human_OR10G8_orthologues_DNA_l_500_a_6.dot       e=  782 new   -> 30.204s v=-1
[543/900] Human_CLPX_orthologues_DNA_l_300_a_6.dot         e=  787 pre41 -> 43.096s v=-1
[543/900] Human_CLPX_orthologues_DNA_l_300_a_6.dot         e=  787 pre42 -> 24.744s v=-1
[543/900] Human_CLPX_orthologues_DNA_l_300_a_6.dot         e=  787 new   -> 24.514s v=-1
[544/900] Human_UBE2L5_orthologues_DNA_k_5_l_2000_a_7.dot  e=  790 pre41 -> 9.526s v=1
[544/900] Human_UBE2L5_orthologues_DNA_k_5_l_2000_a_7.dot  e=  790 pre42 -> 8.702s v=1
[544/900] Human_UBE2L5_orthologues_DNA_k_5_l_2000_a_7.dot  e=  790 new   -> 5.957s v=1
[545/900] Human_SLC38A9_orthologues_AA_l_300_a_4.dot       e=  797 pre41 -> 35.466s v=-1
[545/900] Human_SLC38A9_orthologues_AA_l_300_a_4.dot       e=  797 pre42 -> 13.023s v=-1
[545/900] Human_SLC38A9_orthologues_AA_l_300_a_4.dot       e=  797 new   -> 12.964s v=-1
[546/900] Human_OR10G8_orthologues_AA_k_4_l_2000_a_8.dot   e=  799 pre41 -> 59.629s v=1
[546/900] Human_OR10G8_orthologues_AA_k_4_l_2000_a_8.dot   e=  799 pre42 -> 26.969s v=1
[546/900] Human_OR10G8_orthologues_AA_k_4_l_2000_a_8.dot   e=  799 new   -> 26.930s v=1
[547/900] Human_SHLD2_orthologues_AA_l_300_a_6.dot         e=  799 pre41 -> 38.312s v=-1
[547/900] Human_SHLD2_orthologues_AA_l_300_a_6.dot         e=  799 pre42 -> 13.310s v=-1
[547/900] Human_SHLD2_orthologues_AA_l_300_a_6.dot         e=  799 new   -> 13.333s v=-1
[548/900] Human_UBE2L5_orthologues_DNA_k_5_l_2000_a_8.dot  e=  803 pre41 -> 10.197s v=1
[548/900] Human_UBE2L5_orthologues_DNA_k_5_l_2000_a_8.dot  e=  803 pre42 -> 9.066s v=1
[548/900] Human_UBE2L5_orthologues_DNA_k_5_l_2000_a_8.dot  e=  803 new   -> 6.129s v=1
[549/900] Human_UBE2L5_orthologues_DNA_l_500_a_4.dot       e=  803 pre41 -> 63.445s v=-1
[549/900] Human_UBE2L5_orthologues_DNA_l_500_a_4.dot       e=  803 pre42 -> 32.068s v=-1
[549/900] Human_UBE2L5_orthologues_DNA_l_500_a_4.dot       e=  803 new   -> 32.290s v=-1
[550/900] Human_GGT6_orthologues_AA_l_300_a_5.dot          e=  808 pre41 -> 38.129s v=-1
[550/900] Human_GGT6_orthologues_AA_l_300_a_5.dot          e=  808 pre42 -> 13.137s v=-1
[550/900] Human_GGT6_orthologues_AA_l_300_a_5.dot          e=  808 new   -> 12.963s v=-1
[551/900] Human_GGT6_orthologues_AA_l_300_a_6.dot          e=  808 pre41 -> 38.579s v=-1
[551/900] Human_GGT6_orthologues_AA_l_300_a_6.dot          e=  808 pre42 -> 13.029s v=-1
[551/900] Human_GGT6_orthologues_AA_l_300_a_6.dot          e=  808 new   -> 13.052s v=-1
[552/900] Human_SPA17_orthologues_DNA_l_500_a_4.dot        e=  809 pre41 -> 76.328s v=-1
[552/900] Human_SPA17_orthologues_DNA_l_500_a_4.dot        e=  809 pre42 -> 38.749s v=-1
[552/900] Human_SPA17_orthologues_DNA_l_500_a_4.dot        e=  809 new   -> 35.479s v=-1
[553/900] Human_RPS27A_orthologues_DNA_k_5_l_2000_a_6.dot  e=  811 pre41 -> 9.995s v=1
[553/900] Human_RPS27A_orthologues_DNA_k_5_l_2000_a_6.dot  e=  811 pre42 -> 9.164s v=1
[553/900] Human_RPS27A_orthologues_DNA_k_5_l_2000_a_6.dot  e=  811 new   -> 6.545s v=1
[554/900] Human_ELSPBP1_orthologues_DNA_k_5_l_2000_a_6.dot e=  815 pre41 -> 9.803s v=1
[554/900] Human_ELSPBP1_orthologues_DNA_k_5_l_2000_a_6.dot e=  815 pre42 -> 8.970s v=1
[554/900] Human_ELSPBP1_orthologues_DNA_k_5_l_2000_a_6.dot e=  815 new   -> 6.315s v=1
[555/900] Human_RPS27A_orthologues_DNA_k_5_l_2000_a_7.dot  e=  817 pre41 -> 10.395s v=1
[555/900] Human_RPS27A_orthologues_DNA_k_5_l_2000_a_7.dot  e=  817 pre42 -> 10.046s v=1
[555/900] Human_RPS27A_orthologues_DNA_k_5_l_2000_a_7.dot  e=  817 new   -> 6.410s v=1
[556/900] Human_OR10G8_orthologues_AA_k_5_l_2000_a_6.dot   e=  817 pre41 -> 90.717s v=1
[556/900] Human_OR10G8_orthologues_AA_k_5_l_2000_a_6.dot   e=  817 pre42 -> 41.097s v=1
[556/900] Human_OR10G8_orthologues_AA_k_5_l_2000_a_6.dot   e=  817 new   -> 39.876s v=1
[557/900] Human_ZRANB3_orthologues_AA_l_300_a_6.dot        e=  817 pre41 -> 34.990s v=-1
[557/900] Human_ZRANB3_orthologues_AA_l_300_a_6.dot        e=  817 pre42 -> 12.449s v=-1
[557/900] Human_ZRANB3_orthologues_AA_l_300_a_6.dot        e=  817 new   -> 12.828s v=-1
[558/900] Human_DCSTAMP_orthologues_AA_l_300_a_4.dot       e=  821 pre41 -> 41.213s v=-1
[558/900] Human_DCSTAMP_orthologues_AA_l_300_a_4.dot       e=  821 pre42 -> 14.244s v=-1
[558/900] Human_DCSTAMP_orthologues_AA_l_300_a_4.dot       e=  821 new   -> 14.601s v=-1
[559/900] Human_ELSPBP1_orthologues_DNA_l_500_a_5.dot      e=  824 pre41 -> 63.376s v=-1
[559/900] Human_ELSPBP1_orthologues_DNA_l_500_a_5.dot      e=  824 pre42 -> 34.451s v=-1
[559/900] Human_ELSPBP1_orthologues_DNA_l_500_a_5.dot      e=  824 new   -> 32.481s v=-1
[560/900] Human_FAM53A_orthologues_AA_l_300_a_6.dot        e=  824 pre41 -> 39.626s v=-1
[560/900] Human_FAM53A_orthologues_AA_l_300_a_6.dot        e=  824 pre42 -> 14.389s v=-1
[560/900] Human_FAM53A_orthologues_AA_l_300_a_6.dot        e=  824 new   -> 13.374s v=-1
[561/900] Human_FHIP1B_orthologues_DNA_l_500_a_4.dot       e=  830 pre41 -> 75.021s v=-1
[561/900] Human_FHIP1B_orthologues_DNA_l_500_a_4.dot       e=  830 pre42 -> 36.727s v=-1
[561/900] Human_FHIP1B_orthologues_DNA_l_500_a_4.dot       e=  830 new   -> 33.049s v=-1
[562/900] Human_STAU2_orthologues_AA_l_500_a_4.dot         e=  839 pre41 -> 52.526s v=-1
[562/900] Human_STAU2_orthologues_AA_l_500_a_4.dot         e=  839 pre42 -> 20.308s v=-1
[562/900] Human_STAU2_orthologues_AA_l_500_a_4.dot         e=  839 new   -> 20.790s v=-1
[563/900] Human_OR10G8_orthologues_DNA_k_5_l_2000_a_6.dot  e=  841 pre41 -> 11.242s v=1
[563/900] Human_OR10G8_orthologues_DNA_k_5_l_2000_a_6.dot  e=  841 pre42 -> 10.711s v=1
[563/900] Human_OR10G8_orthologues_DNA_k_5_l_2000_a_6.dot  e=  841 new   -> 7.514s v=1
[564/900] Human_RPS27A_orthologues_DNA_k_5_l_2000_a_8.dot  e=  843 pre41 -> 11.706s v=1
[564/900] Human_RPS27A_orthologues_DNA_k_5_l_2000_a_8.dot  e=  843 pre42 -> 11.039s v=1
[564/900] Human_RPS27A_orthologues_DNA_k_5_l_2000_a_8.dot  e=  843 new   -> 7.327s v=1
[565/900] Human_ELSPBP1_orthologues_AA_k_5_l_2000_a_6.dot  e=  844 pre41 -> 103.523s v=1
[565/900] Human_ELSPBP1_orthologues_AA_k_5_l_2000_a_6.dot  e=  844 pre42 -> 49.453s v=1
[565/900] Human_ELSPBP1_orthologues_AA_k_5_l_2000_a_6.dot  e=  844 new   -> 47.229s v=1
[566/900] Human_ELSPBP1_orthologues_DNA_k_5_l_2000_a_7.dot e=  846 pre41 -> 10.815s v=1
[566/900] Human_ELSPBP1_orthologues_DNA_k_5_l_2000_a_7.dot e=  846 pre42 -> 10.591s v=1
[566/900] Human_ELSPBP1_orthologues_DNA_k_5_l_2000_a_7.dot e=  846 new   -> 6.762s v=1
[567/900] Human_ANGPTL4_orthologues_DNA_l_300_a_6.dot      e=  851 pre41 -> 47.833s v=-1
[567/900] Human_ANGPTL4_orthologues_DNA_l_300_a_6.dot      e=  851 pre42 -> 30.101s v=-1
[567/900] Human_ANGPTL4_orthologues_DNA_l_300_a_6.dot      e=  851 new   -> 30.110s v=-1
[568/900] Human_FHIP1B_orthologues_DNA_l_500_a_5.dot       e=  852 pre41 -> 75.939s v=-1
[568/900] Human_FHIP1B_orthologues_DNA_l_500_a_5.dot       e=  852 pre42 -> 39.514s v=-1
[568/900] Human_FHIP1B_orthologues_DNA_l_500_a_5.dot       e=  852 new   -> 39.846s v=-1
[569/900] Human_FHIP1B_orthologues_DNA_l_500_a_6.dot       e=  852 pre41 -> 79.178s v=-1
[569/900] Human_FHIP1B_orthologues_DNA_l_500_a_6.dot       e=  852 pre42 -> 41.235s v=-1
[569/900] Human_FHIP1B_orthologues_DNA_l_500_a_6.dot       e=  852 new   -> 41.348s v=-1
[570/900] Human_C17orf67_orthologues_DNA_l_500_a_5.dot     e=  853 pre41 -> 71.993s v=-1
[570/900] Human_C17orf67_orthologues_DNA_l_500_a_5.dot     e=  853 pre42 -> 33.505s v=-1
[570/900] Human_C17orf67_orthologues_DNA_l_500_a_5.dot     e=  853 new   -> 33.753s v=-1
[571/900] Human_SLC38A9_orthologues_DNA_l_300_a_5.dot      e=  854 pre41 -> 54.320s v=-1
[571/900] Human_SLC38A9_orthologues_DNA_l_300_a_5.dot      e=  854 pre42 -> 31.321s v=-1
[571/900] Human_SLC38A9_orthologues_DNA_l_300_a_5.dot      e=  854 new   -> 30.991s v=-1
[572/900] Human_STAU2_orthologues_DNA_l_500_a_5.dot        e=  855 pre41 -> 80.948s v=-1
[572/900] Human_STAU2_orthologues_DNA_l_500_a_5.dot        e=  855 pre42 -> 42.657s v=-1
[572/900] Human_STAU2_orthologues_DNA_l_500_a_5.dot        e=  855 new   -> 42.505s v=-1
[573/900] Human_OR10G8_orthologues_DNA_k_5_l_2000_a_7.dot  e=  858 pre41 -> 12.794s v=1
[573/900] Human_OR10G8_orthologues_DNA_k_5_l_2000_a_7.dot  e=  858 pre42 -> 12.021s v=1
[573/900] Human_OR10G8_orthologues_DNA_k_5_l_2000_a_7.dot  e=  858 new   -> 7.851s v=1
[574/900] Human_SPA17_orthologues_DNA_l_500_a_5.dot        e=  858 pre41 -> 94.481s v=-1
[574/900] Human_SPA17_orthologues_DNA_l_500_a_5.dot        e=  858 pre42 -> 49.483s v=-1
[574/900] Human_SPA17_orthologues_DNA_l_500_a_5.dot        e=  858 new   -> 41.744s v=-1
[575/900] Human_FHIP1B_orthologues_AA_l_500_a_4.dot        e=  859 pre41 -> 64.274s v=-1
[575/900] Human_FHIP1B_orthologues_AA_l_500_a_4.dot        e=  859 pre42 -> 23.518s v=-1
[575/900] Human_FHIP1B_orthologues_AA_l_500_a_4.dot        e=  859 new   -> 22.855s v=-1
[576/900] Human_ELSPBP1_orthologues_DNA_k_5_l_2000_a_8.dot e=  862 pre41 -> 12.257s v=1
[576/900] Human_ELSPBP1_orthologues_DNA_k_5_l_2000_a_8.dot e=  862 pre42 -> 11.663s v=1
[576/900] Human_ELSPBP1_orthologues_DNA_k_5_l_2000_a_8.dot e=  862 new   -> 7.433s v=1
[577/900] Human_OR10G8_orthologues_AA_k_5_l_2000_a_7.dot   e=  862 pre41 -> 111.405s v=1
[577/900] Human_OR10G8_orthologues_AA_k_5_l_2000_a_7.dot   e=  862 pre42 -> 51.352s v=1
[577/900] Human_OR10G8_orthologues_AA_k_5_l_2000_a_7.dot   e=  862 new   -> 49.435s v=1
[578/900] Human_DOCK4_orthologues_AA_l_500_a_6.dot         e=  863 pre41 -> 64.073s v=-1
[578/900] Human_DOCK4_orthologues_AA_l_500_a_6.dot         e=  863 pre42 -> 22.488s v=-1
[578/900] Human_DOCK4_orthologues_AA_l_500_a_6.dot         e=  863 new   -> 22.580s v=-1
[579/900] Human_OR10G8_orthologues_DNA_k_5_l_2000_a_8.dot  e=  865 pre41 -> 12.889s v=1
[579/900] Human_OR10G8_orthologues_DNA_k_5_l_2000_a_8.dot  e=  865 pre42 -> 12.241s v=1
[579/900] Human_OR10G8_orthologues_DNA_k_5_l_2000_a_8.dot  e=  865 new   -> 8.072s v=1
[580/900] Human_ELSPBP1_orthologues_AA_k_4_l_2000_a_7.dot  e=  865 pre41 -> 84.084s v=1
[580/900] Human_ELSPBP1_orthologues_AA_k_4_l_2000_a_7.dot  e=  865 pre42 -> 38.646s v=1
[580/900] Human_ELSPBP1_orthologues_AA_k_4_l_2000_a_7.dot  e=  865 new   -> 38.711s v=1
[581/900] Human_ANGPTL4_orthologues_AA_l_300_a_5.dot       e=  868 pre41 -> 46.347s v=-1
[581/900] Human_ANGPTL4_orthologues_AA_l_300_a_5.dot       e=  868 pre42 -> 16.562s v=-1
[581/900] Human_ANGPTL4_orthologues_AA_l_300_a_5.dot       e=  868 new   -> 16.269s v=-1
[582/900] Human_SPA17_orthologues_DNA_l_500_a_6.dot        e=  870 pre41 -> 99.051s v=-1
[582/900] Human_SPA17_orthologues_DNA_l_500_a_6.dot        e=  870 pre42 -> 48.888s v=-1
[582/900] Human_SPA17_orthologues_DNA_l_500_a_6.dot        e=  870 new   -> 48.594s v=-1
[583/900] Human_SLC38A9_orthologues_AA_l_300_a_5.dot       e=  874 pre41 -> 46.456s v=-1
[583/900] Human_SLC38A9_orthologues_AA_l_300_a_5.dot       e=  874 pre42 -> 17.572s v=-1
[583/900] Human_SLC38A9_orthologues_AA_l_300_a_5.dot       e=  874 new   -> 16.753s v=-1
[584/900] Human_DCSTAMP_orthologues_AA_l_300_a_5.dot       e=  883 pre41 -> 48.391s v=-1
[584/900] Human_DCSTAMP_orthologues_AA_l_300_a_5.dot       e=  883 pre42 -> 17.445s v=-1
[584/900] Human_DCSTAMP_orthologues_AA_l_300_a_5.dot       e=  883 new   -> 17.580s v=-1
[585/900] Human_UBE2L5_orthologues_DNA_l_500_a_5.dot       e=  884 pre41 -> 81.372s v=-1
[585/900] Human_UBE2L5_orthologues_DNA_l_500_a_5.dot       e=  884 pre42 -> 42.445s v=-1
[585/900] Human_UBE2L5_orthologues_DNA_l_500_a_5.dot       e=  884 new   -> 41.830s v=-1
[586/900] Human_CEP57L1_orthologues_AA_l_300_a_6.dot       e=  887 pre41 -> 53.047s v=-1
[586/900] Human_CEP57L1_orthologues_AA_l_300_a_6.dot       e=  887 pre42 -> 19.446s v=-1
[586/900] Human_CEP57L1_orthologues_AA_l_300_a_6.dot       e=  887 new   -> 18.950s v=-1
[587/900] Human_TRPC1_orthologues_AA_l_500_a_5.dot         e=  887 pre41 -> 70.588s v=-1
[587/900] Human_TRPC1_orthologues_AA_l_500_a_5.dot         e=  887 pre42 -> 23.281s v=-1
[587/900] Human_TRPC1_orthologues_AA_l_500_a_5.dot         e=  887 new   -> 23.045s v=-1
[588/900] Human_TRPC1_orthologues_DNA_l_500_a_4.dot        e=  892 pre41 -> 89.888s v=-1
[588/900] Human_TRPC1_orthologues_DNA_l_500_a_4.dot        e=  892 pre42 -> 44.368s v=-1
[588/900] Human_TRPC1_orthologues_DNA_l_500_a_4.dot        e=  892 new   -> 43.723s v=-1
[589/900] Human_FAM53A_orthologues_DNA_k_5_l_2000_a_6.dot  e=  896 pre41 -> 13.044s v=1
[589/900] Human_FAM53A_orthologues_DNA_k_5_l_2000_a_6.dot  e=  896 pre42 -> 12.391s v=1
[589/900] Human_FAM53A_orthologues_DNA_k_5_l_2000_a_6.dot  e=  896 new   -> 7.994s v=1
[590/900] Human_OR10G8_orthologues_AA_k_5_l_2000_a_8.dot   e=  896 pre41 -> TIMEOUT
[590/900] Human_OR10G8_orthologues_AA_k_5_l_2000_a_8.dot   e=  896 pre42 -> 58.788s v=1
[590/900] Human_OR10G8_orthologues_AA_k_5_l_2000_a_8.dot   e=  896 new   -> 57.642s v=1
[591/900] Human_TRPC1_orthologues_DNA_l_500_a_5.dot        e=  901 pre41 -> 86.878s v=-1
[591/900] Human_TRPC1_orthologues_DNA_l_500_a_5.dot        e=  901 pre42 -> 45.667s v=-1
[591/900] Human_TRPC1_orthologues_DNA_l_500_a_5.dot        e=  901 new   -> 45.467s v=-1
[592/900] Human_UBE2L5_orthologues_DNA_l_500_a_6.dot       e=  908 pre41 -> 89.407s v=-1
[592/900] Human_UBE2L5_orthologues_DNA_l_500_a_6.dot       e=  908 pre42 -> 45.726s v=-1
[592/900] Human_UBE2L5_orthologues_DNA_l_500_a_6.dot       e=  908 new   -> 46.221s v=-1
[593/900] Human_TRAM1_orthologues_AA_l_500_a_4.dot         e=  909 pre41 -> 58.776s v=-1
[593/900] Human_TRAM1_orthologues_AA_l_500_a_4.dot         e=  909 pre42 -> 21.850s v=-1
[593/900] Human_TRAM1_orthologues_AA_l_500_a_4.dot         e=  909 new   -> 20.232s v=-1
[594/900] Human_ELSPBP1_orthologues_AA_k_4_l_2000_a_8.dot  e=  911 pre41 -> 98.637s v=1
[594/900] Human_ELSPBP1_orthologues_AA_k_4_l_2000_a_8.dot  e=  911 pre42 -> 45.599s v=1
[594/900] Human_ELSPBP1_orthologues_AA_k_4_l_2000_a_8.dot  e=  911 new   -> 45.317s v=1
[595/900] Human_FAM53A_orthologues_DNA_k_5_l_2000_a_7.dot  e=  915 pre41 -> 13.981s v=1
[595/900] Human_FAM53A_orthologues_DNA_k_5_l_2000_a_7.dot  e=  915 pre42 -> 12.738s v=1
[595/900] Human_FAM53A_orthologues_DNA_k_5_l_2000_a_7.dot  e=  915 new   -> 7.798s v=1
[596/900] Human_STAU2_orthologues_AA_l_500_a_6.dot         e=  915 pre41 -> 78.170s v=-1
[596/900] Human_STAU2_orthologues_AA_l_500_a_6.dot         e=  915 pre42 -> 25.957s v=-1
[596/900] Human_STAU2_orthologues_AA_l_500_a_6.dot         e=  915 new   -> 23.636s v=-1
[597/900] Human_SLC22A2_orthologues_AA_l_500_a_4.dot       e=  918 pre41 -> 78.681s v=-1
[597/900] Human_SLC22A2_orthologues_AA_l_500_a_4.dot       e=  918 pre42 -> 26.508s v=-1
[597/900] Human_SLC22A2_orthologues_AA_l_500_a_4.dot       e=  918 new   -> 26.882s v=-1
[598/900] Human_SLC38A9_orthologues_DNA_l_300_a_6.dot      e=  920 pre41 -> 62.196s v=-1
[598/900] Human_SLC38A9_orthologues_DNA_l_300_a_6.dot      e=  920 pre42 -> 37.708s v=-1
[598/900] Human_SLC38A9_orthologues_DNA_l_300_a_6.dot      e=  920 new   -> 33.631s v=-1
[599/900] Human_SLC22A2_orthologues_DNA_l_500_a_4.dot      e=  922 pre41 -> 109.637s v=-1
[599/900] Human_SLC22A2_orthologues_DNA_l_500_a_4.dot      e=  922 pre42 -> 54.437s v=-1
[599/900] Human_SLC22A2_orthologues_DNA_l_500_a_4.dot      e=  922 new   -> 52.579s v=-1
[600/900] Human_SLC38A9_orthologues_AA_l_300_a_6.dot       e=  924 pre41 -> 50.248s v=-1
[600/900] Human_SLC38A9_orthologues_AA_l_300_a_6.dot       e=  924 pre42 -> 18.597s v=-1
[600/900] Human_SLC38A9_orthologues_AA_l_300_a_6.dot       e=  924 new   -> 18.217s v=-1
[601/900] Human_SLC22A2_orthologues_DNA_l_500_a_5.dot      e=  926 pre41 -> 111.122s v=-1
[601/900] Human_SLC22A2_orthologues_DNA_l_500_a_5.dot      e=  926 pre42 -> 53.600s v=-1
[601/900] Human_SLC22A2_orthologues_DNA_l_500_a_5.dot      e=  926 new   -> 46.105s v=-1
[602/900] Human_C17orf67_orthologues_DNA_l_500_a_6.dot     e=  927 pre41 -> 87.676s v=-1
[602/900] Human_C17orf67_orthologues_DNA_l_500_a_6.dot     e=  927 pre42 -> 42.542s v=-1
[602/900] Human_C17orf67_orthologues_DNA_l_500_a_6.dot     e=  927 new   -> 37.079s v=-1
[603/900] Human_SLC22A2_orthologues_DNA_l_500_a_6.dot      e=  929 pre41 -> 115.106s v=-1
[603/900] Human_SLC22A2_orthologues_DNA_l_500_a_6.dot      e=  929 pre42 -> 53.649s v=-1
[603/900] Human_SLC22A2_orthologues_DNA_l_500_a_6.dot      e=  929 new   -> 54.582s v=-1
[604/900] Human_TRAM1_orthologues_AA_l_500_a_5.dot         e=  929 pre41 -> 61.042s v=-1
[604/900] Human_TRAM1_orthologues_AA_l_500_a_5.dot         e=  929 pre42 -> 21.863s v=-1
[604/900] Human_TRAM1_orthologues_AA_l_500_a_5.dot         e=  929 new   -> 22.003s v=-1
[605/900] Human_SLC22A2_orthologues_AA_l_500_a_5.dot       e=  930 pre41 -> 84.958s v=-1
[605/900] Human_SLC22A2_orthologues_AA_l_500_a_5.dot       e=  930 pre42 -> 27.187s v=-1
[605/900] Human_SLC22A2_orthologues_AA_l_500_a_5.dot       e=  930 new   -> 26.893s v=-1
[606/900] Human_BTBD17_orthologues_DNA_l_500_a_4.dot       e=  933 pre41 -> 103.248s v=-1
[606/900] Human_BTBD17_orthologues_DNA_l_500_a_4.dot       e=  933 pre42 -> 50.673s v=-1
[606/900] Human_BTBD17_orthologues_DNA_l_500_a_4.dot       e=  933 new   -> 48.182s v=-1
[607/900] Human_TRAM1_orthologues_AA_l_500_a_6.dot         e=  936 pre41 -> 62.247s v=-1
[607/900] Human_TRAM1_orthologues_AA_l_500_a_6.dot         e=  936 pre42 -> 22.419s v=-1
[607/900] Human_TRAM1_orthologues_AA_l_500_a_6.dot         e=  936 new   -> 22.432s v=-1
[608/900] Human_FAM53A_orthologues_DNA_k_5_l_2000_a_8.dot  e=  938 pre41 -> 14.767s v=1
[608/900] Human_FAM53A_orthologues_DNA_k_5_l_2000_a_8.dot  e=  938 pre42 -> 13.853s v=1
[608/900] Human_FAM53A_orthologues_DNA_k_5_l_2000_a_8.dot  e=  938 new   -> 8.490s v=1
[609/900] Human_ELSPBP1_orthologues_DNA_l_500_a_6.dot      e=  938 pre41 -> 100.238s v=-1
[609/900] Human_ELSPBP1_orthologues_DNA_l_500_a_6.dot      e=  938 pre42 -> 49.955s v=-1
[609/900] Human_ELSPBP1_orthologues_DNA_l_500_a_6.dot      e=  938 new   -> 47.768s v=-1
[610/900] Human_TRAM1_orthologues_AA_k_3_l_2000_a_6.dot    e=  943 pre41 -> 8.705s v=1
[610/900] Human_TRAM1_orthologues_AA_k_3_l_2000_a_6.dot    e=  943 pre42 -> 5.860s v=1
[610/900] Human_TRAM1_orthologues_AA_k_3_l_2000_a_6.dot    e=  943 new   -> 4.995s v=1
[611/900] Human_CLPX_orthologues_AA_l_500_a_4.dot          e=  945 pre41 -> 84.543s v=-1
[611/900] Human_CLPX_orthologues_AA_l_500_a_4.dot          e=  945 pre42 -> 27.251s v=-1
[611/900] Human_CLPX_orthologues_AA_l_500_a_4.dot          e=  945 new   -> 24.341s v=-1
[612/900] Human_SLC22A2_orthologues_AA_l_500_a_6.dot       e=  951 pre41 -> 85.461s v=-1
[612/900] Human_SLC22A2_orthologues_AA_l_500_a_6.dot       e=  951 pre42 -> 27.790s v=-1
[612/900] Human_SLC22A2_orthologues_AA_l_500_a_6.dot       e=  951 new   -> 25.237s v=-1
[613/900] Human_TRAM1_orthologues_DNA_k_5_l_2000_a_6.dot   e=  953 pre41 -> 13.452s v=1
[613/900] Human_TRAM1_orthologues_DNA_k_5_l_2000_a_6.dot   e=  953 pre42 -> 12.923s v=1
[613/900] Human_TRAM1_orthologues_DNA_k_5_l_2000_a_6.dot   e=  953 new   -> 7.199s v=1
[614/900] Human_ANGPTL4_orthologues_DNA_k_5_l_2000_a_6.dot e=  955 pre41 -> 14.140s v=1
[614/900] Human_ANGPTL4_orthologues_DNA_k_5_l_2000_a_6.dot e=  955 pre42 -> 13.461s v=1
[614/900] Human_ANGPTL4_orthologues_DNA_k_5_l_2000_a_6.dot e=  955 new   -> 8.080s v=1
[615/900] Human_FHIP1B_orthologues_AA_l_500_a_5.dot        e=  959 pre41 -> 86.472s v=-1
[615/900] Human_FHIP1B_orthologues_AA_l_500_a_5.dot        e=  959 pre42 -> 28.773s v=-1
[615/900] Human_FHIP1B_orthologues_AA_l_500_a_5.dot        e=  959 new   -> 25.986s v=-1
[616/900] Human_SPA17_orthologues_DNA_k_5_l_2000_a_6.dot   e=  960 pre41 -> 13.956s v=1
[616/900] Human_SPA17_orthologues_DNA_k_5_l_2000_a_6.dot   e=  960 pre42 -> 13.451s v=1
[616/900] Human_SPA17_orthologues_DNA_k_5_l_2000_a_6.dot   e=  960 new   -> 7.868s v=1
[617/900] Human_ELSPBP1_orthologues_AA_k_5_l_2000_a_7.dot  e=  961 pre41 -> TIMEOUT
[617/900] Human_ELSPBP1_orthologues_AA_k_5_l_2000_a_7.dot  e=  961 pre42 -> 66.869s v=0
[617/900] Human_ELSPBP1_orthologues_AA_k_5_l_2000_a_7.dot  e=  961 new   -> 64.106s v=0
[618/900] Human_ANGPTL4_orthologues_DNA_k_5_l_2000_a_7.dot e=  965 pre41 -> 14.381s v=1
[618/900] Human_ANGPTL4_orthologues_DNA_k_5_l_2000_a_7.dot e=  965 pre42 -> 13.532s v=1
[618/900] Human_ANGPTL4_orthologues_DNA_k_5_l_2000_a_7.dot e=  965 new   -> 9.024s v=1
[619/900] Human_TRPC1_orthologues_DNA_l_500_a_6.dot        e=  965 pre41 -> 106.661s v=-1
[619/900] Human_TRPC1_orthologues_DNA_l_500_a_6.dot        e=  965 pre42 -> 55.398s v=-1
[619/900] Human_TRPC1_orthologues_DNA_l_500_a_6.dot        e=  965 new   -> 51.129s v=-1
[620/900] Human_ANGPTL4_orthologues_DNA_k_5_l_2000_a_8.dot e=  972 pre41 -> 14.715s v=1
[620/900] Human_ANGPTL4_orthologues_DNA_k_5_l_2000_a_8.dot e=  972 pre42 -> 13.777s v=1
[620/900] Human_ANGPTL4_orthologues_DNA_k_5_l_2000_a_8.dot e=  972 new   -> 9.219s v=1
[621/900] Human_TRAM1_orthologues_DNA_k_5_l_2000_a_7.dot   e=  975 pre41 -> 14.469s v=1
[621/900] Human_TRAM1_orthologues_DNA_k_5_l_2000_a_7.dot   e=  975 pre42 -> 13.855s v=1
[621/900] Human_TRAM1_orthologues_DNA_k_5_l_2000_a_7.dot   e=  975 new   -> 7.485s v=1
[622/900] Human_SPA17_orthologues_DNA_k_5_l_2000_a_7.dot   e=  982 pre41 -> 14.596s v=1
[622/900] Human_SPA17_orthologues_DNA_k_5_l_2000_a_7.dot   e=  982 pre42 -> 13.799s v=1
[622/900] Human_SPA17_orthologues_DNA_k_5_l_2000_a_7.dot   e=  982 new   -> 8.339s v=1
[623/900] Human_SPA17_orthologues_DNA_k_5_l_2000_a_8.dot   e=  987 pre41 -> 15.928s v=1
[623/900] Human_SPA17_orthologues_DNA_k_5_l_2000_a_8.dot   e=  987 pre42 -> 14.518s v=1
[623/900] Human_SPA17_orthologues_DNA_k_5_l_2000_a_8.dot   e=  987 new   -> 8.078s v=1
[624/900] Human_TRAM1_orthologues_DNA_k_5_l_2000_a_8.dot   e=  989 pre41 -> 15.023s v=1
[624/900] Human_TRAM1_orthologues_DNA_k_5_l_2000_a_8.dot   e=  989 pre42 -> 14.222s v=1
[624/900] Human_TRAM1_orthologues_DNA_k_5_l_2000_a_8.dot   e=  989 new   -> 7.612s v=1
[625/900] Human_CLPX_orthologues_DNA_l_500_a_4.dot         e=  990 pre41 -> TIMEOUT
[625/900] Human_CLPX_orthologues_DNA_l_500_a_4.dot         e=  990 pre42 -> 66.300s v=-1
[625/900] Human_CLPX_orthologues_DNA_l_500_a_4.dot         e=  990 new   -> 64.969s v=-1
[626/900] Human_FAM53A_orthologues_AA_l_500_a_4.dot        e=  992 pre41 -> 92.728s v=-1
[626/900] Human_FAM53A_orthologues_AA_l_500_a_4.dot        e=  992 pre42 -> 30.486s v=-1
[626/900] Human_FAM53A_orthologues_AA_l_500_a_4.dot        e=  992 new   -> 29.770s v=-1
[627/900] Human_ANGPTL4_orthologues_AA_l_300_a_6.dot       e=  996 pre41 -> 63.691s v=-1
[627/900] Human_ANGPTL4_orthologues_AA_l_300_a_6.dot       e=  996 pre42 -> 23.427s v=-1
[627/900] Human_ANGPTL4_orthologues_AA_l_300_a_6.dot       e=  996 new   -> 21.993s v=-1
[628/900] Human_DCSTAMP_orthologues_AA_l_300_a_6.dot       e= 1001 pre41 -> 63.845s v=-1
[628/900] Human_DCSTAMP_orthologues_AA_l_300_a_6.dot       e= 1001 pre42 -> 23.186s v=-1
[628/900] Human_DCSTAMP_orthologues_AA_l_300_a_6.dot       e= 1001 new   -> 22.276s v=-1
[629/900] Human_CEP57L1_orthologues_DNA_k_5_l_2000_a_6.dot e= 1002 pre41 -> 15.741s v=1
[629/900] Human_CEP57L1_orthologues_DNA_k_5_l_2000_a_6.dot e= 1002 pre42 -> 14.668s v=1
[629/900] Human_CEP57L1_orthologues_DNA_k_5_l_2000_a_6.dot e= 1002 new   -> 8.903s v=1
[630/900] Human_STAU2_orthologues_AA_l_500_a_5.dot         e= 1002 pre41 -> 93.241s v=-1
[630/900] Human_STAU2_orthologues_AA_l_500_a_5.dot         e= 1002 pre42 -> 30.937s v=-1
[630/900] Human_STAU2_orthologues_AA_l_500_a_5.dot         e= 1002 new   -> 27.438s v=-1
[631/900] Human_CEP57L1_orthologues_DNA_l_500_a_4.dot      e= 1003 pre41 -> TIMEOUT
[631/900] Human_CEP57L1_orthologues_DNA_l_500_a_4.dot      e= 1003 pre42 -> 70.056s v=-1
[631/900] Human_CEP57L1_orthologues_DNA_l_500_a_4.dot      e= 1003 new   -> 67.220s v=-1
[632/900] Human_FHIP1B_orthologues_AA_l_500_a_6.dot        e= 1003 pre41 -> 98.118s v=-1
[632/900] Human_FHIP1B_orthologues_AA_l_500_a_6.dot        e= 1003 pre42 -> 32.025s v=-1
[632/900] Human_FHIP1B_orthologues_AA_l_500_a_6.dot        e= 1003 new   -> 28.388s v=-1
[633/900] Human_SHLD2_orthologues_DNA_l_500_a_6.dot        e= 1005 pre41 -> TIMEOUT
[633/900] Human_SHLD2_orthologues_DNA_l_500_a_6.dot        e= 1005 pre42 -> 65.540s v=-1
[633/900] Human_SHLD2_orthologues_DNA_l_500_a_6.dot        e= 1005 new   -> 65.441s v=-1
[634/900] Human_BTBD17_orthologues_DNA_k_5_l_2000_a_6.dot  e= 1006 pre41 -> 15.538s v=1
[634/900] Human_BTBD17_orthologues_DNA_k_5_l_2000_a_6.dot  e= 1006 pre42 -> 14.219s v=1
[634/900] Human_BTBD17_orthologues_DNA_k_5_l_2000_a_6.dot  e= 1006 new   -> 7.821s v=1
[635/900] Human_LCP1_orthologues_AA_l_500_a_4.dot          e= 1006 pre41 -> 85.935s v=-1
[635/900] Human_LCP1_orthologues_AA_l_500_a_4.dot          e= 1006 pre42 -> 28.985s v=-1
[635/900] Human_LCP1_orthologues_AA_l_500_a_4.dot          e= 1006 new   -> 27.958s v=-1
[636/900] Human_BTBD17_orthologues_DNA_k_5_l_2000_a_7.dot  e= 1008 pre41 -> 14.985s v=1
[636/900] Human_BTBD17_orthologues_DNA_k_5_l_2000_a_7.dot  e= 1008 pre42 -> 14.974s v=1
[636/900] Human_BTBD17_orthologues_DNA_k_5_l_2000_a_7.dot  e= 1008 new   -> 8.853s v=1
[637/900] Human_SLC22A2_orthologues_DNA_k_5_l_2000_a_6.dot e= 1008 pre41 -> 15.313s v=1
[637/900] Human_SLC22A2_orthologues_DNA_k_5_l_2000_a_6.dot e= 1008 pre42 -> 15.022s v=1
[637/900] Human_SLC22A2_orthologues_DNA_k_5_l_2000_a_6.dot e= 1008 new   -> 8.075s v=1
[638/900] Human_FAM53A_orthologues_DNA_l_500_a_4.dot       e= 1008 pre41 -> TIMEOUT
[638/900] Human_FAM53A_orthologues_DNA_l_500_a_4.dot       e= 1008 pre42 -> 64.632s v=-1
[638/900] Human_FAM53A_orthologues_DNA_l_500_a_4.dot       e= 1008 new   -> 58.908s v=-1
[639/900] Human_DCSTAMP_orthologues_DNA_k_5_l_2000_a_6.dot e= 1011 pre41 -> 15.081s v=1
[639/900] Human_DCSTAMP_orthologues_DNA_k_5_l_2000_a_6.dot e= 1011 pre42 -> 14.397s v=1
[639/900] Human_DCSTAMP_orthologues_DNA_k_5_l_2000_a_6.dot e= 1011 new   -> 7.754s v=1
[640/900] Human_FHIP1B_orthologues_DNA_k_5_l_2000_a_6.dot  e= 1012 pre41 -> 15.804s v=1
[640/900] Human_FHIP1B_orthologues_DNA_k_5_l_2000_a_6.dot  e= 1012 pre42 -> 14.738s v=1
[640/900] Human_FHIP1B_orthologues_DNA_k_5_l_2000_a_6.dot  e= 1012 new   -> 8.417s v=1
[641/900] Human_GGT6_orthologues_DNA_k_5_l_2000_a_6.dot    e= 1016 pre41 -> 15.667s v=1
[641/900] Human_GGT6_orthologues_DNA_k_5_l_2000_a_6.dot    e= 1016 pre42 -> 14.586s v=1
[641/900] Human_GGT6_orthologues_DNA_k_5_l_2000_a_6.dot    e= 1016 new   -> 8.229s v=1
[642/900] Human_TRAM1_orthologues_AA_k_3_l_2000_a_7.dot    e= 1016 pre41 -> 10.463s v=1
[642/900] Human_TRAM1_orthologues_AA_k_3_l_2000_a_7.dot    e= 1016 pre42 -> 6.468s v=1
[642/900] Human_TRAM1_orthologues_AA_k_3_l_2000_a_7.dot    e= 1016 new   -> 6.322s v=1
[643/900] Human_DCSTAMP_orthologues_DNA_k_5_l_2000_a_7.dot e= 1019 pre41 -> 16.041s v=1
[643/900] Human_DCSTAMP_orthologues_DNA_k_5_l_2000_a_7.dot e= 1019 pre42 -> 15.173s v=1
[643/900] Human_DCSTAMP_orthologues_DNA_k_5_l_2000_a_7.dot e= 1019 new   -> 8.515s v=1
[644/900] Human_LCP1_orthologues_DNA_k_5_l_2000_a_6.dot    e= 1019 pre41 -> 15.302s v=1
[644/900] Human_LCP1_orthologues_DNA_k_5_l_2000_a_6.dot    e= 1019 pre42 -> 13.850s v=1
[644/900] Human_LCP1_orthologues_DNA_k_5_l_2000_a_6.dot    e= 1019 new   -> 7.145s v=1
[645/900] Human_SLC22A2_orthologues_DNA_k_5_l_2000_a_7.dot e= 1019 pre41 -> 15.644s v=1
[645/900] Human_SLC22A2_orthologues_DNA_k_5_l_2000_a_7.dot e= 1019 pre42 -> 15.084s v=1
[645/900] Human_SLC22A2_orthologues_DNA_k_5_l_2000_a_7.dot e= 1019 new   -> 7.593s v=1
[646/900] Human_CLPX_orthologues_AA_l_500_a_5.dot          e= 1019 pre41 -> 93.447s v=-1
[646/900] Human_CLPX_orthologues_AA_l_500_a_5.dot          e= 1019 pre42 -> 31.342s v=-1
[646/900] Human_CLPX_orthologues_AA_l_500_a_5.dot          e= 1019 new   -> 28.837s v=-1
[647/900] Human_SHLD2_orthologues_DNA_k_5_l_2000_a_6.dot   e= 1020 pre41 -> 15.349s v=1
[647/900] Human_SHLD2_orthologues_DNA_k_5_l_2000_a_6.dot   e= 1020 pre42 -> 15.637s v=1
[647/900] Human_SHLD2_orthologues_DNA_k_5_l_2000_a_6.dot   e= 1020 new   -> 9.133s v=1
[648/900] Human_CEP57L1_orthologues_DNA_k_5_l_2000_a_7.dot e= 1021 pre41 -> 15.575s v=1
[648/900] Human_CEP57L1_orthologues_DNA_k_5_l_2000_a_7.dot e= 1021 pre42 -> 14.323s v=1
[648/900] Human_CEP57L1_orthologues_DNA_k_5_l_2000_a_7.dot e= 1021 new   -> 8.178s v=1
[649/900] Human_ELSPBP1_orthologues_AA_k_5_l_2000_a_8.dot  e= 1021 pre41 -> TIMEOUT
[649/900] Human_ELSPBP1_orthologues_AA_k_5_l_2000_a_8.dot  e= 1021 pre42 -> 72.769s v=0
[649/900] Human_ELSPBP1_orthologues_AA_k_5_l_2000_a_8.dot  e= 1021 new   -> 68.851s v=0
[650/900] Human_BTBD17_orthologues_DNA_k_5_l_2000_a_8.dot  e= 1022 pre41 -> 15.257s v=1
[650/900] Human_BTBD17_orthologues_DNA_k_5_l_2000_a_8.dot  e= 1022 pre42 -> 15.217s v=1
[650/900] Human_BTBD17_orthologues_DNA_k_5_l_2000_a_8.dot  e= 1022 new   -> 7.778s v=1
[651/900] Human_FHIP1B_orthologues_DNA_k_5_l_2000_a_7.dot  e= 1022 pre41 -> 15.751s v=1
[651/900] Human_FHIP1B_orthologues_DNA_k_5_l_2000_a_7.dot  e= 1022 pre42 -> 15.386s v=1
[651/900] Human_FHIP1B_orthologues_DNA_k_5_l_2000_a_7.dot  e= 1022 new   -> 8.652s v=1
[652/900] Human_LCP1_orthologues_DNA_k_5_l_2000_a_7.dot    e= 1022 pre41 -> 15.198s v=1
[652/900] Human_LCP1_orthologues_DNA_k_5_l_2000_a_7.dot    e= 1022 pre42 -> 14.839s v=1
[652/900] Human_LCP1_orthologues_DNA_k_5_l_2000_a_7.dot    e= 1022 new   -> 7.099s v=1
[653/900] Human_STAU2_orthologues_DNA_k_5_l_2000_a_6.dot   e= 1023 pre41 -> 15.596s v=1
[653/900] Human_STAU2_orthologues_DNA_k_5_l_2000_a_6.dot   e= 1023 pre42 -> 15.096s v=1
[653/900] Human_STAU2_orthologues_DNA_k_5_l_2000_a_6.dot   e= 1023 new   -> 9.019s v=1
[654/900] Human_LCP1_orthologues_DNA_k_5_l_2000_a_8.dot    e= 1024 pre41 -> 15.403s v=1
[654/900] Human_LCP1_orthologues_DNA_k_5_l_2000_a_8.dot    e= 1024 pre42 -> 14.625s v=1
[654/900] Human_LCP1_orthologues_DNA_k_5_l_2000_a_8.dot    e= 1024 new   -> 7.538s v=1
[655/900] Human_CEP57L1_orthologues_DNA_k_5_l_2000_a_8.dot e= 1025 pre41 -> 15.725s v=1
[655/900] Human_CEP57L1_orthologues_DNA_k_5_l_2000_a_8.dot e= 1025 pre42 -> 14.255s v=1
[655/900] Human_CEP57L1_orthologues_DNA_k_5_l_2000_a_8.dot e= 1025 new   -> 8.057s v=1
[656/900] Human_DCSTAMP_orthologues_DNA_k_5_l_2000_a_8.dot e= 1026 pre41 -> 15.333s v=1
[656/900] Human_DCSTAMP_orthologues_DNA_k_5_l_2000_a_8.dot e= 1026 pre42 -> 15.397s v=1
[656/900] Human_DCSTAMP_orthologues_DNA_k_5_l_2000_a_8.dot e= 1026 new   -> 8.097s v=1
[657/900] Human_GGT6_orthologues_DNA_k_5_l_2000_a_7.dot    e= 1026 pre41 -> 16.048s v=1
[657/900] Human_GGT6_orthologues_DNA_k_5_l_2000_a_7.dot    e= 1026 pre42 -> 15.820s v=1
[657/900] Human_GGT6_orthologues_DNA_k_5_l_2000_a_7.dot    e= 1026 new   -> 8.288s v=1
[658/900] Human_SHLD2_orthologues_DNA_l_500_a_4.dot        e= 1028 pre41 -> TIMEOUT
[658/900] Human_SHLD2_orthologues_DNA_l_500_a_4.dot        e= 1028 pre42 -> 75.058s v=-1
[658/900] Human_SHLD2_orthologues_DNA_l_500_a_4.dot        e= 1028 new   -> 69.114s v=-1
[659/900] Human_SHLD2_orthologues_DNA_l_500_a_5.dot        e= 1028 pre41 -> TIMEOUT
[659/900] Human_SHLD2_orthologues_DNA_l_500_a_5.dot        e= 1028 pre42 -> 72.669s v=-1
[659/900] Human_SHLD2_orthologues_DNA_l_500_a_5.dot        e= 1028 new   -> 73.259s v=-1
[660/900] Human_FHIP1B_orthologues_DNA_k_5_l_2000_a_8.dot  e= 1029 pre41 -> 16.189s v=1
[660/900] Human_FHIP1B_orthologues_DNA_k_5_l_2000_a_8.dot  e= 1029 pre42 -> 15.805s v=1
[660/900] Human_FHIP1B_orthologues_DNA_k_5_l_2000_a_8.dot  e= 1029 new   -> 8.667s v=1
[661/900] Human_SLC38A9_orthologues_DNA_k_5_l_2000_a_6.dot e= 1029 pre41 -> 15.514s v=1
[661/900] Human_SLC38A9_orthologues_DNA_k_5_l_2000_a_6.dot e= 1029 pre42 -> 14.724s v=1
[661/900] Human_SLC38A9_orthologues_DNA_k_5_l_2000_a_6.dot e= 1029 new   -> 7.744s v=1
[662/900] Human_SLC22A2_orthologues_DNA_k_5_l_2000_a_8.dot e= 1030 pre41 -> 16.648s v=1
[662/900] Human_SLC22A2_orthologues_DNA_k_5_l_2000_a_8.dot e= 1030 pre42 -> 15.847s v=1
[662/900] Human_SLC22A2_orthologues_DNA_k_5_l_2000_a_8.dot e= 1030 new   -> 9.104s v=1
[663/900] Human_CLPX_orthologues_DNA_k_5_l_2000_a_6.dot    e= 1031 pre41 -> 16.114s v=1
[663/900] Human_CLPX_orthologues_DNA_k_5_l_2000_a_6.dot    e= 1031 pre42 -> 15.273s v=1
[663/900] Human_CLPX_orthologues_DNA_k_5_l_2000_a_6.dot    e= 1031 new   -> 8.052s v=1
[664/900] Human_SHLD2_orthologues_DNA_k_5_l_2000_a_7.dot   e= 1032 pre41 -> 15.736s v=1
[664/900] Human_SHLD2_orthologues_DNA_k_5_l_2000_a_7.dot   e= 1032 pre42 -> 15.041s v=1
[664/900] Human_SHLD2_orthologues_DNA_k_5_l_2000_a_7.dot   e= 1032 new   -> 8.283s v=1
[665/900] Human_STAU2_orthologues_DNA_k_5_l_2000_a_7.dot   e= 1032 pre41 -> 15.492s v=1
[665/900] Human_STAU2_orthologues_DNA_k_5_l_2000_a_7.dot   e= 1032 pre42 -> 15.572s v=1
[665/900] Human_STAU2_orthologues_DNA_k_5_l_2000_a_7.dot   e= 1032 new   -> 7.819s v=1
[666/900] Human_SLC38A9_orthologues_DNA_k_5_l_2000_a_7.dot e= 1033 pre41 -> 15.328s v=1
[666/900] Human_SLC38A9_orthologues_DNA_k_5_l_2000_a_7.dot e= 1033 pre42 -> 14.304s v=1
[666/900] Human_SLC38A9_orthologues_DNA_k_5_l_2000_a_7.dot e= 1033 new   -> 7.409s v=1
[667/900] Human_GGT6_orthologues_DNA_k_5_l_2000_a_8.dot    e= 1034 pre41 -> 15.564s v=1
[667/900] Human_GGT6_orthologues_DNA_k_5_l_2000_a_8.dot    e= 1034 pre42 -> 14.921s v=1
[667/900] Human_GGT6_orthologues_DNA_k_5_l_2000_a_8.dot    e= 1034 new   -> 8.322s v=1
[668/900] Human_STAU2_orthologues_DNA_k_5_l_2000_a_8.dot   e= 1034 pre41 -> 15.778s v=1
[668/900] Human_STAU2_orthologues_DNA_k_5_l_2000_a_8.dot   e= 1034 pre42 -> 14.934s v=1
[668/900] Human_STAU2_orthologues_DNA_k_5_l_2000_a_8.dot   e= 1034 new   -> 7.824s v=1
[669/900] Human_GGT6_orthologues_DNA_l_500_a_4.dot         e= 1035 pre41 -> TIMEOUT
[669/900] Human_GGT6_orthologues_DNA_l_500_a_4.dot         e= 1035 pre42 -> 75.373s v=-1
[669/900] Human_GGT6_orthologues_DNA_l_500_a_4.dot         e= 1035 new   -> 70.623s v=-1
[670/900] Human_CLPX_orthologues_DNA_k_5_l_2000_a_7.dot    e= 1038 pre41 -> 15.894s v=1
[670/900] Human_CLPX_orthologues_DNA_k_5_l_2000_a_7.dot    e= 1038 pre42 -> 14.823s v=1
[670/900] Human_CLPX_orthologues_DNA_k_5_l_2000_a_7.dot    e= 1038 new   -> 8.041s v=1
[671/900] Human_DOCK4_orthologues_DNA_k_5_l_2000_a_6.dot   e= 1038 pre41 -> 16.399s v=1
[671/900] Human_DOCK4_orthologues_DNA_k_5_l_2000_a_6.dot   e= 1038 pre42 -> 15.123s v=1
[671/900] Human_DOCK4_orthologues_DNA_k_5_l_2000_a_6.dot   e= 1038 new   -> 7.964s v=1
[672/900] Human_SLC38A9_orthologues_DNA_k_5_l_2000_a_8.dot e= 1038 pre41 -> 15.346s v=1
[672/900] Human_SLC38A9_orthologues_DNA_k_5_l_2000_a_8.dot e= 1038 pre42 -> 14.955s v=1
[672/900] Human_SLC38A9_orthologues_DNA_k_5_l_2000_a_8.dot e= 1038 new   -> 7.902s v=1
[673/900] Human_CLPX_orthologues_DNA_k_5_l_2000_a_8.dot    e= 1039 pre41 -> 15.482s v=1
[673/900] Human_CLPX_orthologues_DNA_k_5_l_2000_a_8.dot    e= 1039 pre42 -> 15.016s v=1
[673/900] Human_CLPX_orthologues_DNA_k_5_l_2000_a_8.dot    e= 1039 new   -> 8.463s v=1
[674/900] Human_TRPC1_orthologues_DNA_k_5_l_2000_a_6.dot   e= 1039 pre41 -> 16.182s v=1
[674/900] Human_TRPC1_orthologues_DNA_k_5_l_2000_a_6.dot   e= 1039 pre42 -> 15.070s v=1
[674/900] Human_TRPC1_orthologues_DNA_k_5_l_2000_a_6.dot   e= 1039 new   -> 8.327s v=1
[675/900] Human_ZRANB3_orthologues_DNA_k_5_l_2000_a_6.dot  e= 1040 pre41 -> 16.132s v=1
[675/900] Human_ZRANB3_orthologues_DNA_k_5_l_2000_a_6.dot  e= 1040 pre42 -> 15.734s v=1
[675/900] Human_ZRANB3_orthologues_DNA_k_5_l_2000_a_6.dot  e= 1040 new   -> 8.609s v=1
[676/900] Human_SPA17_orthologues_AA_k_3_l_2000_a_6.dot    e= 1040 pre41 -> 9.252s v=1
[676/900] Human_SPA17_orthologues_AA_k_3_l_2000_a_6.dot    e= 1040 pre42 -> 6.255s v=1
[676/900] Human_SPA17_orthologues_AA_k_3_l_2000_a_6.dot    e= 1040 new   -> 4.478s v=1
[677/900] Human_DOCK4_orthologues_DNA_k_5_l_2000_a_7.dot   e= 1041 pre41 -> 15.733s v=1
[677/900] Human_DOCK4_orthologues_DNA_k_5_l_2000_a_7.dot   e= 1041 pre42 -> 15.235s v=1
[677/900] Human_DOCK4_orthologues_DNA_k_5_l_2000_a_7.dot   e= 1041 new   -> 7.753s v=1
[678/900] Human_SHLD2_orthologues_DNA_k_5_l_2000_a_8.dot   e= 1042 pre41 -> 16.121s v=1
[678/900] Human_SHLD2_orthologues_DNA_k_5_l_2000_a_8.dot   e= 1042 pre42 -> 15.285s v=1
[678/900] Human_SHLD2_orthologues_DNA_k_5_l_2000_a_8.dot   e= 1042 new   -> 8.556s v=1
[679/900] Human_ZRANB3_orthologues_DNA_k_5_l_2000_a_7.dot  e= 1044 pre41 -> 16.143s v=1
[679/900] Human_ZRANB3_orthologues_DNA_k_5_l_2000_a_7.dot  e= 1044 pre42 -> 16.195s v=1
[679/900] Human_ZRANB3_orthologues_DNA_k_5_l_2000_a_7.dot  e= 1044 new   -> 9.176s v=1
[680/900] Human_TRPC1_orthologues_DNA_k_5_l_2000_a_7.dot   e= 1045 pre41 -> 17.000s v=1
[680/900] Human_TRPC1_orthologues_DNA_k_5_l_2000_a_7.dot   e= 1045 pre42 -> 16.345s v=1
[680/900] Human_TRPC1_orthologues_DNA_k_5_l_2000_a_7.dot   e= 1045 new   -> 8.757s v=1
[681/900] Human_DOCK4_orthologues_DNA_k_5_l_2000_a_8.dot   e= 1046 pre41 -> 16.149s v=1
[681/900] Human_DOCK4_orthologues_DNA_k_5_l_2000_a_8.dot   e= 1046 pre42 -> 15.815s v=1
[681/900] Human_DOCK4_orthologues_DNA_k_5_l_2000_a_8.dot   e= 1046 new   -> 8.433s v=1
[682/900] Human_ZRANB3_orthologues_DNA_k_5_l_2000_a_8.dot  e= 1047 pre41 -> 16.716s v=1
[682/900] Human_ZRANB3_orthologues_DNA_k_5_l_2000_a_8.dot  e= 1047 pre42 -> 15.771s v=1
[682/900] Human_ZRANB3_orthologues_DNA_k_5_l_2000_a_8.dot  e= 1047 new   -> 8.527s v=1
[683/900] Human_TRPC1_orthologues_DNA_k_5_l_2000_a_8.dot   e= 1049 pre41 -> 16.402s v=1
[683/900] Human_TRPC1_orthologues_DNA_k_5_l_2000_a_8.dot   e= 1049 pre42 -> 16.302s v=1
[683/900] Human_TRPC1_orthologues_DNA_k_5_l_2000_a_8.dot   e= 1049 new   -> 8.217s v=1
[684/900] Human_TRAM1_orthologues_AA_k_3_l_2000_a_8.dot    e= 1057 pre41 -> 9.394s v=1
[684/900] Human_TRAM1_orthologues_AA_k_3_l_2000_a_8.dot    e= 1057 pre42 -> 6.505s v=1
[684/900] Human_TRAM1_orthologues_AA_k_3_l_2000_a_8.dot    e= 1057 new   -> 5.459s v=1
[685/900] Human_BTBD17_orthologues_DNA_l_500_a_5.dot       e= 1058 pre41 -> TIMEOUT
[685/900] Human_BTBD17_orthologues_DNA_l_500_a_5.dot       e= 1058 pre42 -> 73.273s v=-1
[685/900] Human_BTBD17_orthologues_DNA_l_500_a_5.dot       e= 1058 new   -> 66.117s v=-1
[686/900] Human_ZRANB3_orthologues_DNA_l_500_a_4.dot       e= 1058 pre41 -> TIMEOUT
[686/900] Human_ZRANB3_orthologues_DNA_l_500_a_4.dot       e= 1058 pre42 -> 73.856s v=-1
[686/900] Human_ZRANB3_orthologues_DNA_l_500_a_4.dot       e= 1058 new   -> 73.408s v=-1
[687/900] Human_FAM53A_orthologues_AA_k_3_l_2000_a_6.dot   e= 1064 pre41 -> 9.918s v=1
[687/900] Human_FAM53A_orthologues_AA_k_3_l_2000_a_6.dot   e= 1064 pre42 -> 7.497s v=1
[687/900] Human_FAM53A_orthologues_AA_k_3_l_2000_a_6.dot   e= 1064 new   -> 5.169s v=1
[688/900] Human_CLPX_orthologues_AA_l_500_a_6.dot          e= 1064 pre41 -> 107.791s v=-1
[688/900] Human_CLPX_orthologues_AA_l_500_a_6.dot          e= 1064 pre42 -> 34.477s v=-1
[688/900] Human_CLPX_orthologues_AA_l_500_a_6.dot          e= 1064 new   -> 30.511s v=-1
[689/900] Human_GGT6_orthologues_AA_l_500_a_4.dot          e= 1073 pre41 -> TIMEOUT
[689/900] Human_GGT6_orthologues_AA_l_500_a_4.dot          e= 1073 pre42 -> 36.854s v=-1
[689/900] Human_GGT6_orthologues_AA_l_500_a_4.dot          e= 1073 new   -> 35.832s v=-1
[690/900] Human_LCP1_orthologues_AA_l_500_a_5.dot          e= 1074 pre41 -> 100.117s v=-1
[690/900] Human_LCP1_orthologues_AA_l_500_a_5.dot          e= 1074 pre42 -> 32.526s v=-1
[690/900] Human_LCP1_orthologues_AA_l_500_a_5.dot          e= 1074 new   -> 28.821s v=-1
[691/900] Human_CEP57L1_orthologues_DNA_l_500_a_5.dot      e= 1086 pre41 -> TIMEOUT
[691/900] Human_CEP57L1_orthologues_DNA_l_500_a_5.dot      e= 1086 pre42 -> 80.149s v=-1
[691/900] Human_CEP57L1_orthologues_DNA_l_500_a_5.dot      e= 1086 new   -> 82.072s v=-1
[692/900] Human_TRPC1_orthologues_AA_l_500_a_6.dot         e= 1098 pre41 -> TIMEOUT
[692/900] Human_TRPC1_orthologues_AA_l_500_a_6.dot         e= 1098 pre42 -> 41.354s v=-1
[692/900] Human_TRPC1_orthologues_AA_l_500_a_6.dot         e= 1098 new   -> 39.693s v=-1
[693/900] Human_DCSTAMP_orthologues_DNA_l_500_a_4.dot      e= 1114 pre41 -> TIMEOUT
[693/900] Human_DCSTAMP_orthologues_DNA_l_500_a_4.dot      e= 1114 pre42 -> 88.582s v=-1
[693/900] Human_DCSTAMP_orthologues_DNA_l_500_a_4.dot      e= 1114 new   -> 87.236s v=-1
[694/900] Human_BTBD17_orthologues_AA_l_500_a_4.dot        e= 1116 pre41 -> TIMEOUT
[694/900] Human_BTBD17_orthologues_AA_l_500_a_4.dot        e= 1116 pre42 -> 39.415s v=-1
[694/900] Human_BTBD17_orthologues_AA_l_500_a_4.dot        e= 1116 new   -> 37.660s v=-1
[695/900] Human_LCP1_orthologues_AA_l_500_a_6.dot          e= 1131 pre41 -> 117.070s v=-1
[695/900] Human_LCP1_orthologues_AA_l_500_a_6.dot          e= 1131 pre42 -> 36.921s v=-1
[695/900] Human_LCP1_orthologues_AA_l_500_a_6.dot          e= 1131 new   -> 35.793s v=-1
[696/900] Human_TRAM1_orthologues_DNA_l_500_a_4.dot        e= 1134 pre41 -> TIMEOUT
[696/900] Human_TRAM1_orthologues_DNA_l_500_a_4.dot        e= 1134 pre42 -> 89.081s v=-1
[696/900] Human_TRAM1_orthologues_DNA_l_500_a_4.dot        e= 1134 new   -> 92.036s v=-1
[697/900] Human_LCP1_orthologues_DNA_l_500_a_4.dot         e= 1143 pre41 -> TIMEOUT
[697/900] Human_LCP1_orthologues_DNA_l_500_a_4.dot         e= 1143 pre42 -> 90.623s v=-1
[697/900] Human_LCP1_orthologues_DNA_l_500_a_4.dot         e= 1143 new   -> 87.333s v=-1
[698/900] Human_BTBD17_orthologues_DNA_l_500_a_6.dot       e= 1147 pre41 -> TIMEOUT
[698/900] Human_BTBD17_orthologues_DNA_l_500_a_6.dot       e= 1147 pre42 -> 85.380s v=-1
[698/900] Human_BTBD17_orthologues_DNA_l_500_a_6.dot       e= 1147 new   -> 83.453s v=-1
[699/900] Human_FAM53A_orthologues_AA_l_500_a_5.dot        e= 1149 pre41 -> TIMEOUT
[699/900] Human_FAM53A_orthologues_AA_l_500_a_5.dot        e= 1149 pre42 -> 42.568s v=-1
[699/900] Human_FAM53A_orthologues_AA_l_500_a_5.dot        e= 1149 new   -> 41.090s v=-1
[700/900] Human_SPA17_orthologues_AA_k_3_l_2000_a_7.dot    e= 1161 pre41 -> 10.108s v=1
[700/900] Human_SPA17_orthologues_AA_k_3_l_2000_a_7.dot    e= 1161 pre42 -> 7.073s v=1
[700/900] Human_SPA17_orthologues_AA_k_3_l_2000_a_7.dot    e= 1161 new   -> 4.976s v=1
[701/900] Human_TRAM1_orthologues_DNA_l_500_a_5.dot        e= 1162 pre41 -> TIMEOUT
[701/900] Human_TRAM1_orthologues_DNA_l_500_a_5.dot        e= 1162 pre42 -> 92.327s v=-1
[701/900] Human_TRAM1_orthologues_DNA_l_500_a_5.dot        e= 1162 new   -> 79.143s v=-1
[702/900] Human_ZRANB3_orthologues_DNA_l_500_a_5.dot       e= 1170 pre41 -> TIMEOUT
[702/900] Human_ZRANB3_orthologues_DNA_l_500_a_5.dot       e= 1170 pre42 -> 93.061s v=-1
[702/900] Human_ZRANB3_orthologues_DNA_l_500_a_5.dot       e= 1170 new   -> 92.174s v=-1
[703/900] Human_TRAM1_orthologues_AA_k_4_l_2000_a_6.dot    e= 1171 pre41 -> TIMEOUT
[703/900] Human_TRAM1_orthologues_AA_k_4_l_2000_a_6.dot    e= 1171 pre42 -> 80.854s v=0
[703/900] Human_TRAM1_orthologues_AA_k_4_l_2000_a_6.dot    e= 1171 new   -> 74.920s v=0
[704/900] Human_FAM53A_orthologues_AA_k_3_l_2000_a_7.dot   e= 1174 pre41 -> 11.923s v=1
[704/900] Human_FAM53A_orthologues_AA_k_3_l_2000_a_7.dot   e= 1174 pre42 -> 8.210s v=1
[704/900] Human_FAM53A_orthologues_AA_k_3_l_2000_a_7.dot   e= 1174 new   -> 5.460s v=1
[705/900] Human_TRAM1_orthologues_DNA_l_500_a_6.dot        e= 1176 pre41 -> TIMEOUT
[705/900] Human_TRAM1_orthologues_DNA_l_500_a_6.dot        e= 1176 pre42 -> 94.214s v=-1
[705/900] Human_TRAM1_orthologues_DNA_l_500_a_6.dot        e= 1176 new   -> 94.162s v=-1
[706/900] Human_DCSTAMP_orthologues_DNA_l_500_a_5.dot      e= 1177 pre41 -> TIMEOUT
[706/900] Human_DCSTAMP_orthologues_DNA_l_500_a_5.dot      e= 1177 pre42 -> 99.773s v=-1
[706/900] Human_DCSTAMP_orthologues_DNA_l_500_a_5.dot      e= 1177 new   -> 99.252s v=-1
[707/900] Human_ANGPTL4_orthologues_AA_l_500_a_4.dot       e= 1182 pre41 -> TIMEOUT
[707/900] Human_ANGPTL4_orthologues_AA_l_500_a_4.dot       e= 1182 pre42 -> 48.349s v=-1
[707/900] Human_ANGPTL4_orthologues_AA_l_500_a_4.dot       e= 1182 new   -> 47.891s v=-1
[708/900] Human_CLPX_orthologues_DNA_l_500_a_5.dot         e= 1187 pre41 -> TIMEOUT
[708/900] Human_CLPX_orthologues_DNA_l_500_a_5.dot         e= 1187 pre42 -> 102.124s v=-1
[708/900] Human_CLPX_orthologues_DNA_l_500_a_5.dot         e= 1187 new   -> 99.611s v=-1
[709/900] Human_ZRANB3_orthologues_AA_l_500_a_4.dot        e= 1190 pre41 -> TIMEOUT
[709/900] Human_ZRANB3_orthologues_AA_l_500_a_4.dot        e= 1190 pre42 -> 47.191s v=-1
[709/900] Human_ZRANB3_orthologues_AA_l_500_a_4.dot        e= 1190 new   -> 47.624s v=-1
[710/900] Human_SPA17_orthologues_AA_k_3_l_2000_a_8.dot    e= 1200 pre41 -> 11.029s v=1
[710/900] Human_SPA17_orthologues_AA_k_3_l_2000_a_8.dot    e= 1200 pre42 -> 7.422s v=1
[710/900] Human_SPA17_orthologues_AA_k_3_l_2000_a_8.dot    e= 1200 new   -> 5.183s v=1
[711/900] Human_ANGPTL4_orthologues_DNA_l_500_a_4.dot      e= 1200 pre41 -> TIMEOUT
[711/900] Human_ANGPTL4_orthologues_DNA_l_500_a_4.dot      e= 1200 pre42 -> 109.931s v=-1
[711/900] Human_ANGPTL4_orthologues_DNA_l_500_a_4.dot      e= 1200 new   -> 114.815s v=-1
[712/900] Human_FAM53A_orthologues_DNA_l_500_a_5.dot       e= 1206 pre41 -> TIMEOUT
[712/900] Human_FAM53A_orthologues_DNA_l_500_a_5.dot       e= 1206 pre42 -> 97.611s v=-1
[712/900] Human_FAM53A_orthologues_DNA_l_500_a_5.dot       e= 1206 new   -> 97.799s v=-1
[713/900] Human_SHLD2_orthologues_AA_l_500_a_4.dot         e= 1216 pre41 -> TIMEOUT
[713/900] Human_SHLD2_orthologues_AA_l_500_a_4.dot         e= 1216 pre42 -> TIMEOUT
[713/900] Human_SHLD2_orthologues_AA_l_500_a_4.dot         e= 1216 new   -> TIMEOUT
[714/900] Human_SHLD2_orthologues_AA_l_500_a_5.dot         e= 1224 pre41 -> TIMEOUT
[714/900] Human_SHLD2_orthologues_AA_l_500_a_5.dot         e= 1224 pre42 -> TIMEOUT
[714/900] Human_SHLD2_orthologues_AA_l_500_a_5.dot         e= 1224 new   -> TIMEOUT
[715/900] Human_ZRANB3_orthologues_DNA_l_500_a_6.dot       e= 1232 pre41 -> TIMEOUT
[715/900] Human_ZRANB3_orthologues_DNA_l_500_a_6.dot       e= 1232 pre42 -> 108.058s v=-1
[715/900] Human_ZRANB3_orthologues_DNA_l_500_a_6.dot       e= 1232 new   -> 103.258s v=-1
[716/900] Human_LCP1_orthologues_DNA_l_500_a_5.dot         e= 1233 pre41 -> TIMEOUT
[716/900] Human_LCP1_orthologues_DNA_l_500_a_5.dot         e= 1233 pre42 -> 111.446s v=-1
[716/900] Human_LCP1_orthologues_DNA_l_500_a_5.dot         e= 1233 new   -> 115.148s v=-1
[717/900] Human_SLC38A9_orthologues_DNA_l_500_a_4.dot      e= 1234 pre41 -> TIMEOUT
